/*--------------------------------*- C++ -*----------------------------------*\
| =========                 |                                                 |
| \\      /  F ield         | OpenFOAM: The Open Source CFD Toolbox           |
|  \\    /   O peration     | Version:  2412                                  |
|   \\  /    A nd           | Website:  www.openfoam.com                      |
|    \\/     M anipulation  |                                                 |
\*---------------------------------------------------------------------------*/
FoamFile
{
    version     2.0;
    format      ascii;
    arch        "LSB;label=32;scalar=64";
    class       pointScalarField;
    location    "0";
    object      WallThickness;
}
// * * * * * * * * * * * * * * * * * * * * * * * * * * * * * * * * * * * * * //

dimensions      [0 1 0 0 0 0 0];

internalField   nonuniform List<scalar> 
189222
(
0
0
0
0
0
0
0
0
0
0
0
0
0
0
0
0
0
0
0
0
0
0
0
0
0
0
0
0
0
0
0
0
0
0
0
0
0
0
0
0
0
0
0
0
0
0
0
0
0
0
0
0
0
0
0
0
0
0
0
0
0
0
0
0
0
0
0
0
0
0
0
0
0
0
0
0
0
0
0
0
0
0
0
0
0
0
0
0
0
0
0
0
0
0
0
0
0
0
0
0
0
0
0
0
0
0
0
0
0
0
0
0
0
0
0
0
0
0
0
0
0
0
0
0
0
0
0
0
0
0
0
0
0
0
0
0
0
0
0
0
0
0
0
0
0
0
0
0
0
0
0
0
0
0
0
0
0
0
0
0
0
0
0
0
0
0
0
0
0
0
0
0
0
0
0
0
0
0
0
0
0
0
0
0
0
0
0
0
0
0
0
0
0
0
0
0
0
0
0
0
0
0
0
0
0
0
0
0
0
0
0
0
0
0
0
0
0
0
0
0
0
0
0
0
0
0
0
0
0
0
0
0
0
0
0
0
0
0
0
0
0
0
0
0
0
0
0
0
0
0
0
0
0
0
0
0
0
0
0
0
0
0
0
0
0
0
0
0
0
0
0
0
0
0
0
0
0
0
0
0
0
0
0
0
0
0
0
0
0
0
0
0
0
0
0
0
0
0
0
0
0
0
0
0
0
0
0
0
0
0
0
0
0
0
0
0
0
0
0
0
0
0
0
0
0
0
0
0
0
0
0
0
0
0
0
0
0
0
0
0
0
0
0
0
0
0
0
0
0
0
0
0
0
0
0
0
0
0
0
0
0
0
0
0
0
0
0
0
0
0
0
0
0
0
0
0
0
0
0
0
0
0
0
0
0
0
0
0
0
0
0
0
0
0
0
0
0
0
0
0
0
0
0
0
0
0
0
0
0
0
0
0
0
0
0
0
0
0
0
0
0
0
0
0
0
0
0
0
0
0
0
0
0
0
0
0
0
0
0
0
0
0
0
0
0
0
0
0
0
0
0
0
0
0
0
0
0
0
0
0
0
0
0
0
0
0
0
0
0
0
0
0
0
0
0
0
0
0
0
0
0
0
0
0
0
0
0
0
0
0
0
0
0
0
0
0
0
0
0
0
0
0
0
0
0
0
0
0
0
0
0
0
0
0
0
0
0
0
0
0
0
0
0
0
0
0
0
0
0
0
0
0
0
0
0
0
0
0
0
0
0
0
0
0
0
0
0
0
0
0
0
0
0
0
0
0
0
0
0
0
0
0
0
0
0
0
0
0
0
0
0
0
0
0
0
0
0
0
0
0
0
0
0
0
0
0
0
0
0
0
0
0
0
0
0
0
0
0
0
0
0
0
0
0
0
0
0
0
0
0
0
0
0
0
0
0
0
0
0
0
0
0
0
0
0
0
0
0
0
0
0
0
0
0
0
0
0
0
0
0
0
0
0
0
0
0
0
0
0
0
0
0
0
0
0
0
0
0
0
0
0
0
0
0
0
0
0
0
0
0
0
0
0
0
0
0
0
0
0
0
0
0
0
0
0
0
0
0
0
0
0
0
0
0
0
0
0
0
0
0
0
0
0
0
0
0
0
0
0
0
0
0
0
0
0
0
0
0
0
0
0
0
0
0
0
0
0
0
0
0
0
0
0
0
0
0
0
0
0
0
0
0
0
0
0
0
0
0
0
0
0
0
0
0
0
0
0
0
0
0
0
0
0
0
0
0
0
0
0
0
0
0
0
0
0
0
0
0
0
0
0
0
0
0
0
0
0
0
0
0
0
0
0
0
0
0
0
0
0
0
0
0
0
0
0
0
0
0
0
0
0
0
0
0
0
0
0
0
0
0
0
0
0
0
0
0
0
0
0
0
0
0
0
0
0
0
0
0
0
0
0
0
0
0
0
0
0
0
0
0
0
0
0
0
0
0
0
0
0
0
0
0
0
0
0
0
0
0
0
0
0
0
0
0
0
0
0
0
0
0
0
0
0
0
0
0
0
0
0
0
0
0
0
0
0
0
0
0
0
0
0
0
0
0
0
0
0
0
0
0
0
0
0
0
0
0
0
0
0
0
0
0
0
0
0
0
0
0
0
0
0
0
0
0
0
0
0
0
0
0
0
0
0
0
0
0
0
0
0
0
0
0
0
0
0
0
0
0
0
0
0
0
0
0
0
0
0
0
0
0
0
0
0
0
0
0
0
0
0
0
0
0
0
0
0
0
0
0
0
0
0
0
0
0
0
0
0
0
0
0
0
0
0
0
0
0
0
0
0
0
0
0
0
0
0
0
0
0
0
0
0
0
0
0
0
0
0
0
0
0
0
0
0
0
0
0
0
0
0
0
0
0
0
0
0
0
0
0
0
0
0
0
0
0
0
0
0
0
0
0
0
0
0
0
0
0
0
0
0
0
0
0
0
0
0
0
0
0
0
0
0
0
0
0
0
0
0
0
0
0
0
0
0
0
0
0
0
0
0
0
0
0
0
0
0
0
0
0
0
0
0
0
0
0
0
0
0
0
0
0
0
0
0
0
0
0
0
0
0
0
0
0
0
0
0
0
0
0
0
0
0
0
0
0
0
0
0
0
0
0
0
0
0
0
0
0
0
0
0
0
0
0
0
0
0
0
0
0
0
0
0
0
0
0
0
0
0
0
0
0
0
0
0
0
0
0
0
0
0
0
0
0
0
0
0
0
0
0
0
0
0
0
0
0
0
0
0
0
0
0
0
0
0
0
0
0
0
0
0
0
0
0
0
0
0
0
0
0
0
0
0
0
0
0
0
0
0
0
0
0
0
0
0
0
0
0
0
0
0
0
0
0
0
0
0
0
0
0
0
0
0
0
0
0
0
0
0
0
0
0
0
0
0
0
0
0
0
0
0
0
0
0
0
0
0
0
0
0
0
0
0
0
0
0
0
0
0
0
0
0
0
0
0
0
0
0
0
0
0
0
0
0
0
0
0
0
0
0
0
0
0
0
0
0
0
0
0
0
0
0
0
0
0
0
0
0
0
0
0
0
0
0
0
0
0
0
0
0
0
0
0
0
0
0
0
0
0
0
0
0
0
0
0
0
0
0
0
0
0
0
0
0
0
0
0
0
0
0
0
0
0
0
0
0
0
0
0
0
0
0
0
0
0
0
0
0
0
0
0
0
0
0
0
0
0
0
0
0
0
0
0
0
0
0
0
0
0
0
0
0
0
0
0
0
0
0
0
0
0
0
0
0
0
0
0
0
0
0
0
0
0
0
0
0
0
0
0
0
0
0
0
0
0
0
0
0
0
0
0
0
0
0
0
0
0
0
0
0
0
0
0
0
0
0
0
0
0
0
0
0
0
0
0
0
0
0
0
0
0
0
0
0
0
0
0
0
0
0
0
0
0
0
0
0
0
0
0
0
0
0
0
0
0
0
0
0
0
0
0
0
0
0
0
0
0
0
0
0
0
0
0
0
0
0
0
0
0
0
0
0
0
0
0
0
0
0
0
0
0
0
0
0
0
0
0
0
0
0
0
0
0
0
0
0
0
0
0
0
0
0
0
0
0
0
0
0
0
0
0
0
0
0
0
0
0
0
0
0
0
0
0
0
0
0
0
0
0
0
0
0
0
0
0
0
0
0
0
0
0
0
0
0
0
0
0
0
0
0
0
0
0
0
0
0
0
0
0
0
0
0
0
0
0
0
0
0
0
0
0
0
0
0
0
0
0
0
0
0
0
0
0
0
0
0
0
0
0
0
0
0
0
0
0
0
0
0
0
0
0
0
0
0
0
0
0
0
0
0
0
0
0
0
0
0
0
0
0
0
0
0
0
0
0
0
0
0
0
0
0
0
0
0
0
0
0
0
0
0
0
0
0
0
0
0
0
0
0
0
0
0
0
0
0
0
0
0
0
0
0
0
0
0
0
0
0
0
0
0
0
0
0
0
0
0
0
0
0
0
0
0
0
0
0
0
0
0
0
0
0
0
0
0
0
0
0
0
0
0
0
0
0
0
0
0
0
0
0
0
0
0
0
0
0
0
0
0
0
0
0
0
0
0
0
0
0
0
0
0
0
0
0
0
0
0
0
0
0
0
0
0
0
0
0
0
0
0
0
0
0
0
0
0
0
0
0
0
0
0
0
0
0
0
0
0
0
0
0
0
0
0
0
0
0
0
0
0
0
0
0
0
0
0
0
0
0
0
0
0
0
0
0
0
0
0
0
0
0
0
0
0
0
0
0
0
0
0
0
0
0
0
0
0
0
0
0
0
0
0
0
0
0
0
0
0
0
0
0
0
0
0
0
0
0
0
0
0
0
0
0
0
0
0
0
0
0
0
0
0
0
0
0
0
0
0
0
0
0
0
0
0
0
0
0
0
0
0
0
0
0
0
0
0
0
0
0
0
0
0
0
0
0
0
0
0
0
0
0
0
0
0
0
0
0
0
0
0
0
0
0
0
0
0
0
0
0
0
0
0
0
0
0
0
0
0
0
0
0
0
0
0
0
0
0
0
0
0
0
0
0
0
0
0
0
0
0
0
0
0
0
0
0
0
0
0
0
0
0
0
0
0
0
0
0
0
0
0
0
0
0
0
0
0
0
0
0
0
0
0
0
0
0
0
0
0
0
0
0
0
0
0
0
0
0
0
0
0
0
0
0
0
0
0
0
0
0
0
0
0
0
0
0
0
0
0
0
0
0
0
0
0
0
0
0
0
0
0
0
0
0
0
0
0
0
0
0
0
0
0
0
0
0
0
0
0
0
0
0
0
0
0
0
0
0
0
0
0
0
0
0
0
0
0
0
0
0
0
0
0
0
0
0
0
0
0
0
0
0
0
0
0
0
0
0
0
0
0
0
0
0
0
0
0
0
0
0
0
0
0
0
0
0
0
0
0
0
0
0
0
0
0
0
0
0
0
0
0
0
0
0
0
0
0
0
0
0
0
0
0
0
0
0
0
0
0
0
0
0
0
0
0
0
0
0
0
0
0
0
0
0
0
0
0
0
0
0
0
0
0
0
0
0
0
0
0
0
0
0
0
0
0
0
0
0
0
0
0
0
0
0
0
0
0
0
0
0
0
0
0
0
0
0
0
0
0
0
0
0
0
0
0
0
0
0
0
0
0
0
0
0
0
0
0
0
0
0
0
0
0
0
0
0
0
0
0
0
0
0
0
0
0
0
0
0
0
0
0
0
0
0
0
0
0
0
0
0
0
0
0
0
0
0
0
0
0
0
0
0
0
0
0
0
0
0
0
0
0
0
0
0
0
0
0
0
0
0
0
0
0
0
0
0
0
0
0
0
0
0
0
0
0
0
0
0
0
0
0
0
0
0
0
0
0
0
0
0
0
0
0
0
0
0
0
0
0
0
0
0
0
0
0
0
0
0
0
0
0
0
0
0
0
0
0
0
0
0
0
0
0
0
0
0
0
0
0
0
0
0
0
0
0
0
0
0
0
0
0
0
0
0
0
0
0
0
0
0
0
0
0
0
0
0
0
0
0
0
0
0
0
0
0
0
0
0
0
0
0
0
0
0
0
0
0
0
0
0
0
0
0
0
0
0
0
0
0
0
0
0
0
0
0
0
0
0
0
0
0
0
0
0
0
0
0
0
0
0
0
0
0
0
0
0
0
0
0
0
0
0
0
0
0
0
0
0
0
0
0
0
0
0
0
0
0
0
0
0
0
0
0
0
0
0
0
0
0
0
0
0
0
0
0
0
0
0
0
0
0
0
0
0
0
0
0
0
0
0
0
0
0
0
0
0
0
0
0
0
0
0
0
0
0
0
0
0
0
0
0
0
0
0
0
0
0
0
0
0
0
0
0
0
0
0
0
0
0
0
0
0
0
0
0
0
0
0
0
0
0
0
0
0
0
0
0
0
0
0
0
0
0
0
0
0
0
0
0
0
0
0
0
0
0
0
0
0
0
0
0
0
0
0
0
0
0
0
0
0
0
0
0
0
0
0
0
0
0
0
0
0
0
0
0
0
0
0
0
0
0
0
0
0
0
0
0
0
0
0
0
0
0
0
0
0
0
0
0
0
0
0
0
0
0
0
0
0
0
0
0
0
0
0
0
0
0
0
0
0
0
0
0
0
0
0
0
0
0
0
0
0
0
0
0
0
0
0
0
0
0
0
0
0
0
0
0
0
0
0
0
0
0
0
0
0
0
0
0
0
0
0
0
0
0
0
0
0
0
0
0
0
0
0
0
0
0
0
0
0
0
0
0
0
0
0
0
0
0
0
0
0
0
0
0
0
0
0
0
0
0
0
0
0
0
0
0
0
0
0
0
0
0
0
0
0
0
0
0
0
0
0
0
0
0
0
0
0
0
0
0
0
0
0
0
0
0
0
0
0
0
0
0
0
0
0
0
0
0
0
0
0
0
0
0
0
0
0
0
0
0
0
0
0
0
0
0
0
0
0
0
0
0
0
0
0
0
0
0
0
0
0
0
0
0
0
0
0
0
0
0
0
0
0
0
0
0
0
0
0
0
0
0
0
0
0
0
0
0
0
0
0
0
0
0
0
0
0
0
0
0
0
0
0
0
0
0
0
0
0
0
0
0
0
0
0
0
0
0
0
0
0
0
0
0
0
0
0
0
0
0
0
0
0
0
0
0
0
0
0
0
0
0
0
0
0
0
0
0
0
0
0
0
0
0
0
0
0
0
0
0
0
0
0
0
0
0
0
0
0
0
0
0
0
0
0
0
0
0
0
0
0
0
0
0
0
0
0
0
0
0
0
0
0
0
0
0
0
0
0
0
0
0
0
0
0
0
0
0
0
0
0
0
0
0
0
0
0
0
0
0
0
0
0
0
0
0
0
0
0
0
0
0
0
0
0
0
0
0
0
0
0
0
0
0
0
0
0
0
0
0
0
0
0
0
0
0
0
0
0
0
0
0
0
0
0
0
0
0
0
0
0
0
0
0
0
0
0
0
0
0
0
0
0
0
0
0
0
0
0
0
0
0
0
0
0
0
0
0
0
0
0
0
0
0
0
0
0
0
0
0
0
0
0
0
0
0
0
0
0
0
0
0
0
0
0
0
0
0
0
0
0
0
0
0
0
0
0
0
0
0
0
0
0
0
0
0
0
0
0
0
0
0
0
0
0
0
0
0
0
0
0
0
0
0
0
0
0
0
0
0
0
0
0
0
0
0
0
0
0
0
0
0
0
0
0
0
0
0
0
0
0
0
0
0
0
0
0
0
0
0
0
0
0
0
0
0
0
0
0
0
0
0
0
0
0
0
0
0
0
0
0
0
0
0
0
0
0
0
0
0
0
0
0
0
0
0
0
0
0
0
0
0
0
0
0
0
0
0
0
0
0
0
0
0
0
0
0
0
0
0
0
0
0
0
0
0
0
0
0
0
0
0
0
0
0
0
0
0
0
0
0
0
0
0
0
0
0
0
0
0
0
0
0
0
0
0
0
0
0
0
0
0
0
0
0
0
0
0
0
0
0
0
0
0
0
0
0
0
0
0
0
0
0
0
0
0
0
0
0
0
0
0
0
0
0
0
0
0
0
0
0
0
0
0
0
0
0
0
0
0
0
0
0
0
0
0
0
0
0
0
0
0
0
0
0
0
0
0
0
0
0
0
0
0
0
0
0
0
0
0
0
0
0
0
0
0
0
0
0
0
0
0
0
0
0
0
0
0
0
0
0
0
0
0
0
0
0
0
0
0
0
0
0
0
0
0
0
0
0
0
0
0
0
0
0
0
0
0
0
0
0
0
0
0
0
0
0
0
0
0
0
0
0
0
0
0
0
0
0
0
0
0
0
0
0
0
0
0
0
0
0
0
0
0
0
0
0
0
0
0
0
0
0
0
0
0
0
0
0
0
0
0
0
0
0
0
0
0
0
0
0
0
0
0
0
0
0
0
0
0
0
0
0
0
0
0
0
0
0
0
0
0
0
0
0
0
0
0
0
0
0
0
0
0
0
0
0
0
0
0
0
0
0
0
0
0
0
0
0
0
0
0
0
0
0
0
0
0
0
0
0
0
0
0
0
0
0
0
0
0
0
0
0
0
0
0
0
0
0
0
0
0
0
0
0
0
0
0
0
0
0
0
0
0
0
0
0
0
0
0
0
0
0
0
0
0
0
0
0
0
0
0
0
0
0
0
0
0
0
0
0
0
0
0
0
0
0
0
0
0
0
0
0
0
0
0
0
0
0
0
0
0
0
0
0
0
0
0
0
0
0
0
0
0
0
0
0
0
0
0
0
0
0
0
0
0
0
0
0
0
0
0
0
0
0
0
0
0
0
0
0
0
0
0
0
0
0
0
0
0
0
0
0
0
0
0
0
0
0
0
0
0
0
0
0
0
0
0
0
0
0
0
0
0
0
0
0
0
0
0
0
0
0
0
0
0
0
0
0
0
0
0
0
0
0
0
0
0
0
0
0
0
0
0
0
0
0
0
0
0
0
0
0
0
0
0
0
0
0
0
0
0
0
0
0
0
0
0
0
0
0
0
0
0
0
0
0
0
0
0
0
0
0
0
0
0
0
0
0
0
0
0
0
0
0
0
0
0
0
0
0
0
0
0
0
0
0
0
0
0
0
0
0
0
0
0
0
0
0
0
0
0
0
0
0
0
0
0
0
0
0
0
0
0
0
0
0
0
0
0
0
0
0
0
0
0
0
0
0
0
0
0
0
0
0
0
0
0
0
0
0
0
0
0
0
0
0
0
0
0
0
0
0
0
0
0
0
0
0
0
0
0
0
0
0
0
0
0
0
0
0
0
0
0
0
0
0
0
0
0
0
0
0
0
0
0
0
0
0
0
0
0
0
0
0
0
0
0
0
0
0
0
0
0
0
0
0
0
0
0
0
0
0
0
0
0
0
0
0
0
0
0
0
0
0
0
0
0
0
0
0
0
0
0
0
0
0
0
0
0
0
0
0
0
0
0
0
0
0
0
0
0
0
0
0
0
0
0
0
0
0
0
0
0
0
0
0
0
0
0
0
0
0
0
0
0
0
0
0
0
0
0
0
0
0
0
0
0
0
0
0
0
0
0
0
0
0
0
0
0
0
0
0
0
0
0
0
0
0
0
0
0
0
0
0
0
0
0
0
0
0
0
0
0
0
0
0
0
0
0
0
0
0
0
0
0
0
0
0
0
0
0
0
0
0
0
0
0
0
0
0
0
0
0
0
0
0
0
0
0
0
0
0
0
0
0
0
0
0
0
0
0
0
0
0
0
0
0
0
0
0
0
0
0
0
0
0
0
0
0
0
0
0
0
0
0
0
0
0
0
0
0
0
0
0
0
0
0
0
0
0
0
0
0
0
0
0
0
0
0
0
0
0
0
0
0
0
0
0
0
0
0
0
0
0
0
0
0
0
0
0
0
0
0
0
0
0
0
0
0
0
0
0
0
0
0
0
0
0
0
0
0
0
0
0
0
0
0
0
0
0
0
0
0
0
0
0
0
0
0
0
0
0
0
0
0
0
0
0
0
0
0
0
0
0
0
0
0
0
0
0
0
0
0
0
0
0
0
0
0
0
0
0
0
0
0
0
0
0
0
0
0
0
0
0
0
0
0
0
0
0
0
0
0
0
0
0
0
0
0
0
0
0
0
0
0
0
0
0
0
0
0
0
0
0
0
0
0
0
0
0
0
0
0
0
0
0
0
0
0
0
0
0
0
0
0
0
0
0
0
0
0
0
0
0
0
0
0
0
0
0
0
0
0
0
0
0
0
0
0
0
0
0
0
0
0
0
0
0
0
0
0
0
0
0
0
0
0
0
0
0
0
0
0
0
0
0
0
0
0
0
0
0
0
0
0
0
0
0
0
0
0
0
0
0
0
0
0
0
0
0
0
0
0
0
0
0
0
0
0
0
0
0
0
0
0
0
0
0
0
0
0
0
0
0
0
0
0
0
0
0
0
0
0
0
0
0
0
0
0
0
0
0
0
0
0
0
0
0
0
0
0
0
0
0
0
0
0
0
0
0
0
0
0
0
0
0
0
0
0
0
0
0
0
0
0
0
0
0
0
0
0
0
0
0
0
0
0
0
0
0
0
0
0
0
0
0
0
0
0
0
0
0
0
0
0
0
0
0
0
0
0
0
0
0
0
0
0
0
0
0
0
0
0
0
0
0
0
0
0
0
0
0
0
0
0
0
0
0
0
0
0
0
0
0
0
0
0
0
0
0
0
0
0
0
0
0
0
0
0
0
0
0
0
0
0
0
0
0
0
0
0
0
0
0
0
0
0
0
0
0
0
0
0
0
0
0
0
0
0
0
0
0
0
0
0
0
0
0
0
0
0
0
0
0
0
0
0
0
0
0
0
0
0
0
0
0
0
0
0
0
0
0
0
0
0
0
0
0
0
0
0
0
0
0
0
0
0
0
0
0
0
0
0
0
0
0
0
0
0
0
0
0
0
0
0
0
0
0
0
0
0
0
0
0
0
0
0
0
0
0
0
0
0
0
0
0
0
0
0
0
0
0
0
0
0
0
0
0
0
0
0
0
0
0
0
0
0
0
0
0
0
0
0
0
0
0
0
0
0
0
0
0
0
0
0
0
0
0
0
0
0
0
0
0
0
0
0
0
0
0
0
0
0
0
0
0
0
0
0
0
0
0
0
0
0
0
0
0
0
0
0
0
0
0
0
0
0
0
0
0
0
0
0
0
0
0
0
0
0
0
0
0
0
0
0
0
0
0
0
0
0
0
0
0
0
0
0
0
0
0
0
0
0
0
0
0
0
0
0
0
0
0
0
0
0
0
0
0
0
0
0
0
0
0
0
0
0
0
0
0
0
0
0
0
0
0
0
0
0
0
0
0
0
0
0
0
0
0
0
0
0
0
0
0
0
0
0
0
0
0
0
0
0
0
0
0
0
0
0
0
0
0
0
0
0
0
0
0
0
0
0
0
0
0
0
0
0
0
0
0
0
0
0
0
0
0
0
0
0
0
0
0
0
0
0
0
0
0
0
0
0
0
0
0
0
0
0
0
0
0
0
0
0
0
0
0
0
0
0
0
0
0
0
0
0
0
0
0
0
0
0
0
0
0
0
0
0
0
0
0
0
0
0
0
0
0
0
0
0
0
0
0
0
0
0
0
0
0
0
0
0
0
0
0
0
0
0
0
0
0
0
0
0
0
0
0
0
0
0
0
0
0
0
0
0
0
0
0
0
0
0
0
0
0
0
0
0
0
0
0
0
0
0
0
0
0
0
0
0
0
0
0
0
0
0
0
0
0
0
0
0
0
0
0
0
0
0
0
0
0
0
0
0
0
0
0
0
0
0
0
0
0
0
0
0
0
0
0
0
0
0
0
0
0
0
0
0
0
0
0
0
0
0
0
0
0
0
0
0
0
0
0
0
0
0
0
0
0
0
0
0
0
0
0
0
0
0
0
0
0
0
0
0
0
0
0
0
0
0
0
0
0
0
0
0
0
0
0
0
0
0
0
0
0
0
0
0
0
0
0
0
0
0
0
0
0
0
0
0
0
0
0
0
0
0
0
0
0
0
0
0
0
0
0
0
0
0
0
0
0
0
0
0
0
0
0
0
0
0
0
0
0
0
0
0
0
0
0
0
0
0
0
0
0
0
0
0
0
0
0
0
0
0
0
0
0
0
0
0
0
0
0
0
0
0
0
0
0
0
0
0
0
0
0
0
0
0
0
0
0
0
0
0
0
0
0
0
0
0
0
0
0
0
0
0
0
0
0
0
0
0
0
0
0
0
0
0
0
0
0
0
0
0
0
0
0
0
0
0
0
0
0
0
0
0
0
0
0
0
0
0
0
0
0
0
0
0
0
0
0
0
0
0
0
0
0
0
0
0
0
0
0
0
0
0
0
0
0
0
0
0
0
0
0
0
0
0
0
0
0
0
0
0
0
0
0
0
0
0
0
0
0
0
0
0
0
0
0
0
0
0
0
0
0
0
0
0
0
0
0
0
0
0
0
0
0
0
0
0
0
0
0
0
0
0
0
0
0
0
0
0
0
0
0
0
0
0
0
0
0
0
0
0
0
0
0
0
0
0
0
0
0
0
0
0
0
0
0
0
0
0
0
0
0
0
0
0
0
0
0
0
0
0
0
0
0
0
0
0
0
0
0
0
0
0
0
0
0
0
0
0
0
0
0
0
0
0
0
0
0
0
0
0
0
0
0
0
0
0
0
0
0
0
0
0
0
0
0
0
0
0
0
0
0
0
0
0
0
0
0
0
0
0
0
0
0
0
0
0
0
0
0
0
0
0
0
0
0
0
0
0
0
0
0
0
0
0
0
0
0
0
0
0
0
0
0
0
0
0
0
0
0
0
0
0
0
0
0
0
0
0
0
0
0
0
0
0
0
0
0
0
0
0
0
0
0
0
0
0
0
0
0
0
0
0
0
0
0
0
0
0
0
0
0
0
0
0
0
0
0
0
0
0
0
0
0
0
0
0
0
0
0
0
0
0
0
0
0
0
0
0
0
0
0
0
0
0
0
0
0
0
0
0
0
0
0
0
0
0
0
0
0
0
0
0
0
0
0
0
0
0
0
0
0
0
0
0
0
0
0
0
0
0
0
0
0
0
0
0
0
0
0
0
0
0
0
0
0
0
0
0
0
0
0
0
0
0
0
0
0
0
0
0
0
0
0
0
0
0
0
0
0
0
0
0
0
0
0
0
0
0
0
0
0
0
0
0
0
0
0
0
0
0
0
0
0
0
0
0
0
0
0
0
0
0
0
0
0
0
0
0
0
0
0
0
0
0
0
0
0
0
0
0
0
0
0
0
0
0
0
0
0
0
0
0
0
0
0
0
0
0
0
0
0
0
0
0
0
0
0
0
0
0
0
0
0
0
0
0
0
0
0
0
0
0
0
0
0
0
0
0
0
0
0
0
0
0
0
0
0
0
0
0
0
0
0
0
0
0
0
0
0
0
0
0
0
0
0
0
0
0
0
0
0
0
0
0
0
0
0
0
0
0
0
0
0
0
0
0
0
0
0
0
0
0
0
0
0
0
0
0
0
0
0
0
0
0
0
0
0
0
0
0
0
0
0
0
0
0
0
0
0
0
0
0
0
0
0
0
0
0
0
0
0
0
0
0
0
0
0
0
0
0
0
0
0
0
0
0
0
0
0
0
0
0
0
0
0
0
0
0
0
0
0
0
0
0
0
0
0
0
0
0
0
0
0
0
0
0
0
0
0
0
0
0
0
0
0
0
0
0
0
0
0
0
0
0
0
0
0
0
0
0
0
0
0
0
0
0
0
0
0
0
0
0
0
0
0
0
0
0
0
0
0
0
0
0
0
0
0
0
0
0
0
0
0
0
0
0
0
0
0
0
0
0
0
0
0
0
0
0
0
0
0
0
0
0
0
0
0
0
0
0
0
0
0
0
0
0
0
0
0
0
0
0
0
0
0
0
0
0
0
0
0
0
0
0
0
0
0
0
0
0
0
0
0
0
0
0
0
0
0
0
0
0
0
0
0
0
0
0
0
0
0
0
0
0
0
0
0
0
0
0
0
0
0
0
0
0
0
0
0
0
0
0
0
0
0
0
0
0
0
0
0
0
0
0
0
0
0
0
0
0
0
0
0
0
0
0
0
0
0
0
0
0
0
0
0
0
0
0
0
0
0
0
0
0
0
0
0
0
0
0
0
0
0
0
0
0
0
0
0
0
0
0
0
0
0
0
0
0
0
0
0
0
0
0
0
0
0
0
0
0
0
0
0
0
0
0
0
0
0
0
0
0
0
0
0
0
0
0
0
0
0
0
0
0
0
0
0
0
0
0
0
0
0
0
0
0
0
0
0
0
0
0
0
0
0
0
0
0
0
0
0
0
0
0
0
0
0
0
0
0
0
0
0
0
0
0
0
0
0
0
0
0
0
0
0
0
0
0
0
0
0
0
0
0
0
0
0
0
0
0
0
0
0
0
0
0
0
0
0
0
0
0
0
0
0
0
0
0
0
0
0
0
0
0
0
0
0
0
0
0
0
0
0
0
0
0
0
0
0
0
0
0
0
0
0
0
0
0
0
0
0
0
0
0
0
0
0
0
0
0
0
0
0
0
0
0
0
0
0
0
0
0
0
0
0
0
0
0
0
0
0
0
0
0
0
0
0
0
0
0
0
0
0
0
0
0
0
0
0
0
0
0
0
0
0
0
0
0
0
0
0
0
0
0
0
0
0
0
0
0
0
0
0
0
0
0
0
0
0
0
0
0
0
0
0
0
0
0
0
0
0
0
0
0
0
0
0
0
0
0
0
0
0
0
0
0
0
0
0
0
0
0
0
0
0
0
0
0
0
0
0
0
0
0
0
0
0
0
0
0
0
0
0
0
0
0
0
0
0
0
0
0
0
0
0
0
0
0
0
0
0
0
0
0
0
0
0
0
0
0
0
0
0
0
0
0
0
0
0
0
0
0
0
0
0
0
0
0
0
0
0
0
0
0
0
0
0
0
0
0
0
0
0
0
0
0
0
0
0
0
0
0
0
0
0
0
0
0
0
0
0
0
0
0
0
0
0
0
0
0
0
0
0
0
0
0
0
0
0
0
0
0
0
0
0
0
0
0
0
0
0
0
0
0
0
0
0
0
0
0
0
0
0
0
0
0
0
0
0
0
0
0
0
0
0
0
0
0
0
0
0
0
0
0
0
0
0
0
0
0
0
0
0
0
0
0
0
0
0
0
0
0
0
0
0
0
0
0
0
0
0
0
0
0
0
0
0
0
0
0
0
0
0
0
0
0
0
0
0
0
0
0
0
0
0
0
0
0
0
0
0
0
0
0
0
0
0
0
0
0
0
0
0
0
0
0
0
0
0
0
0
0
0
0
0
0
0
0
0
0
0
0
0
0
0
0
0
0
0
0
0
0
0
0
0
0
0
0
0
0
0
0
0
0
0
0
0
0
0
0
0
0
0
0
0
0
0
0
0
0
0
0
0
0
0
0
0
0
0
0
0
0
0
0
0
0
0
0
0
0
0
0
0
0
0
0
0
0
0
0
0
0
0
0
0
0
0
0
0
0
0
0
0
0
0
0
0
0
0
0
0
0
0
0
0
0
0
0
0
0
0
0
0
0
0
0
0
0
0
0
0
0
0
0
0
0
0
0
0
0
0
0
0
0
0
0
0
0
0
0
0
0
0
0
0
0
0
0
0
0
0
0
0
0
0
0
0
0
0
0
0
0
0
0
0
0
0
0
0
0
0
0
0
0
0
0
0
0
0
0
0
0
0
0
0
0
0
0
0
0
0
0
0
0
0
0
0
0
0
0
0
0
0
0
0
0
0
0
0
0
0
0
0
0
0
0
0
0
0
0
0
0
0
0
0
0
0
0
0
0
0
0
0
0
0
0
0
0
0
0
0
0
0
0
0
0
0
0
0
0
0
0
0
0
0
0
0
0
0
0
0
0
0
0
0
0
0
0
0
0
0
0
0
0
0
0
0
0
0
0
0
0
0
0
0
0
0
0
0
0
0
0
0
0
0
0
0
0
0
0
0
0
0
0
0
0
0
0
0
0
0
0
0
0
0
0
0
0
0
0
0
0
0
0
0
0
0
0
0
0
0
0
0
0
0
0
0
0
0
0
0
0
0
0
0
0
0
0
0
0
0
0
0
0
0
0
0
0
0
0
0
0
0
0
0
0
0
0
0
0
0
0
0
0
0
0
0
0
0
0
0
0
0
0
0
0
0
0
0
0
0
0
0
0
0
0
0
0
0
0
0
0
0
0
0
0
0
0
0
0
0
0
0
0
0
0
0
0
0
0
0
0
0
0
0
0
0
0
0
0
0
0
0
0
0
0
0
0
0
0
0
0
0
0
0
0
0
0
0
0
0
0
0
0
0
0
0
0
0
0
0
0
0
0
0
0
0
0
0
0
0
0
0
0
0
0
0
0
0
0
0
0
0
0
0
0
0
0
0
0
0
0
0
0
0
0
0
0
0
0
0
0
0
0
0
0
0
0
0
0
0
0
0
0
0
0
0
0
0
0
0
0
0
0
0
0
0
0
0
0
0
0
0
0
0
0
0
0
0
0
0
0
0
0
0
0
0
0
0
0
0
0
0
0
0
0
0
0
0
0
0
0
0
0
0
0
0
0
0
0
0
0
0
0
0
0
0
0
0
0
0
0
0
0
0
0
0
0
0
0
0
0
0
0
0
0
0
0
0
0
0
0
0
0
0
0
0
0
0
0
0
0
0
0
0
0
0
0
0
0
0
0
0
0
0
0
0
0
0
0
0
0
0
0
0
0
0
0
0
0
0
0
0
0
0
0
0
0
0
0
0
0
0
0
0
0
0
0
0
0
0
0
0
0
0
0
0
0
0
0
0
0
0
0
0
0
0
0
0
0
0
0
0
0
0
0
0
0
0
0
0
0
0
0
0
0
0
0
0
0
0
0
0
0
0
0
0
0
0
0
0
0
0
0
0
0
0
0
0
0
0
0
0
0
0
0
0
0
0
0
0
0
0
0
0
0
0
0
0
0
0
0
0
0
0
0
0
0
0
0
0
0
0
0
0
0
0
0
0
0
0
0
0
0
0
0
0
0
0
0
0
0
0
0
0
0
0
0
0
0
0
0
0
0
0
0
0
0
0
0
0
0
0
0
0
0
0
0
0
0
0
0
0
0
0
0
0
0
0
0
0
0
0
0
0
0
0
0
0
0
0
0
0
0
0
0
0
0
0
0
0
0
0
0
0
0
0
0
0
0
0
0
0
0
0
0
0
0
0
0
0
0
0
0
0
0
0
0
0
0
0
0
0
0
0
0
0
0
0
0
0
0
0
0
0
0
0
0
0
0
0
0
0
0
0
0
0
0
0
0
0
0
0
0
0
0
0
0
0
0
0
0
0
0
0
0
0
0
0
0
0
0
0
0
0
0
0
0
0
0
0
0
0
0
0
0
0
0
0
0
0
0
0
0
0
0
0
0
0
0
0
0
0
0
0
0
0
0
0
0
0
0
0
0
0
0
0
0
0
0
0
0
0
0
0
0
0
0
0
0
0
0
0
0
0
0
0
0
0
0
0
0
0
0
0
0
0
0
0
0
0
0
0
0
0
0
0
0
0
0
0
0
0
0
0
0
0
0
0
0
0
0
0
0
0
0
0
0
0
0
0
0
0
0
0
0
0
0
0
0
0
0
0
0
0
0
0
0
0
0
0
0
0
0
0
0
0
0
0
0
0
0
0
0
0
0
0
0
0
0
0
0
0
0
0
0
0
0
0
0
0
0
0
0
0
0
0
0
0
0
0
0
0
0
0
0
0
0
0
0
0
0
0
0
0
0
0
0
0
0
0
0
0
0
0
0
0
0
0
0
0
0
0
0
0
0
0
0
0
0
0
0
0
0
0
0
0
0
0
0
0
0
0
0
0
0
0
0
0
0
0
0
0
0
0
0
0
0
0
0
0
0
0
0
0
0
0
0
0
0
0
0
0
0
0
0
0
0
0
0
0
0
0
0
0
0
0
0
0
0
0
0
0
0
0
0
0
0
0
0
0
0
0
0
0
0
0
0
0
0
0
0
0
0
0
0
0
0
0
0
0
0
0
0
0
0
0
0
0
0
0
0
0
0
0
0
0
0
0
0
0
0
0
0
0
0
0
0
0
0
0
0
0
0
0
0
0
0
0
0
0
0
0
0
0
0
0
0
0
0
0
0
0
0
0
0
0
0
0
0
0
0
0
0
0
0
0
0
0
0
0
0
0
0
0
0
0
0
0
0
0
0
0
0
0
0
0
0
0
0
0
0
0
0
0
0
0
0
0
0
0
0
0
0
0
0
0
0
0
0
0
0
0
0
0
0
0
0
0
0
0
0
0
0
0
0
0
0
0
0
0
0
0
0
0
0
0
0
0
0
0
0
0
0
0
0
0
0
0
0
0
0
0
0
0
0
0
0
0
0
0
0
0
0
0
0
0
0
0
0
0
0
0
0
0
0
0
0
0
0
0
0
0
0
0
0
0
0
0
0
0
0
0
0
0
0
0
0
0
0
0
0
0
0
0
0
0
0
0
0
0
0
0
0
0
0
0
0
0
0
0
0
0
0
0
0
0
0
0
0
0
0
0
0
0
0
0
0
0
0
0
0
0
0
0
0
0
0
0
0
0
0
0
0
0
0
0
0
0
0
0
0
0
0
0
0
0
0
0
0
0
0
0
0
0
0
0
0
0
0
0
0
0
0
0
0
0
0
0
0
0
0
0
0
0
0
0
0
0
0
0
0
0
0
0
0
0
0
0
0
0
0
0
0
0
0
0
0
0
0
0
0
0
0
0
0
0
0
0
0
0
0
0
0
0
0
0
0
0
0
0
0
0
0
0
0
0
0
0
0
0
0
0
0
0
0
0
0
0
0
0
0
0
0
0
0
0
0
0
0
0
0
0
0
0
0
0
0
0
0
0
0
0
0
0
0
0
0
0
0
0
0
0
0
0
0
0
0
0
0
0
0
0
0
0
0
0
0
0
0
0
0
0
0
0
0
0
0
0
0
0
0
0
0
0
0
0
0
0
0
0
0
0
0
0
0
0
0
0
0
0
0
0
0
0
0
0
0
0
0
0
0
0
0
0
0
0
0
0
0
0
0
0
0
0
0
0
0
0
0
0
0
0
0
0
0
0
0
0
0
0
0
0
0
0
0
0
0
0
0
0
0
0
0
0
0
0
0
0
0
0
0
0
0
0
0
0
0
0
0
0
0
0
0
0
0
0
0
0
0
0
0
0
0
0
0
0
0
0
0
0
0
0
0
0
0
0
0
0
0
0
0
0
0
0
0
0
0
0
0
0
0
0
0
0
0
0
0
0
0
0
0
0
0
0
0
0
0
0
0
0
0
0
0
0
0
0
0
0
0
0
0
0
0
0
0
0
0
0
0
0
0
0
0
0
0
0
0
0
0
0
0
0
0
0
0
0
0
0
0
0
0
0
0
0
0
0
0
0
0
0
0
0
0
0
0
0
0
0
0
0
0
0
0
0
0
0
0
0
0
0
0
0
0
0
0
0
0
0
0
0
0
0
0
0
0
0
0
0
0
0
0
0
0
0
0
0
0
0
0
0
0
0
0
0
0
0
0
0
0
0
0
0
0
0
0
0
0
0
0
0
0
0
0
0
0
0
0
0
0
0
0
0
0
0
0
0
0
0
0
0
0
0
0
0
0
0
0
0
0
0
0
0
0
0
0
0
0
0
0
0
0
0
0
0
0
0
0
0
0
0
0
0
0
0
0
0
0
0
0
0
0
0
0
0
0
0
0
0
0
0
0
0
0
0
0
0
0
0
0
0
0
0
0
0
0
0
0
0
0
0
0
0
0
0
0
0
0
0
0
0
0
0
0
0
0
0
0
0
0
0
0
0
0
0
0
0
0
0
0
0
0
0
0
0
0
0
0
0
0
0
0
0
0
0
0
0
0
0
0
0
0
0
0
0
0
0
0
0
0
0
0
0
0
0
0
0
0
0
0
0
0
0
0
0
0
0
0
0
0
0
0
0
0
0
0
0
0
0
0
0
0
0
0
0
0
0
0
0
0
0
0
0
0
0
0
0
0
0
0
0
0
0
0
0
0
0
0
0
0
0
0
0
0
0
0
0
0
0
0
0
0
0
0
0
0
0
0
0
0
0
0
0
0
0
0
0
0
0
0
0
0
0
0
0
0
0
0
0
0
0
0
0
0
0
0
0
0
0
0
0
0
0
0
0
0
0
0
0
0
0
0
0
0
0
0
0
0
0
0
0
0
0
0
0
0
0
0
0
0
0
0
0
0
0
0
0
0
0
0
0
0
0
0
0
0
0
0
0
0
0
0
0
0
0
0
0
0
0
0
0
0
0
0
0
0
0
0
0
0
0
0
0
0
0
0
0
0
0
0
0
0
0
0
0
0
0
0
0
0
0
0
0
0
0
0
0
0
0
0
0
0
0
0
0
0
0
0
0
0
0
0
0
0
0
0
0
0
0
0
0
0
0
0
0
0
0
0
0
0
0
0
0
0
0
0
0
0
0
0
0
0
0
0
0
0
0
0
0
0
0
0
0
0
0
0
0
0
0
0
0
0
0
0
0
0
0
0
0
0
0
0
0
0
0
0
0
0
0
0
0
0
0
0
0
0
0
0
0
0
0
0
0
0
0
0
0
0
0
0
0
0
0
0
0
0
0
0
0
0
0
0
0
0
0
0
0
0
0
0
0
0
0
0
0
0
0
0
0
0
0
0
0
0
0
0
0
0
0
0
0
0
0
0
0
0
0
0
0
0
0
0
0
0
0
0
0
0
0
0
0
0
0
0
0
0
0
0
0
0
0
0
0
0
0
0
0
0
0
0
0
0
0
0
0
0
0
0
0
0
0
0
0
0
0
0
0
0
0
0
0
0
0
0
0
0
0
0
0
0
0
0
0
0
0
0
0
0
0
0
0
0
0
0
0
0
0
0
0
0
0
0
0
0
0
0
0
0
0
0
0
0
0
0
0
0
0
0
0
0
0
0
0
0
0
0
0
0
0
0
0
0
0
0
0
0
0
0
0
0
0
0
0
0
0
0
0
0
0
0
0
0
0
0
0
0
0
0
0
0
0
0
0
0
0
0
0
0
0
0
0
0
0
0
0
0
0
0
0
0
0
0
0
0
0
0
0
0
0
0
0
0
0
0
0
0
0
0
0
0
0
0
0
0
0
0
0
0
0
0
0
0
0
0
0
0
0
0
0
0
0
0
0
0
0
0
0
0
0
0
0
0
0
0
0
0
0
0
0
0
0
0
0
0
0
0
0
0
0
0
0
0
0
0
0
0
0
0
0
0
0
0
0
0
0
0
0
0
0
0
0
0
0
0
0
0
0
0
0
0
0
0
0
0
0
0
0
0
0
0
0
0
0
0
0
0
0
0
0
0
0
0
0
0
0
0
0
0
0
0
0
0
0
0
0
0
0
0
0
0
0
0
0
0
0
0
0
0
0
0
0
0
0
0
0
0
0
0
0
0
0
0
0
0
0
0
0
0
0
0
0
0
0
0
0
0
0
0
0
0
0
0
0
0
0
0
0
0
0
0
0
0
0
0
0
0
0
0
0
0
0
0
0
0
0
0
0
0
0
0
0
0
0
0
0
0
0
0
0
0
0
0
0
0
0
0
0
0
0
0
0
0
0
0
0
0
0
0
0
0
0
0
0
0
0
0
0
0
0
0
0
0
0
0
0
0
0
0
0
0
0
0
0
0
0
0
0
0
0
0
0
0
0
0
0
0
0
0
0
0
0
0
0
0
0
0
0
0
0
0
0
0
0
0
0
0
0
0
0
0
0
0
0
0
0
0
0
0
0
0
0
0
0
0
0
0
0
0
0
0
0
0
0
0
0
0
0
0
0
0
0
0
0
0
0
0
0
0
0
0
0
0
0
0
0
0
0
0
0
0
0
0
0
0
0
0
0
0
0
0
0
0
0
0
0
0
0
0
0
0
0
0
0
0
0
0
0
0
0
0
0
0
0
0
0
0
0
0
0
0
0
0
0
0
0
0
0
0
0
0
0
0
0
0
0
0
0
0
0
0
0
0
0
0
0
0
0
0
0
0
0
0
0
0
0
0
0
0
0
0
0
0
0
0
0
0
0
0
0
0
0
0
0
0
0
0
0
0
0
0
0
0
0
0
0
0
0
0
0
0
0
0
0
0
0
0
0
0
0
0
0
0
0
0
0
0
0
0
0
0
0
0
0
0
0
0
0
0
0
0
0
0
0
0
0
0
0
0
0
0
0
0
0
0
0
0
0
0
0
0
0
0
0
0
0
0
0
0
0
0
0
0
0
0
0
0
0
0
0
0
0
0
0
0
0
0
0
0
0
0
0
0
0
0
0
0
0
0
0
0
0
0
0
0
0
0
0
0
0
0
0
0
0
0
0
0
0
0
0
0
0
0
0
0
0
0
0
0
0
0
0
0
0
0
0
0
0
0
0
0
0
0
0
0
0
0
0
0
0
0
0
0
0
0
0
0
0
0
0
0
0
0
0
0
0
0
0
0
0
0
0
0
0
0
0
0
0
0
0
0
0
0
0
0
0
0
0
0
0
0
0
0
0
0
0
0
0
0
0
0
0
0
0
0
0
0
0
0
0
0
0
0
0
0
0
0
0
0
0
0
0
0
0
0
0
0
0
0
0
0
0
0
0
0
0
0
0
0
0
0
0
0
0
0
0
0
0
0
0
0
0
0
0
0
0
0
0
0
0
0
0
0
0
0
0
0
0
0
0
0
0
0
0
0
0
0
0
0
0
0
0
0
0
0
0
0
0
0
0
0
0
0
0
0
0
0
0
0
0
0
0
0
0
0
0
0
0
0
0
0
0
0
0
0
0
0
0
0
0
0
0
0
0
0
0
0
0
0
0
0
0
0
0
0
0
0
0
0
0
0
0
0
0
0
0
0
0
0
0
0
0
0
0
0
0
0
0
0
0
0
0
0
0
0
0
0
0
0
0
0
0
0
0
0
0
0
0
0
0
0
0
0
0
0
0
0
0
0
0
0
0
0
0
0
0
0
0
0
0
0
0
0
0
0
0
0
0
0
0
0
0
0
0
0
0
0
0
0
0
0
0
0
0
0
0
0
0
0
0
0
0
0
0
0
0
0
0
0
0
0
0
0
0
0
0
0
0
0
0
0
0
0
0
0
0
0
0
0
0
0
0
0
0
0
0
0
0
0
0
0
0
0
0
0
0
0
0
0
0
0
0
0
0
0
0
0
0
0
0
0
0
0
0
0
0
0
0
0
0
0
0
0
0
0
0
0
0
0
0
0
0
0
0
0
0
0
0
0
0
0
0
0
0
0
0
0
0
0
0
0
0
0
0
0
0
0
0
0
0
0
0
0
0
0
0
0
0
0
0
0
0
0
0
0
0
0
0
0
0
0
0
0
0
0
0
0
0
0
0
0
0
0
0
0
0
0
0
0
0
0
0
0
0
0
0
0
0
0
0
0
0
0
0
0
0
0
0
0
0
0
0
0
0
0
0
0
0
0
0
0
0
0
0
0
0
0
0
0
0
0
0
0
0
0
0
0
0
0
0
0
0
0
0
0
0
0
0
0
0
0
0
0
0
0
0
0
0
0
0
0
0
0
0
0
0
0
0
0
0
0
0
0
0
0
0
0
0
0
0
0
0
0
0
0
0
0
0
0
0
0
0
0
0
0
0
0
0
0
0
0
0
0
0
0
0
0
0
0
0
0
0
0
0
0
0
0
0
0
0
0
0
0
0
0
0
0
0
0
0
0
0
0
0
0
0
0
0
0
0
0
0
0
0
0
0
0
0
0
0
0
0
0
0
0
0
0
0
0
0
0
0
0
0
0
0
0
0
0
0
0
0
0
0
0
0
0
0
0
0
0
0
0
0
0
0
0
0
0
0
0
0
0
0
0
0
0
0
0
0
0
0
0
0
0
0
0
0
0
0
0
0
0
0
0
0
0
0
0
0
0
0
0
0
0
0
0
0
0
0
0
0
0
0
0
0
0
0
0
0
0
0
0
0
0
0
0
0
0
0
0
0
0
0
0
0
0
0
0
0
0
0
0
0
0
0
0
0
0
0
0
0
0
0
0
0
0
0
0
0
0
0
0
0
0
0
0
0
0
0
0
0
0
0
0
0
0
0
0
0
0
0
0
0
0
0
0
0
0
0
0
0
0
0
0
0
0
0
0
0
0
0
0
0
0
0
0
0
0
0
0
0
0
0
0
0
0
0
0
0
0
0
0
0
0
0
0
0
0
0
0
0
0
0
0
0
0
0
0
0
0
0
0
0
0
0
0
0
0
0
0
0
0
0
0
0
0
0
0
0
0
0
0
0
0
0
0
0
0
0
0
0
0
0
0
0
0
0
0
0
0
0
0
0
0
0
0
0
0
0
0
0
0
0
0
0
0
0
0
0
0
0
0
0
0
0
0
0
0
0
0
0
0
0
0
0
0
0
0
0
0
0
0
0
0
0
0
0
0
0
0
0
0
0
0
0
0
0
0
0
0
0
0
0
0
0
0
0
0
0
0
0
0
0
0
0
0
0
0
0
0
0
0
0
0
0
0
0
0
0
0
0
0
0
0
0
0
0
0
0
0
0
0
0
0
0
0
0
0
0
0
0
0
0
0
0
0
0
0
0
0
0
0
0
0
0
0
0
0
0
0
0
0
0
0
0
0
0
0
0
0
0
0
0
0
0
0
0
0
0
0
0
0
0
0
0
0
0
0
0
0
0
0
0
0
0
0
0
0
0
0
0
0
0
0
0
0
0
0
0
0
0
0
0
0
0
0
0
0
0
0
0
0
0
0
0
0
0
0
0
0
0
0
0
0
0
0
0
0
0
0
0
0
0
0
0
0
0
0
0
0
0
0
0
0
0
0
0
0
0
0
0
0
0
0
0
0
0
0
0
0
0
0
0
0
0
0
0
0
0
0
0
0
0
0
0
0
0
0
0
0
0
0
0
0
0
0
0
0
0
0
0
0
0
0
0
0
0
0
0
0
0
0
0
0
0
0
0
0
0
0
0
0
0
0
0
0
0
0
0
0
0
0
0
0
0
0
0
0
0
0
0
0
0
0
0
0
0
0
0
0
0
0
0
0
0
0
0
0
0
0
0
0
0
0
0
0
0
0
0
0
0
0
0
0
0
0
0
0
0
0
0
0
0
0
0
0
0
0
0
0
0
0
0
0
0
0
0
0
0
0
0
0
0
0
0
0
0
0
0
0
0
0
0
0
0
0
0
0
0
0
0
0
0
0
0
0
0
0
0
0
0
0
0
0
0
0
0
0
0
0
0
0
0
0
0
0
0
0
0
0
0
0
0
0
0
0
0
0
0
0
0
0
0
0
0
0
0
0
0
0
0
0
0
0
0
0
0
0
0
0
0
0
0
0
0
0
0
0
0
0
0
0
0
0
0
0
0
0
0
0
0
0
0
0
0
0
0
0
0
0
0
0
0
0
0
0
0
0
0
0
0
0
0
0
0
0
0
0
0
0
0
0
0
0
0
0
0
0
0
0
0
0
0
0
0
0
0
0
0
0
0
0
0
0
0
0
0
0
0
0
0
0
0
0
0
0
0
0
0
0
0
0
0
0
0
0
0
0
0
0
0
0
0
0
0
0
0
0
0
0
0
0
0
0
0
0
0
0
0
0
0
0
0
0
0
0
0
0
0
0
0
0
0
0
0
0
0
0
0
0
0
0
0
0
0
0
0
0
0
0
0
0
0
0
0
0
0
0
0
0
0
0
0
0
0
0
0
0
0
0
0
0
0
0
0
0
0
0
0
0
0
0
0
0
0
0
0
0
0
0
0
0
0
0
0
0
0
0
0
0
0
0
0
0
0
0
0
0
0
0
0
0
0
0
0
0
0
0
0
0
0
0
0
0
0
0
0
0
0
0
0
0
0
0
0
0
0
0
0
0
0
0
0
0
0
0
0
0
0
0
0
0
0
0
0
0
0
0
0
0
0
0
0
0
0
0
0
0
0
0
0
0
0
0
0
0
0
0
0
0
0
0
0
0
0
0
0
0
0
0
0
0
0
0
0
0
0
0
0
0
0
0
0
0
0
0
0
0
0
0
0
0
0
0
0
0
0
0
0
0
0
0
0
0
0
0
0
0
0
0
0
0
0
0
0
0
0
0
0
0
0
0
0
0
0
0
0
0
0
0
0
0
0
0
0
0
0
0
0
0
0
0
0
0
0
0
0
0
0
0
0
0
0
0
0
0
0
0
0
0
0
0
0
0
0
0
0
0
0
0
0
0
0
0
0
0
0
0
0
0
0
0
0
0
0
0
0
0
0
0
0
0
0
0
0
0
0
0
0
0
0
0
0
0
0
0
0
0
0
0
0
0
0
0
0
0
0
0
0
0
0
0
0
0
0
0
0
0
0
0
0
0
0
0
0
0
0
0
0
0
0
0
0
0
0
0
0
0
0
0
0
0
0
0
0
0
0
0
0
0
0
0
0
0
0
0
0
0
0
0
0
0
0
0
0
0
0
0
0
0
0
0
0
0
0
0
0
0
0
0
0
0
0
0
0
0
0
0
0
0
0
0
0
0
0
0
0
0
0
0
0
0
0
0
0
0
0
0
0
0
0
0
0
0
0
0
0
0
0
0
0
0
0
0
0
0
0
0
0
0
0
0
0
0
0
0
0
0
0
0
0
0
0
0
0
0
0
0
0
0
0
0
0
0
0
0
0
0
0
0
0
0
0
0
0
0
0
0
0
0
0
0
0
0
0
0
0
0
0
0
0
0
0
0
0
0
0
0
0
0
0
0
0
0
0
0
0
0
0
0
0
0
0
0
0
0
0
0
0
0
0
0
0
0
0
0
0
0
0
0
0
0
0
0
0
0
0
0
0
0
0
0
0
0
0
0
0
0
0
0
0
0
0
0
0
0
0
0
0
0
0
0
0
0
0
0
0
0
0
0
0
0
0
0
0
0
0
0
0
0
0
0
0
0
0
0
0
0
0
0
0
0
0
0
0
0
0
0
0
0
0
0
0
0
0
0
0
0
0
0
0
0
0
0
0
0
0
0
0
0
0
0
0
0
0
0
0
0
0
0
0
0
0
0
0
0
0
0
0
0
0
0
0
0
0
0
0
0
0
0
0
0
0
0
0
0
0
0
0
0
0
0
0
0
0
0
0
0
0
0
0
0
0
0
0
0
0
0
0
0
0
0
0
0
0
0
0
0
0
0
0
0
0
0
0
0
0
0
0
0
0
0
0
0
0
0
0
0
0
0
0
0
0
0
0
0
0
0
0
0
0
0
0
0
0
0
0
0
0
0
0
0
0
0
0
0
0
0
0
0
0
0
0
0
0
0
0
0
0
0
0
0
0
0
0
0
0
0
0
0
0
0
0
0
0
0
0
0
0
0
0
0
0
0
0
0
0
0
0
0
0
0
0
0
0
0
0
0
0
0
0
0
0
0
0
0
0
0
0
0
0
0
0
0
0
0
0
0
0
0
0
0
0
0
0
0
0
0
0
0
0
0
0
0
0
0
0
0
0
0
0
0
0
0
0
0
0
0
0
0
0
0
0
0
0
0
0
0
0
0
0
0
0
0
0
0
0
0
0
0
0
0
0
0
0
0
0
0
0
0
0
0
0
0
0
0
0
0
0
0
0
0
0
0
0
0
0
0
0
0
0
0
0
0
0
0
0
0
0
0
0
0
0
0
0
0
0
0
0
0
0
0
0
0
0
0
0
0
0
0
0
0
0
0
0
0
0
0
0
0
0
0
0
0
0
0
0
0
0
0
0
0
0
0
0
0
0
0
0
0
0
0
0
0
0
0
0
0
0
0
0
0
0
0
0
0
0
0
0
0
0
0
0
0
0
0
0
0
0
0
0
0
0
0
0
0
0
0
0
0
0
0
0
0
0
0
0
0
0
0
0
0
0
0
0
0
0
0
0
0
0
0
0
0
0
0
0
0
0
0
0
0
0
0
0
0
0
0
0
0
0
0
0
0
0
0
0
0
0
0
0
0
0
0
0
0
0
0
0
0
0
0
0
0
0
0
0
0
0
0
0
0
0
0
0
0
0
0
0
0
0
0
0
0
0
0
0
0
0
0
0
0
0
0
0
0
0
0
0
0
0
0
0
0
0
0
0
0
0
0
0
0
0
0
0
0
0
0
0
0
0
0
0
0
0
0
0
0
0
0
0
0
0
0
0
0
0
0
0
0
0
0
0
0
0
0
0
0
0
0
0
0
0
0
0
0
0
0
0
0
0
0
0
0
0
0
0
0
0
0
0
0
0
0
0
0
0
0
0
0
0
0
0
0
0
0
0
0
0
0
0
0
0
0
0
0
0
0
0
0
0
0
0
0
0
0
0
0
0
0
0
0
0
0
0
0
0
0
0
0
0
0
0
0
0
0
0
0
0
0
0
0
0
0
0
0
0
0
0
0
0
0
0
0
0
0
0
0
0
0
0
0
0
0
0
0
0
0
0
0
0
0
0
0
0
0
0
0
0
0
0
0
0
0
0
0
0
0
0
0
0
0
0
0
0
0
0
0
0
0
0
0
0
0
0
0
0
0
0
0
0
0
0
0
0
0
0
0
0
0
0
0
0
0
0
0
0
0
0
0
0
0
0
0
0
0
0
0
0
0
0
0
0
0
0
0
0
0
0
0
0
0
0
0
0
0
0
0
0
0
0
0
0
0
0
0
0
0
0
0
0
0
0
0
0
0
0
0
0
0
0
0
0
0
0
0
0
0
0
0
0
0
0
0
0
0
0
0
0
0
0
0
0
0
0
0
0
0
0
0
0
0
0
0
0
0
0
0
0
0
0
0
0
0
0
0
0
0
0
0
0
0
0
0
0
0
0
0
0
0
0
0
0
0
0
0
0
0
0
0
0
0
0
0
0
0
0
0
0
0
0
0
0
0
0
0
0
0
0
0
0
0
0
0
0
0
0
0
0
0
0
0
0
0
0
0
0
0
0
0
0
0
0
0
0
0
0
0
0
0
0
0
0
0
0
0
0
0
0
0
0
0
0
0
0
0
0
0
0
0
0
0
0
0
0
0
0
0
0
0
0
0
0
0
0
0
0
0
0
0
0
0
0
0
0
0
0
0
0
0
0
0
0
0
0
0
0
0
0
0
0
0
0
0
0
0
0
0
0
0
0
0
0
0
0
0
0
0
0
0
0
0
0
0
0
0
0
0
0
0
0
0
0
0
0
0
0
0
0
0
0
0
0
0
0
0
0
0
0
0
0
0
0
0
0
0
0
0
0
0
0
0
0
0
0
0
0
0
0
0
0
0
0
0
0
0
0
0
0
0
0
0
0
0
0
0
0
0
0
0
0
0
0
0
0
0
0
0
0
0
0
0
0
0
0
0
0
0
0
0
0
0
0
0
0
0
0
0
0
0
0
0
0
0
0
0
0
0
0
0
0
0
0
0
0
0
0
0
0
0
0
0
0
0
0
0
0
0
0
0
0
0
0
0
0
0
0
0
0
0
0
0
0
0
0
0
0
0
0
0
0
0
0
0
0
0
0
0
0
0
0
0
0
0
0
0
0
0
0
0
0
0
0
0
0
0
0
0
0
0
0
0
0
0
0
0
0
0
0
0
0
0
0
0
0
0
0
0
0
0
0
0
0
0
0
0
0
0
0
0
0
0
0
0
0
0
0
0
0
0
0
0
0
0
0
0
0
0
0
0
0
0
0
0
0
0
0
0
0
0
0
0
0
0
0
0
0
0
0
0
0
0
0
0
0
0
0
0
0
0
0
0
0
0
0
0
0
0
0
0
0
0
0
0
0
0
0
0
0
0
0
0
0
0
0
0
0
0
0
0
0
0
0
0
0
0
0
0
0
0
0
0
0
0
0
0
0
0
0
0
0
0
0
0
0
0
0
0
0
0
0
0
0
0
0
0
0
0
0
0
0
0
0
0
0
0
0
0
0
0
0
0
0
0
0
0
0
0
0
0
0
0
0
0
0
0
0
0
0
0
0
0
0
0
0
0
0
0
0
0
0
0
0
0
0
0
0
0
0
0
0
0
0
0
0
0
0
0
0
0
0
0
0
0
0
0
0
0
0
0
0
0
0
0
0
0
0
0
0
0
0
0
0
0
0
0
0
0
0
0
0
0
0
0
0
0
0
0
0
0
0
0
0
0
0
0
0
0
0
0
0
0
0
0
0
0
0
0
0
0
0
0
0
0
0
0
0
0
0
0
0
0
0
0
0
0
0
0
0
0
0
0
0
0
0
0
0
0
0
0
0
0
0
0
0
0
0
0
0
0
0
0
0
0
0
0
0
0
0
0
0
0
0
0
0
0
0
0
0
0
0
0
0
0
0
0
0
0
0
0
0
0
0
0
0
0
0
0
0
0
0
0
0
0
0
0
0
0
0
0
0
0
0
0
0
0
0
0
0
0
0
0
0
0
0
0
0
0
0
0
0
0
0
0
0
0
0
0
0
0
0
0
0
0
0
0
0
0
0
0
0
0
0
0
0
0
0
0
0
0
0
0
0
0
0
0
0
0
0
0
0
0
0
0
0
0
0
0
0
0
0
0
0
0
0
0
0
0
0
0
0
0
0
0
0
0
0
0
0
0
0
0
0
0
0
0
0
0
0
0
0
0
0
0
0
0
0
0
0
0
0
0
0
0
0
0
0
0
0
0
0
0
0
0
0
0
0
0
0
0
0
0
0
0
0
0
0
0
0
0
0
0
0
0
0
0
0
0
0
0
0
0
0
0
0
0
0
0
0
0
0
0
0
0
0
0
0
0
0
0
0
0
0
0
0
0
0
0
0
0
0
0
0
0
0
0
0
0
0
0
0
0
0
0
0
0
0
0
0
0
0
0
0
0
0
0
0
0
0
0
0
0
0
0
0
0
0
0
0
0
0
0
0
0
0
0
0
0
0
0
0
0
0
0
0
0
0
0
0
0
0
0
0
0
0
0
0
0
0
0
0
0
0
0
0
0
0
0
0
0
0
0
0
0
0
0
0
0
0
0
0
0
0
0
0
0
0
0
0
0
0
0
0
0
0
0
0
0
0
0
0
0
0
0
0
0
0
0
0
0
0
0
0
0
0
0
0
0
0
0
0
0
0
0
0
0
0
0
0
0
0
0
0
0
0
0
0
0
0
0
0
0
0
0
0
0
0
0
0
0
0
0
0
0
0
0
0
0
0
0
0
0
0
0
0
0
0
0
0
0
0
0
0
0
0
0
0
0
0
0
0
0
0
0
0
0
0
0
0
0
0
0
0
0
0
0
0
0
0
0
0
0
0
0
0
0
0
0
0
0
0
0
0
0
0
0
0
0
0
0
0
0
0
0
0
0
0
0
0
0
0
0
0
0
0
0
0
0
0
0
0
0
0
0
0
0
0
0
0
0
0
0
0
0
0
0
0
0
0
0
0
0
0
0
0
0
0
0
0
0
0
0
0
0
0
0
0
0
0
0
0
0
0
0
0
0
0
0
0
0
0
0
0
0
0
0
0
0
0
0
0
0
0
0
0
0
0
0
0
0
0
0
0
0
0
0
0
0
0
0
0
0
0
0
0
0
0
0
0
0
0
0
0
0
0
0
0
0
0
0
0
0
0
0
0
0
0
0
0
0
0
0
0
0
0
0
0
0
0
0
0
0
0
0
0
0
0
0
0
0
0
0
0
0
0
0
0
0
0
0
0
0
0
0
0
0
0
0
0
0
0
0
0
0
0
0
0
0
0
0
0
0
0
0
0
0
0
0
0
0
0
0
0
0
0
0
0
0
0
0
0
0
0
0
0
0
0
0
0
0
0
0
0
0
0
0
0
0
0
0
0
0
0
0
0
0
0
0
0
0
0
0
0
0
0
0
0
0
0
0
0
0
0
0
0
0
0
0
0
0
0
0
0
0
0
0
0
0
0
0
0
0
0
0
0
0
0
0
0
0
0
0
0
0
0
0
0
0
0
0
0
0
0
0
0
0
0
0
0
0
0
0
0
0
0
0
0
0
0
0
0
0
0
0
0
0
0
0
0
0
0
0
0
0
0
0
0
0
0
0
0
0
0
0
0
0
0
0
0
0
0
0
0
0
0
0
0
0
0
0
0
0
0
0
0
0
0
0
0
0
0
0
0
0
0
0
0
0
0
0
0
0
0
0
0
0
0
0
0
0
0
0
0
0
0
0
0
0
0
0
0
0
0
0
0
0
0
0
0
0
0
0
0
0
0
0
0
0
0
0
0
0
0
0
0
0
0
0
0
0
0
0
0
0
0
0
0
0
0
0
0
0
0
0
0
0
0
0
0
0
0
0
0
0
0
0
0
0
0
0
0
0
0
0
0
0
0
0
0
0
0
0
0
0
0
0
0
0
0
0
0
0
0
0
0
0
0
0
0
0
0
0
0
0
0
0
0
0
0
0
0
0
0
0
0
0
0
0
0
0
0
0
0
0
0
0
0
0
0
0
0
0
0
0
0
0
0
0
0
0
0
0
0
0
0
0
0
0
0
0
0
0
0
0
0
0
0
0
0
0
0
0
0
0
0
0
0
0
0
0
0
0
0
0
0
0
0
0
0
0
0
0
0
0
0
0
0
0
0
0
0
0
0
0
0
0
0
0
0
0
0
0
0
0
0
0
0
0
0
0
0
0
0
0
0
0
0
0
0
0
0
0
0
0
0
0
0
0
0
0
0
0
0
0
0
0
0
0
0
0
0
0
0
0
0
0
0
0
0
0
0
0
0
0
0
0
0
0
0
0
0
0
0
0
0
0
0
0
0
0
0
0
0
0
0
0
0
0
0
0
0
0
0
0
0
0
0
0
0
0
0
0
0
0
0
0
0
0
0
0
0
0
0
0
0
0
0
0
0
0
0
0
0
0
0
0
0
0
0
0
0
0
0
0
0
0
0
0
0
0
0
0
0
0
0
0
0
0
0
0
0
0
0
0
0
0
0
0
0
0
0
0
0
0
0
0
0
0
0
0
0
0
0
0
0
0
0
0
0
0
0
0
0
0
0
0
0
0
0
0
0
0
0
0
0
0
0
0
0
0
0
0
0
0
0
0
0
0
0
0
0
0
0
0
0
0
0
0
0
0
0
0
0
0
0
0
0
0
0
0
0
0
0
0
0
0
0
0
0
0
0
0
0
0
0
0
0
0
0
0
0
0
0
0
0
0
0
0
0
0
0
0
0
0
0
0
0
0
0
0
0
0
0
0
0
0
0
0
0
0
0
0
0
0
0
0
0
0
0
0
0
0
0
0
0
0
0
0
0
0
0
0
0
0
0
0
0
0
0
0
0
0
0
0
0
0
0
0
0
0
0
0
0
0
0
0
0
0
0
0
0
0
0
0
0
0
0
0
0
0
0
0
0
0
0
0
0
0
0
0
0
0
0
0
0
0
0
0
0
0
0
0
0
0
0
0
0
0
0
0
0
0
0
0
0
0
0
0
0
0
0
0
0
0
0
0
0
0
0
0
0
0
0
0
0
0
0
0
0
0
0
0
0
0
0
0
0
0
0
0
0
0
0
0
0
0
0
0
0
0
0
0
0
0
0
0
0
0
0
0
0
0
0
0
0
0
0
0
0
0
0
0
0
0
0
0
0
0
0
0
0
0
0
0
0
0
0
0
0
0
0
0
0
0
0
0
0
0
0
0
0
0
0
0
0
0
0
0
0
0
0
0
0
0
0
0
0
0
0
0
0
0
0
0
0
0
0
0
0
0
0
0
0
0
0
0
0
0
0
0
0
0
0
0
0
0
0
0
0
0
0
0
0
0
0
0
0
0
0
0
0
0
0
0
0
0
0
0
0
0
0
0
0
0
0
0
0
0
0
0
0
0
0
0
0
0
0
0
0
0
0
0
0
0
0
0
0
0
0
0
0
0
0
0
0
0
0
0
0
0
0
0
0
0
0
0
0
0
0
0
0
0
0
0
0
0
0
0
0
0
0
0
0
0
0
0
0
0
0
0
0
0
0
0
0
0
0
0
0
0
0
0
0
0
0
0
0
0
0
0
0
0
0
0
0
0
0
0
0
0
0
0
0
0
0
0
0
0
0
0
0
0
0
0
0
0
0
0
0
0
0
0
0
0
0
0
0
0
0
0
0
0
0
0
0
0
0
0
0
0
0
0
0
0
0
0
0
0
0
0
0
0
0
0
0
0
0
0
0
0
0
0
0
0
0
0
0
0
0
0
0
0
0
0
0
0
0
0
0
0
0
0
0
0
0
0
0
0
0
0
0
0
0
0
0
0
0
0
0
0
0
0
0
0
0
0
0
0
0
0
0
0
0
0
0
0
0
0
0
0
0
0
0
0
0
0
0
0
0
0
0
0
0
0
0
0
0
0
0
0
0
0
0
0
0
0
0
0
0
0
0
0
0
0
0
0
0
0
0
0
0
0
0
0
0
0
0
0
0
0
0
0
0
0
0
0
0
0
0
0
0
0
0
0
0
0
0
0
0
0
0
0
0
0
0
0
0
0
0
0
0
0
0
0
0
0
0
0
0
0
0
0
0
0
0
0
0
0
0
0
0
0
0
0
0
0
0
0
0
0
0
0
0
0
0
0
0
0
0
0
0
0
0
0
0
0
0
0
0
0
0
0
0
0
0
0
0
0
0
0
0
0
0
0
0
0
0
0
0
0
0
0
0
0
0
0
0
0
0
0
0
0
0
0
0
0
0
0
0
0
0
0
0
0
0
0
0
0
0
0
0
0
0
0
0
0
0
0
0
0
0
0
0
0
0
0
0
0
0
0
0
0
0
0
0
0
0
0
0
0
0
0
0
0
0
0
0
0
0
0
0
0
0
0
0
0
0
0
0
0
0
0
0
0
0
0
0
0
0
0
0
0
0
0
0
0
0
0
0
0
0
0
0
0
0
0
0
0
0
0
0
0
0
0
0
0
0
0
0
0
0
0
0
0
0
0
0
0
0
0
0
0
0
0
0
0
0
0
0
0
0
0
0
0
0
0
0
0
0
0
0
0
0
0
0
0
0
0
0
0
0
0
0
0
0
0
0
0
0
0
0
0
0
0
0
0
0
0
0
0
0
0
0
0
0
0
0
0
0
0
0
0
0
0
0
0
0
0
0
0
0
0
0
0
0
0
0
0
0
0
0
0
0
0
0
0
0
0
0
0
0
0
0
0
0
0
0
0
0
0
0
0
0
0
0
0
0
0
0
0
0
0
0
0
0
0
0
0
0
0
0
0
0
0
0
0
0
0
0
0
0
0
0
0
0
0
0
0
0
0
0
0
0
0
0
0
0
0
0
0
0
0
0
0
0
0
0
0
0
0
0
0
0
0
0
0
0
0
0
0
0
0
0
0
0
0
0
0
0
0
0
0
0
0
0
0
0
0
0
0
0
0
0
0
0
0
0
0
0
0
0
0
0
0
0
0
0
0
0
0
0
0
0
0
0
0
0
0
0
0
0
0
0
0
0
0
0
0
0
0
0
0
0
0
0
0
0
0
0
0
0
0
0
0
0
0
0
0
0
0
0
0
0
0
0
0
0
0
0
0
0
0
0
0
0
0
0
0
0
0
0
0
0
0
0
0
0
0
0
0
0
0
0
0
0
0
0
0
0
0
0
0
0
0
0
0
0
0
0
0
0
0
0
0
0
0
0
0
0
0
0
0
0
0
0
0
0
0
0
0
0
0
0
0
0
0
0
0
0
0
0
0
0
0
0
0
0
0
0
0
0
0
0
0
0
0
0
0
0
0
0
0
0
0
0
0
0
0
0
0
0
0
0
0
0
0
0
0
0
0
0
0
0
0
0
0
0
0
0
0
0
0
0
0
0
0
0
0
0
0
0
0
0
0
0
0
0
0
0
0
0
0
0
0
0
0
0
0
0
0
0
0
0
0
0
0
0
0
0
0
0
0
0
0
0
0
0
0
0
0
0
0
0
0
0
0
0
0
0
0
0
0
0
0
0
0
0
0
0
0
0
0
0
0
0
0
0
0
0
0
0
0
0
0
0
0
0
0
0
0
0
0
0
0
0
0
0
0
0
0
0
0
0
0
0
0
0
0
0
0
0
0
0
0
0
0
0
0
0
0
0
0
0
0
0
0
0
0
0
0
0
0
0
0
0
0
0
0
0
0
0
0
0
0
0
0
0
0
0
0
0
0
0
0
0
0
0
0
0
0
0
0
0
0
0
0
0
0
0
0
0
0
0
0
0
0
0
0
0
0
0
0
0
0
0
0
0
0
0
0
0
0
0
0
0
0
0
0
0
0
0
0
0
0
0
0
0
0
0
0
0
0
0
0
0
0
0
0
0
0
0
0
0
0
0
0
0
0
0
0
0
0
0
0
0
0
0
0
0
0
0
0
0
0
0
0
0
0
0
0
0
0
0
0
0
0
0
0
0
0
0
0
0
0
0
0
0
0
0
0
0
0
0
0
0
0
0
0
0
0
0
0
0
0
0
0
0
0
0
0
0
0
0
0
0
0
0
0
0
0
0
0
0
0
0
0
0
0
0
0
0
0
0
0
0
0
0
0
0
0
0
0
0
0
0
0
0
0
0
0
0
0
0
0
0
0
0
0
0
0
0
0
0
0
0
0
0
0
0
0
0
0
0
0
0
0
0
0
0
0
0
0
0
0
0
0
0
0
0
0
0
0
0
0
0
0
0
0
0
0
0
0
0
0
0
0
0
0
0
0
0
0
0
0
0
0
0
0
0
0
0
0
0
0
0
0
0
0
0
0
0
0
0
0
0
0
0
0
0
0
0
0
0
0
0
0
0
0
0
0
0
0
0
0
0
0
0
0
0
0
0
0
0
0
0
0
0
0
0
0
0
0
0
0
0
0
0
0
0
0
0
0
0
0
0
0
0
0
0
0
0
0
0
0
0
0
0
0
0
0
0
0
0
0
0
0
0
0
0
0
0
0
0
0
0
0
0
0
0
0
0
0
0
0
0
0
0
0
0
0
0
0
0
0
0
0
0
0
0
0
0
0
0
0
0
0
0
0
0
0
0
0
0
0
0
0
0
0
0
0
0
0
0
0
0
0
0
0
0
0
0
0
0
0
0
0
0
0
0
0
0
0
0
0
0
0
0
0
0
0
0
0
0
0
0
0
0
0
0
0
0
0
0
0
0
0
0
0
0
0
0
0
0
0
0
0
0
0
0
0
0
0
0
0
0
0
0
0
0
0
0
0
0
0
0
0
0
0
0
0
0
0
0
0
0
0
0
0
0
0
0
0
0
0
0
0
0
0
0
0
0
0
0
0
0
0
0
0
0
0
0
0
0
0
0
0
0
0
0
0
0
0
0
0
0
0
0
0
0
0
0
0
0
0
0
0
0
0
0
0
0
0
0
0
0
0
0
0
0
0
0
0
0
0
0
0
0
0
0
0
0
0
0
0
0
0
0
0
0
0
0
0
0
0
0
0
0
0
0
0
0
0
0
0
0
0
0
0
0
0
0
0
0
0
0
0
0
0
0
0
0
0
0
0
0
0
0
0
0
0
0
0
0
0
0
0
0
0
0
0
0
0
0
0
0
0
0
0
0
0
0
0
0
0
0
0
0
0
0
0
0
0
0
0
0
0
0
0
0
0
0
0
0
0
0
0
0
0
0
0
0
0
0
0
0
0
0
0
0
0
0
0
0
0
0
0
0
0
0
0
0
0
0
0
0
0
0
0
0
0
0
0
0
0
0
0
0
0
0
0
0
0
0
0
0
0
0
0
0
0
0
0
0
0
0
0
0
0
0
0
0
0
0
0
0
0
0
0
0
0
0
0
0
0
0
0
0
0
0
0
0
0
0
0
0
0
0
0
0
0
0
0
0
0
0
0
0
0
0
0
0
0
0
0
0
0
0
0
0
0
0
0
0
0
0
0
0
0
0
0
0
0
0
0
0
0
0
0
0
0
0
0
0
0
0
0
0
0
0
0
0
0
0
0
0
0
0
0
0
0
0
0
0
0
0
0
0
0
0
0
0
0
0
0
0
0
0
0
0
0
0
0
0
0
0
0
0
0
0
0
0
0
0
0
0
0
0
0
0
0
0
0
0
0
0
0
0
0
0
0
0
0
0
0
0
0
0
0
0
0
0
0
0
0
0
0
0
0
0
0
0
0
0
0
0
0
0
0
0
0
0
0
0
0
0
0
0
0
0
0
0
0
0
0
0
0
0
0
0
0
0
0
0
0
0
0
0
0
0
0
0
0
0
0
0
0
0
0
0
0
0
0
0
0
0
0
0
0
0
0
0
0
0
0
0
0
0
0
0
0
0
0
0
0
0
0
0
0
0
0
0
0
0
0
0
0
0
0
0
0
0
0
0
0
0
0
0
0
0
0
0
0
0
0
0
0
0
0
0
0
0
0
0
0
0
0
0
0
0
0
0
0
0
0
0
0
0
0
0
0
0
0
0
0
0
0
0
0
0
0
0
0
0
0
0
0
0
0
0
0
0
0
0
0
0
0
0
0
0
0
0
0
0
0
0
0
0
0
0
0
0
0
0
0
0
0
0
0
0
0
0
0
0
0
0
0
0
0
0
0
0
0
0
0
0
0
0
0
0
0
0
0
0
0
0
0
0
0
0
0
0
0
0
0
0
0
0
0
0
0
0
0
0
0
0
0
0
0
0
0
0
0
0
0
0
0
0
0
0
0
0
0
0
0
0
0
0
0
0
0
0
0
0
0
0
0
0
0
0
0
0
0
0
0
0
0
0
0
0
0
0
0
0
0
0
0
0
0
0
0
0
0
0
0
0
0
0
0
0
0
0
0
0
0
0
0
0
0
0
0
0
0
0
0
0
0
0
0
0
0
0
0
0
0
0
0
0
0
0
0
0
0
0
0
0
0
0
0
0
0
0
0
0
0
0
0
0
0
0
0
0
0
0
0
0
0
0
0
0
0
0
0
0
0
0
0
0
0
0
0
0
0
0
0
0
0
0
0
0
0
0
0
0
0
0
0
0
0
0
0
0
0
0
0
0
0
0
0
0
0
0
0
0
0
0
0
0
0
0
0
0
0
0
0
0
0
0
0
0
0
0
0
0
0
0
0
0
0
0
0
0
0
0
0
0
0
0
0
0
0
0
0
0
0
0
0
0
0
0
0
0
0
0
0
0
0
0
0
0
0
0
0
0
0
0
0
0
0
0
0
0
0
0
0
0
0
0
0
0
0
0
0
0
0
0
0
0
0
0
0
0
0
0
0
0
0
0
0
0
0
0
0
0
0
0
0
0
0
0
0
0
0
0
0
0
0
0
0
0
0
0
0
0
0
0
0
0
0
0
0
0
0
0
0
0
0
0
0
0
0
0
0
0
0
0
0
0
0
0
0
0
0
0
0
0
0
0
0
0
0
0
0
0
0
0
0
0
0
0
0
0
0
0
0
0
0
0
0
0
0
0
0
0
0
0
0
0
0
0
0
0
0
0
0
0
0
0
0
0
0
0
0
0
0
0
0
0
0
0
0
0
0
0
0
0
0
0
0
0
0
0
0
0
0
0
0
0
0
0
0
0
0
0
0
0
0
0
0
0
0
0
0
0
0
0
0
0
0
0
0
0
0
0
0
0
0
0
0
0
0
0
0
0
0
0
0
0
0
0
0
0
0
0
0
0
0
0
0
0
0
0
0
0
0
0
0
0
0
0
0
0
0
0
0
0
0
0
0
0
0
0
0
0
0
0
0
0
0
0
0
0
0
0
0
0
0
0
0
0
0
0
0
0
0
0
0
0
0
0
0
0
0
0
0
0
0
0
0
0
0
0
0
0
0
0
0
0
0
0
0
0
0
0
0
0
0
0
0
0
0
0
0
0
0
0
0
0
0
0
0
0
0
0
0
0
0
0
0
0
0
0
0
0
0
0
0
0
0
0
0
0
0
0
0
0
0
0
0
0
0
0
0
0
0
0
0
0
0
0
0
0
0
0
0
0
0
0
0
0
0
0
0
0
0
0
0
0
0
0
0
0
0
0
0
0
0
0
0
0
0
0
0
0
0
0
0
0
0
0
0
0
0
0
0
0
0
0
0
0
0
0
0
0
0
0
0
0
0
0
0
0
0
0
0
0
0
0
0
0
0
0
0
0
0
0
0
0
0
0
0
0
0
0
0
0
0
0
0
0
0
0
0
0
0
0
0
0
0
0
0
0
0
0
0
0
0
0
0
0
0
0
0
0
0
0
0
0
0
0
0
0
0
0
0
0
0
0
0
0
0
0
0
0
0
0
0
0
0
0
0
0
0
0
0
0
0
0
0
0
0
0
0
0
0
0
0
0
0
0
0
0
0
0
0
0
0
0
0
0
0
0
0
0
0
0
0
0
0
0
0
0
0
0
0
0
0
0
0
0
0
0
0
0
0
0
0
0
0
0
0
0
0
0
0
0
0
0
0
0
0
0
0
0
0
0
0
0
0
0
0
0
0
0
0
0
0
0
0
0
0
0
0
0
0
0
0
0
0
0
0
0
0
0
0
0
0
0
0
0
0
0
0
0
0
0
0
0
0
0
0
0
0
0
0
0
0
0
0
0
0
0
0
0
0
0
0
0
0
0
0
0
0
0
0
0
0
0
0
0
0
0
0
0
0
0
0
0
0
0
0
0
0
0
0
0
0
0
0
0
0
0
0
0
0
0
0
0
0
0
0
0
0
0
0
0
0
0
0
0
0
0
0
0
0
0
0
0
0
0
0
0
0
0
0
0
0
0
0
0
0
0
0
0
0
0
0
0
0
0
0
0
0
0
0
0
0
0
0
0
0
0
0
0
0
0
0
0
0
0
0
0
0
0
0
0
0
0
0
0
0
0
0
0
0
0
0
0
0
0
0
0
0
0
0
0
0
0
0
0
0
0
0
0
0
0
0
0
0
0
0
0
0
0
0
0
0
0
0
0
0
0
0
0
0
0
0
0
0
0
0
0
0
0
0
0
0
0
0
0
0
0
0
0
0
0
0
0
0
0
0
0
0
0
0
0
0
0
0
0
0
0
0
0
0
0
0
0
0
0
0
0
0
0
0
0
0
0
0
0
0
0
0
0
0
0
0
0
0
0
0
0
0
0
0
0
0
0
0
0
0
0
0
0
0
0
0
0
0
0
0
0
0
0
0
0
0
0
0
0
0
0
0
0
0
0
0
0
0
0
0
0
0
0
0
0
0
0
0
0
0
0
0
0
0
0
0
0
0
0
0
0
0
0
0
0
0
0
0
0
0
0
0
0
0
0
0
0
0
0
0
0
0
0
0
0
0
0
0
0
0
0
0
0
0
0
0
0
0
0
0
0
0
0
0
0
0
0
0
0
0
0
0
0
0
0
0
0
0
0
0
0
0
0
0
0
0
0
0
0
0
0
0
0
0
0
0
0
0
0
0
0
0
0
0
0
0
0
0
0
0
0
0
0
0
0
0
0
0
0
0
0
0
0
0
0
0
0
0
0
0
0
0
0
0
0
0
0
0
0
0
0
0
0
0
0
0
0
0
0
0
0
0
0
0
0
0
0
0
0
0
0
0
0
0
0
0
0
0
0
0
0
0
0
0
0
0
0
0
0
0
0
0
0
0
0
0
0
0
0
0
0
0
0
0
0
0
0
0
0
0
0
0
0
0
0
0
0
0
0
0
0
0
0
0
0
0
0
0
0
0
0
0
0
0
0
0
0
0
0
0
0
0
0
0
0
0
0
0
0
0
0
0
0
0
0
0
0
0
0
0
0
0
0
0
0
0
0
0
0
0
0
0
0
0
0
0
0
0
0
0
0
0
0
0
0
0
0
0
0
0
0
0
0
0
0
0
0
0
0
0
0
0
0
0
0
0
0
0
0
0
0
0
0
0
0
0
0
0
0
0
0
0
0
0
0
0
0
0
0
0
0
0
0
0
0
0
0
0
0
0
0
0
0
0
0
0
0
0
0
0
0
0
0
0
0
0
0
0
0
0
0
0
0
0
0
0
0
0
0
0
0
0
0
0
0
0
0
0
0
0
0
0
0
0
0
0
0
0
0
0
0
0
0
0
0
0
0
0
0
0
0
0
0
0
0
0
0
0
0
0
0
0
0
0
0
0
0
0
0
0
0
0
0
0
0
0
0
0
0
0
0
0
0
0
0
0
0
0
0
0
0
0
0
0
0
0
0
0
0
0
0
0
0
0
0
0
0
0
0
0
0
0
0
0
0
0
0
0
0
0
0
0
0
0
0
0
0
0
0
0
0
0
0
0
0
0
0
0
0
0
0
0
0
0
0
0
0
0
0
0
0
0
0
0
0
0
0
0
0
0
0
0
0
0
0
0
0
0
0
0
0
0
0
0
0
0
0
0
0
0
0
0
0
0
0
0
0
0
0
0
0
0
0
0
0
0
0
0
0
0
0
0
0
0
0
0
0
0
0
0
0
0
0
0
0
0
0
0
0
0
0
0
0
0
0
0
0
0
0
0
0
0
0
0
0
0
0
0
0
0
0
0
0
0
0
0
0
0
0
0
0
0
0
0
0
0
0
0
0
0
0
0
0
0
0
0
0
0
0
0
0
0
0
0
0
0
0
0
0
0
0
0
0
0
0
0
0
0
0
0
0
0
0
0
0
0
0
0
0
0
0
0
0
0
0
0
0
0
0
0
0
0
0
0
0
0
0
0
0
0
0
0
0
0
0
0
0
0
0
0
0
0
0
0
0
0
0
0
0
0
0
0
0
0
0
0
0
0
0
0
0
0
0
0
0
0
0
0
0
0
0
0
0
0
0
0
0
0
0
0
0
0
0
0
0
0
0
0
0
0
0
0
0
0
0
0
0
0
0
0
0
0
0
0
0
0
0
0
0
0
0
0
0
0
0
0
0
0
0
0
0
0
0
0
0
0
0
0
0
0
0
0
0
0
0
0
0
0
0
0
0
0
0
0
0
0
0
0
0
0
0
0
0
0
0
0
0
0
0
0
0
0
0
0
0
0
0
0
0
0
0
0
0
0
0
0
0
0
0
0
0
0
0
0
0
0
0
0
0
0
0
0
0
0
0
0
0
0
0
0
0
0
0
0
0
0
0
0
0
0
0
0
0
0
0
0
0
0
0
0
0
0
0
0
0
0
0
0
0
0
0
0
0
0
0
0
0
0
0
0
0
0
0
0
0
0
0
0
0
0
0
0
0
0
0
0
0
0
0
0
0
0
0
0
0
0
0
0
0
0
0
0
0
0
0
0
0
0
0
0
0
0
0
0
0
0
0
0
0
0
0
0
0
0
0
0
0
0
0
0
0
0
0
0
0
0
0
0
0
0
0
0
0
0
0
0
0
0
0
0
0
0
0
0
0
0
0
0
0
0
0
0
0
0
0
0
0
0
0
0
0
0
0
0
0
0
0
0
0
0
0
0
0
0
0
0
0
0
0
0
0
0
0
0
0
0
0
0
0
0
0
0
0
0
0
0
0
0
0
0
0
0
0
0
0
0
0
0
0
0
0
0
0
0
0
0
0
0
0
0
0
0
0
0
0
0
0
0
0
0
0
0
0
0
0
0
0
0
0
0
0
0
0
0
0
0
0
0
0
0
0
0
0
0
0
0
0
0
0
0
0
0
0
0
0
0
0
0
0
0
0
0
0
0
0
0
0
0
0
0
0
0
0
0
0
0
0
0
0
0
0
0
0
0
0
0
0
0
0
0
0
0
0
0
0
0
0
0
0
0
0
0
0
0
0
0
0
0
0
0
0
0
0
0
0
0
0
0
0
0
0
0
0
0
0
0
0
0
0
0
0
0
0
0
0
0
0
0
0
0
0
0
0
0
0
0
0
0
0
0
0
0
0
0
0
0
0
0
0
0
0
0
0
0
0
0
0
0
0
0
0
0
0
0
0
0
0
0
0
0
0
0
0
0
0
0
0
0
0
0
0
0
0
0
0
0
0
0
0
0
0
0
0
0
0
0
0
0
0
0
0
0
0
0
0
0
0
0
0
0
0
0
0
0
0
0
0
0
0
0
0
0
0
0
0
0
0
0
0
0
0
0
0
0
0
0
0
0
0
0
0
0
0
0
0
0
0
0
0
0
0
0
0
0
0
0
0
0
0
0
0
0
0
0
0
0
0
0
0
0
0
0
0
0
0
0
0
0
0
0
0
0
0
0
0
0
0
0
0
0
0
0
0
0
0
0
0
0
0
0
0
0
0
0
0
0
0
0
0
0
0
0
0
0
0
0
0
0
0
0
0
0
0
0
0
0
0
0
0
0
0
0
0
0
0
0
0
0
0
0
0
0
0
0
0
0
0
0
0
0
0
0
0
0
0
0
0
0
0
0
0
0
0
0
0
0
0
0
0
0
0
0
0
0
0
0
0
0
0
0
0
0
0
0
0
0
0
0
0
0
0
0
0
0
0
0
0
0
0
0
0
0
0
0
0
0
0
0
0
0
0
0
0
0
0
0
0
0
0
0
0
0
0
0
0
0
0
0
0
0
0
0
0
0
0
0
0
0
0
0
0
0
0
0
0
0
0
0
0
0
0
0
0
0
0
0
0
0
0
0
0
0
0
0
0
0
0
0
0
0
0
0
0
0
0
0
0
0
0
0
0
0
0
0
0
0
0
0
0
0
0
0
0
0
0
0
0
0
0
0
0
0
0
0
0
0
0
0
0
0
0
0
0
0
0
0
0
0
0
0
0
0
0
0
0
0
0
0
0
0
0
0
0
0
0
0
0
0
0
0
0
0
0
0
0
0
0
0
0
0
0
0
0
0
0
0
0
0
0
0
0
0
0
0
0
0
0
0
0
0
0
0
0
0
0
0
0
0
0
0
0
0
0
0
0
0
0
0
0
0
0
0
0
0
0
0
0
0
0
0
0
0
0
0
0
0
0
0
0
0
0
0
0
0
0
0
0
0
0
0
0
0
0
0
0
0
0
0
0
0
0
0
0
0
0
0
0
0
0
0
0
0
0
0
0
0
0
0
0
0
0
0
0
0
0
0
0
0
0
0
0
0
0
0
0
0
0
0
0
0
0
0
0
0
0
0
0
0
0
0
0
0
0
0
0
0
0
0
0
0
0
0
0
0
0
0
0
0
0
0
0
0
0
0
0
0
0
0
0
0
0
0
0
0
0
0
0
0
0
0
0
0
0
0
0
0
0
0
0
0
0
0
0
0
0
0
0
0
0
0
0
0
0
0
0
0
0
0
0
0
0
0
0
0
0
0
0
0
0
0
0
0
0
0
0
0
0
0
0
0
0
0
0
0
0
0
0
0
0
0
0
0
0
0
0
0
0
0
0
0
0
0
0
0
0
0
0
0
0
0
0
0
0
0
0
0
0
0
0
0
0
0
0
0
0
0
0
0
0
0
0
0
0
0
0
0
0
0
0
0
0
0
0
0
0
0
0
0
0
0
0
0
0
0
0
0
0
0
0
0
0
0
0
0
0
0
0
0
0
0
0
0
0
0
0
0
0
0
0
0
0
0
0
0
0
0
0
0
0
0
0
0
0
0
0
0
0
0
0
0
0
0
0
0
0
0
0
0
0
0
0
0
0
0
0
0
0
0
0
0
0
0
0
0
0
0
0
0
0
0
0
0
0
0
0
0
0
0
0
0
0
0
0
0
0
0
0
0
0
0
0
0
0
0
0
0
0
0
0
0
0
0
0
0
0
0
0
0
0
0
0
0
0
0
0
0
0
0
0
0
0
0
0
0
0
0
0
0
0
0
0
0
0
0
0
0
0
0
0
0
0
0
0
0
0
0
0
0
0
0
0
0
0
0
0
0
0
0
0
0
0
0
0
0
0
0
0
0
0
0
0
0
0
0
0
0
0
0
0
0
0
0
0
0
0
0
0
0
0
0
0
0
0
0
0
0
0
0
0
0
0
0
0
0
0
0
0
0
0
0
0
0
0
0
0
0
0
0
0
0
0
0
0
0
0
0
0
0
0
0
0
0
0
0
0
0
0
0
0
0
0
0
0
0
0
0
0
0
0
0
0
0
0
0
0
0
0
0
0
0
0
0
0
0
0
0
0
0
0
0
0
0
0
0
0
0
0
0
0
0
0
0
0
0
0
0
0
0
0
0
0
0
0
0
0
0
0
0
0
0
0
0
0
0
0
0
0
0
0
0
0
0
0
0
0
0
0
0
0
0
0
0
0
0
0
0
0
0
0
0
0
0
0
0
0
0
0
0
0
0
0
0
0
0
0
0
0
0
0
0
0
0
0
0
0
0
0
0
0
0
0
0
0
0
0
0
0
0
0
0
0
0
0
0
0
0
0
0
0
0
0
0
0
0
0
0
0
0
0
0
0
0
0
0
0
0
0
0
0
0
0
0
0
0
0
0
0
0
0
0
0
0
0
0
0
0
0
0
0
0
0
0
0
0
0
0
0
0
0
0
0
0
0
0
0
0
0
0
0
0
0
0
0
0
0
0
0
0
0
0
0
0
0
0
0
0
0
0
0
0
0
0
0
0
0
0
0
0
0
0
0
0
0
0
0
0
0
0
0
0
0
0
0
0
0
0
0
0
0
0
0
0
0
0
0
0
0
0
0
0
0
0
0
0
0
0
0
0
0
0
0
0
0
0
0
0
0
0
0
0
0
0
0
0
0
0
0
0
0
0
0
0
0
0
0
0
0
0
0
0
0
0
0
0
0
0
0
0
0
0
0
0
0
0
0
0
0
0
0
0
0
0
0
0
0
0
0
0
0
0
0
0
0
0
0
0
0
0
0
0
0
0
0
0
0
0
0
0
0
0
0
0
0
0
0
0
0
0
0
0
0
0
0
0
0
0
0
0
0
0
0
0
0
0
0
0
0
0
0
0
0
0
0
0
0
0
0
0
0
0
0
0
0
0
0
0
0
0
0
0
0
0
0
0
0
0
0
0
0
0
0
0
0
0
0
0
0
0
0
0
0
0
0
0
0
0
0
0
0
0
0
0
0
0
0
0
0
0
0
0
0
0
0
0
0
0
0
0
0
0
0
0
0
0
0
0
0
0
0
0
0
0
0
0
0
0
0
0
0
0
0
0
0
0
0
0
0
0
0
0
0
0
0
0
0
0
0
0
0
0
0
0
0
0
0
0
0
0
0
0
0
0
0
0
0
0
0
0
0
0
0
0
0
0
0
0
0
0
0
0
0
0
0
0
0
0
0
0
0
0
0
0
0
0
0
0
0
0
0
0
0
0
0
0
0
0
0
0
0
0
0
0
0
0
0
0
0
0
0
0
0
0
0
0
0
0
0
0
0
0
0
0
0
0
0
0
0
0
0
0
0
0
0
0
0
0
0
0
0
0
0
0
0
0
0
0
0
0
0
0
0
0
0
0
0
0
0
0
0
0
0
0
0
0
0
0
0
0
0
0
0
0
0
0
0
0
0
0
0
0
0
0
0
0
0
0
0
0
0
0
0
0
0
0
0
0
0
0
0
0
0
0
0
0
0
0
0
0
0
0
0
0
0
0
0
0
0
0
0
0
0
0
0
0
0
0
0
0
0
0
0
0
0
0
0
0
0
0
0
0
0
0
0
0
0
0
0
0
0
0
0
0
0
0
0
0
0
0
0
0
0
0
0
0
0
0
0
0
0
0
0
0
0
0
0
0
0
0
0
0
0
0
0
0
0
0
0
0
0
0
0
0
0
0
0
0
0
0
0
0
0
0
0
0
0
0
0
0
0
0
0
0
0
0
0
0
0
0
0
0
0
0
0
0
0
0
0
0
0
0
0
0
0
0
0
0
0
0
0
0
0
0
0
0
0
0
0
0
0
0
0
0
0
0
0
0
0
0
0
0
0
0
0
0
0
0
0
0
0
0
0
0
0
0
0
0
0
0
0
0
0
0
0
0
0
0
0
0
0
0
0
0
0
0
0
0
0
0
0
0
0
0
0
0
0
0
0
0
0
0
0
0
0
0
0
0
0
0
0
0
0
0
0
0
0
0
0
0
0
0
0
0
0
0
0
0
0
0
0
0
0
0
0
0
0
0
0
0
0
0
0
0
0
0
0
0
0
0
0
0
0
0
0
0
0
0
0
0
0
0
0
0
0
0
0
0
0
0
0
0
0
0
0
0
0
0
0
0
0
0
0
0
0
0
0
0
0
0
0
0
0
0
0
0
0
0
0
0
0
0
0
0
0
0
0
0
0
0
0
0
0
0
0
0
0
0
0
0
0
0
0
0
0
0
0
0
0
0
0
0
0
0
0
0
0
0
0
0
0
0
0
0
0
0
0
0
0
0
0
0
0
0
0
0
0
0
0
0
0
0
0
0
0
0
0
0
0
0
0
0
0
0
0
0
0
0
0
0
0
0
0
0
0
0
0
0
0
0
0
0
0
0
0
0
0
0
0
0
0
0
0
0
0
0
0
0
0
0
0
0
0
0
0
0
0
0
0
0
0
0
0
0
0
0
0
0
0
0
0
0
0
0
0
0
0
0
0
0
0
0
0
0
0
0
0
0
0
0
0
0
0
0
0
0
0
0
0
0
0
0
0
0
0
0
0
0
0
0
0
0
0
0
0
0
0
0
0
0
0
0
0
0
0
0
0
0
0
0
0
0
0
0
0
0
0
0
0
0
0
0
0
0
0
0
0
0
0
0
0
0
0
0
0
0
0
0
0
0
0
0
0
0
0
0
0
0
0
0
0
0
0
0
0
0
0
0
0
0
0
0
0
0
0
0
0
0
0
0
0
0
0
0
0
0
0
0
0
0
0
0
0
0
0
0
0
0
0
0
0
0
0
0
0
0
0
0
0
0
0
0
0
0
0
0
0
0
0
0
0
0
0
0
0
0
0
0
0
0
0
0
0
0
0
0
0
0
0
0
0
0
0
0
0
0
0
0
0
0
0
0
0
0
0
0
0
0
0
0
0
0
0
0
0
0
0
0
0
0
0
0
0
0
0
0
0
0
0
0
0
0
0
0
0
0
0
0
0
0
0
0
0
0
0
0
0
0
0
0
0
0
0
0
0
0
0
0
0
0
0
0
0
0
0
0
0
0
0
0
0
0
0
0
0
0
0
0
0
0
0
0
0
0
0
0
0
0
0
0
0
0
0
0
0
0
0
0
0
0
0
0
0
0
0
0
0
0
0
0
0
0
0
0
0
0
0
0
0
0
0
0
0
0
0
0
0
0
0
0
0
0
0
0
0
0
0
0
0
0
0
0
0
0
0
0
0
0
0
0
0
0
0
0
0
0
0
0
0
0
0
0
0
0
0
0
0
0
0
0
0
0
0
0
0
0
0
0
0
0
0
0
0
0
0
0
0
0
0
0
0
0
0
0
0
0
0
0
0
0
0
0
0
0
0
0
0
0
0
0
0
0
0
0
0
0
0
0
0
0
0
0
0
0
0
0
0
0
0
0
0
0
0
0
0
0
0
0
0
0
0
0
0
0
0
0
0
0
0
0
0
0
0
0
0
0
0
0
0
0
0
0
0
0
0
0
0
0
0
0
0
0
0
0
0
0
0
0
0
0
0
0
0
0
0
0
0
0
0
0
0
0
0
0
0
0
0
0
0
0
0
0
0
0
0
0
0
0
0
0
0
0
0
0
0
0
0
0
0
0
0
0
0
0
0
0
0
0
0
0
0
0
0
0
0
0
0
0
0
0
0
0
0
0
0
0
0
0
0
0
0
0
0
0
0
0
0
0
0
0
0
0
0
0
0
0
0
0
0
0
0
0
0
0
0
0
0
0
0
0
0
0
0
0
0
0
0
0
0
0
0
0
0
0
0
0
0
0
0
0
0
0
0
0
0
0
0
0
0
0
0
0
0
0
0
0
0
0
0
0
0
0
0
0
0
0
0
0
0
0
0
0
0
0
0
0
0
0
0
0
0
0
0
0
0
0
0
0
0
0
0
0
0
0
0
0
0
0
0
0
0
0
0
0
0
0
0
0
0
0
0
0
0
0
0
0
0
0
0
0
0
0
0
0
0
0
0
0
0
0
0
0
0
0
0
0
0
0
0
0
0
0
0
0
0
0
0
0
0
0
0
0
0
0
0
0
0
0
0
0
0
0
0
0
0
0
0
0
0
0
0
0
0
0
0
0
0
0
0
0
0
0
0
0
0
0
0
0
0
0
0
0
0
0
0
0
0
0
0
0
0
0
0
0
0
0
0
0
0
0
0
0
0
0
0
0
0
0
0
0
0
0
0
0
0
0
0
0
0
0
0
0
0
0
0
0
0
0
0
0
0
0
0
0
0
0
0
0
0
0
0
0
0
0
0
0
0
0
0
0
0
0
0
0
0
0
0
0
0
0
0
0
0
0
0
0
0
0
0
0
0
0
0
0
0
0
0
0
0
0
0
0
0
0
0
0
0
0
0
0
0
0
0
0
0
0
0
0
0
0
0
0
0
0
0
0
0
0
0
0
0
0
0
0
0
0
0
0
0
0
0
0
0
0
0
0
0
0
0
0
0
0
0
0
0
0
0
0
0
0
0
0
0
0
0
0
0
0
0
0
0
0
0
0
0
0
0
0
0
0
0
0
0
0
0
0
0
0
0
0
0
0
0
0
0
0
0
0
0
0
0
0
0
0
0
0
0
0
0
0
0
0
0
0
0
0
0
0
0
0
0
0
0
0
0
0
0
0
0
0
0
0
0
0
0
0
0
0
0
0
0
0
0
0
0
0
0
0
0
0
0
0
0
0
0
0
0
0
0
0
0
0
0
0
0
0
0
0
0
0
0
0
0
0
0
0
0
0
0
0
0
0
0
0
0
0
0
0
0
0
0
0
0
0
0
0
0
0
0
0
0
0
0
0
0
0
0
0
0
0
0
0
0
0
0
0
0
0
0
0
0
0
0
0
0
0
0
0
0
0
0
0
0
0
0
0
0
0
0
0
0
0
0
0
0
0
0
0
0
0
0
0
0
0
0
0
0
0
0
0
0
0
0
0
0
0
0
0
0
0
0
0
0
0
0
0
0
0
0
0
0
0
0
0
0
0
0
0
0
0
0
0
0
0
0
0
0
0
0
0
0
0
0
0
0
0
0
0
0
0
0
0
0
0
0
0
0
0
0
0
0
0
0
0
0
0
0
0
0
0
0
0
0
0
0
0
0
0
0
0
0
0
0
0
0
0
0
0
0
0
0
0
0
0
0
0
0
0
0
0
0
0
0
0
0
0
0
0
0
0
0
0
0
0
0
0
0
0
0
0
0
0
0
0
0
0
0
0
0
0
0
0
0
0
0
0
0
0
0
0
0
0
0
0
0
0
0
0
0
0
0
0
0
0
0
0
0
0
0
0
0
0
0
0
0
0
0
0
0
0
0
0
0
0
0
0
0
0
0
0
0
0
0
0
0
0
0
0
0
0
0
0
0
0
0
0
0
0
0
0
0
0
0
0
0
0
0
0
0
0
0
0
0
0
0
0
0
0
0
0
0
0
0
0
0
0
0
0
0
0
0
0
0
0
0
0
0
0
0
0
0
0
0
0
0
0
0
0
0
0
0
0
0
0
0
0
0
0
0
0
0
0
0
0
0
0
0
0
0
0
0
0
0
0
0
0
0
0
0
0
0
0
0
0
0
0
0
0
0
0
0
0
0
0
0
0
0
0
0
0
0
0
0
0
0
0
0
0
0
0
0
0
0
0
0
0
0
0
0
0
0
0
0
0
0
0
0
0
0
0
0
0
0
0
0
0
0
0
0
0
0
0
0
0
0
0
0
0
0
0
0
0
0
0
0
0
0
0
0
0
0
0
0
0
0
0
0
0
0
0
0
0
0
0
0
0
0
0
0
0
0
0
0
0
0
0
0
0
0
0
0
0
0
0
0
0
0
0
0
0
0
0
0
0
0
0
0
0
0
0
0
0
0
0
0
0
0
0
0
0
0
0
0
0
0
0
0
0
0
0
0
0
0
0
0
0
0
0
0
0
0
0
0
0
0
0
0
0
0
0
0
0
0
0
0
0
0
0
0
0
0
0
0
0
0
0
0
0
0
0
0
0
0
0
0
0
0
0
0
0
0
0
0
0
0
0
0
0
0
0
0
0
0
0
0
0
0
0
0
0
0
0
0
0
0
0
0
0
0
0
0
0
0
0
0
0
0
0
0
0
0
0
0
0
0
0
0
0
0
0
0
0
0
0
0
0
0
0
0
0
0
0
0
0
0
0
0
0
0
0
0
0
0
0
0
0
0
0
0
0
0
0
0
0
0
0
0
0
0
0
0
0
0
0
0
0
0
0
0
0
0
0
0
0
0
0
0
0
0
0
0
0
0
0
0
0
0
0
0
0
0
0
0
0
0
0
0
0
0
0
0
0
0
0
0
0
0
0
0
0
0
0
0
0
0
0
0
0
0
0
0
0
0
0
0
0
0
0
0
0
0
0
0
0
0
0
0
0
0
0
0
0
0
0
0
0
0
0
0
0
0
0
0
0
0
0
0
0
0
0
0
0
0
0
0
0
0
0
0
0
0
0
0
0
0
0
0
0
0
0
0
0
0
0
0
0
0
0
0
0
0
0
0
0
0
0
0
0
0
0
0
0
0
0
0
0
0
0
0
0
0
0
0
0
0
0
0
0
0
0
0
0
0
0
0
0
0
0
0
0
0
0
0
0
0
0
0
0
0
0
0
0
0
0
0
0
0
0
0
0
0
0
0
0
0
0
0
0
0
0
0
0
0
0
0
0
0
0
0
0
0
0
0
0
0
0
0
0
0
0
0
0
0
0
0
0
0
0
0
0
0
0
0
0
0
0
0
0
0
0
0
0
0
0
0
0
0
0
0
0
0
0
0
0
0
0
0
0
0
0
0
0
0
0
0
0
0
0
0
0
0
0
0
0
0
0
0
0
0
0
0
0
0
0
0
0
0
0
0
0
0
0
0
0
0
0
0
0
0
0
0
0
0
0
0
0
0
0
0
0
0
0
0
0
0
0
0
0
0
0
0
0
0
0
0
0
0
0
0
0
0
0
0
0
0
0
0
0
0
0
0
0
0
0
0
0
0
0
0
0
0
0
0
0
0
0
0
0
0
0
0
0
0
0
0
0
0
0
0
0
0
0
0
0
0
0
0
0
0
0
0
0
0
0
0
0
0
0
0
0
0
0
0
0
0
0
0
0
0
0
0
0
0
0
0
0
0
0
0
0
0
0
0
0
0
0
0
0
0
0
0
0
0
0
0
0
0
0
0
0
0
0
0
0
0
0
0
0
0
0
0
0
0
0
0
0
0
0
0
0
0
0
0
0
0
0
0
0
0
0
0
0
0
0
0
0
0
0
0
0
0
0
0
0
0
0
0
0
0
0
0
0
0
0
0
0
0
0
0
0
0
0
0
0
0
0
0
0
0
0
0
0
0
0
0
0
0
0
0
0
0
0
0
0
0
0
0
0
0
0
0
0
0
0
0
0
0
0
0
0
0
0
0
0
0
0
0
0
0
0
0
0
0
0
0
0
0
0
0
0
0
0
0
0
0
0
0
0
0
0
0
0
0
0
0
0
0
0
0
0
0
0
0
0
0
0
0
0
0
0
0
0
0
0
0
0
0
0
0
0
0
0
0
0
0
0
0
0
0
0
0
0
0
0
0
0
0
0
0
0
0
0
0
0
0
0
0
0
0
0
0
0
0
0
0
0
0
0
0
0
0
0
0
0
0
0
0
0
0
0
0
0
0
0
0
0
0
0
0
0
0
0
0
0
0
0
0
0
0
0
0
0
0
0
0
0
0
0
0
0
0
0
0
0
0
0
0
0
0
0
0
0
0
0
0
0
0
0
0
0
0
0
0
0
0
0
0
0
0
0
0
0
0
0
0
0
0
0
0
0
0
0
0
0
0
0
0
0
0
0
0
0
0
0
0
0
0
0
0
0
0
0
0
0
0
0
0
0
0
0
0
0
0
0
0
0
0
0
0
0
0
0
0
0
0
0
0
0
0
0
0
0
0
0
0
0
0
0
0
0
0
0
0
0
0
0
0
0
0
0
0
0
0
0
0
0
0
0
0
0
0
0
0
0
0
0
0
0
0
0
0
0
0
0
0
0
0
0
0
0
0
0
0
0
0
0
0
0
0
0
0
0
0
0
0
0
0
0
0
0
0
0
0
0
0
0
0
0
0
0
0
0
0
0
0
0
0
0
0
0
0
0
0
0
0
0
0
0
0
0
0
0
0
0
0
0
0
0
0
0
0
0
0
0
0
0
0
0
0
0
0
0
0
0
0
0
0
0
0
0
0
0
0
0
0
0
0
0
0
0
0
0
0
0
0
0
0
0
0
0
0
0
0
0
0
0
0
0
0
0
0
0
0
0
0
0
0
0
0
0
0
0
0
0
0
0
0
0
0
0
0
0
0
0
0
0
0
0
0
0
0
0
0
0
0
0
0
0
0
0
0
0
0
0
0
0
0
0
0
0
0
0
0
0
0
0
0
0
0
0
0
0
0
0
0
0
0
0
0
0
0
0
0
0
0
0
0
0
0
0
0
0
0
0
0
0
0
0
0
0
0
0
0
0
0
0
0
0
0
0
0
0
0
0
0
0
0
0
0
0
0
0
0
0
0
0
0
0
0
0
0
0
0
0
0
0
0
0
0
0
0
0
0
0
0
0
0
0
0
0
0
0
0
0
0
0
0
0
0
0
0
0
0
0
0
0
0
0
0
0
0
0
0
0
0
0
0
0
0
0
0
0
0
0
0
0
0
0
0
0
0
0
0
0
0
0
0
0
0
0
0
0
0
0
0
0
0
0
0
0
0
0
0
0
0
0
0
0
0
0
0
0
0
0
0
0
0
0
0
0
0
0
0
0
0
0
0
0
0
0
0
0
0
0
0
0
0
0
0
0
0
0
0
0
0
0
0
0
0
0
0
0
0
0
0
0
0
0
0
0
0
0
0
0
0
0
0
0
0
0
0
0
0
0
0
0
0
0
0
0
0
0
0
0
0
0
0
0
0
0
0
0
0
0
0
0
0
0
0
0
0
0
0
0
0
0
0
0
0
0
0
0
0
0
0
0
0
0
0
0
0
0
0
0
0
0
0
0
0
0
0
0
0
0
0
0
0
0
0
0
0
0
0
0
0
0
0
0
0
0
0
0
0
0
0
0
0
0
0
0
0
0
0
0
0
0
0
0
0
0
0
0
0
0
0
0
0
0
0
0
0
0
0
0
0
0
0
0
0
0
0
0
0
0
0
0
0
0
0
0
0
0
0
0
0
0
0
0
0
0
0
0
0
0
0
0
0
0
0
0
0
0
0
0
0
0
0
0
0
0
0
0
0
0
0
0
0
0
0
0
0
0
0
0
0
0
0
0
0
0
0
0
0
0
0
0
0
0
0
0
0
0
0
0
0
0
0
0
0
0
0
0
0
0
0
0
0
0
0
0
0
0
0
0
0
0
0
0
0
0
0
0
0
0
0
0
0
0
0
0
0
0
0
0
0
0
0
0
0
0
0
0
0
0
0
0
0
0
0
0
0
0
0
0
0
0
0
0
0
0
0
0
0
0
0
0
0
0
0
0
0
0
0
0
0
0
0
0
0
0
0
0
0
0
0
0
0
0
0
0
0
0
0
0
0
0
0
0
0
0
0
0
0
0
0
0
0
0
0
0
0
0
0
0
0
0
0
0
0
0
0
0
0
0
0
0
0
0
0
0
0
0
0
0
0
0
0
0
0
0
0
0
0
0
0
0
0
0
0
0
0
0
0
0
0
0
0
0
0
0
0
0
0
0
0
0
0
0
0
0
0
0
0
0
0
0
0
0
0
0
0
0
0
0
0
0
0
0
0
0
0
0
0
0
0
0
0
0
0
0
0
0
0
0
0
0
0
0
0
0
0
0
0
0
0
0
0
0
0
0
0
0
0
0
0
0
0
0
0
0
0
0
0
0
0
0
0
0
0
0
0
0
0
0
0
0
0
0
0
0
0
0
0
0
0
0
0
0
0
0
0
0
0
0
0
0
0
0
0
0
0
0
0
0
0
0
0
0
0
0
0
0
0
0
0
0
0
0
0
0
0
0
0
0
0
0
0
0
0
0
0
0
0
0
0
0
0
0
0
0
0
0
0
0
0
0
0
0
0
0
0
0
0
0
0
0
0
0
0
0
0
0
0
0
0
0
0
0
0
0
0
0
0
0
0
0
0
0
0
0
0
0
0
0
0
0
0
0
0
0
0
0
0
0
0
0
0
0
0
0
0
0
0
0
0
0
0
0
0
0
0
0
0
0
0
0
0
0
0
0
0
0
0
0
0
0
0
0
0
0
0
0
0
0
0
0
0
0
0
0
0
0
0
0
0
0
0
0
0
0
0
0
0
0
0
0
0
0
0
0
0
0
0
0
0
0
0
0
0
0
0
0
0
0
0
0
0
0
0
0
0
0
0
0
0
0
0
0
0
0
0
0
0
0
0
0
0
0
0
0
0
0
0
0
0
0
0
0
0
0
0
0
0
0
0
0
0
0
0
0
0
0
0
0
0
0
0
0
0
0
0
0
0
0
0
0
0
0
0
0
0
0
0
0
0
0
0
0
0
0
0
0
0
0
0
0
0
0
0
0
0
0
0
0
0
0
0
0
0
0
0
0
0
0
0
0
0
0
0
0
0
0
0
0
0
0
0
0
0
0
0
0
0
0
0
0
0
0
0
0
0
0
0
0
0
0
0
0
0
0
0
0
0
0
0
0
0
0
0
0
0
0
0
0
0
0
0
0
0
0
0
0
0
0
0
0
0
0
0
0
0
0
0
0
0
0
0
0
0
0
0
0
0
0
0
0
0
0
0
0
0
0
0
0
0
0
0
0
0
0
0
0
0
0
0
0
0
0
0
0
0
0
0
0
0
0
0
0
0
0
0
0
0
0
0
0
0
0
0
0
0
0
0
0
0
0
0
0
0
0
0
0
0
0
0
0
0
0
0
0
0
0
0
0
0
0
0
0
0
0
0
0
0
0
0
0
0
0
0
0
0
0
0
0
0
0
0
0
0
0
0
0
0
0
0
0
0
0
0
0
0
0
0
0
0
0
0
0
0
0
0
0
0
0
0
0
0
0
0
0
0
0
0
0
0
0
0
0
0
0
0
0
0
0
0
0
0
0
0
0
0
0
0
0
0
0
0
0
0
0
0
0
0
0
0
0
0
0
0
0
0
0
0
0
0
0
0
0
0
0
0
0
0
0
0
0
0
0
0
0
0
0
0
0
0
0
0
0
0
0
0
0
0
0
0
0
0
0
0
0
0
0
0
0
0
0
0
0
0
0
0
0
0
0
0
0
0
0
0
0
0
0
0
0
0
0
0
0
0
0
0
0
0
0
0
0
0
0
0
0
0
0
0
0
0
0
0
0
0
0
0
0
0
0
0
0
0
0
0
0
0
0
0
0
0
0
0
0
0
0
0
0
0
0
0
0
0
0
0
0
0
0
0
0
0
0
0
0
0
0
0
0
0
0
0
0
0
0
0
0
0
0
0
0
0
0
0
0
0
0
0
0
0
0
0
0
0
0
0
0
0
0
0
0
0
0
0
0
0
0
0
0
0
0
0
0
0
0
0
0
0
0
0
0
0
0
0
0
0
0
0
0
0
0
0
0
0
0
0
0
0
0
0
0
0
0
0
0
0
0
0
0
0
0
0
0
0
0
0
0
0
0
0
0
0
0
0
0
0
0
0
0
0
0
0
0
0
0
0
0
0
0
0
0
0
0
0
0
0
0
0
0
0
0
0
0
0
0
0
0
0
0
0
0
0
0
0
0
0
0
0
0
0
0
0
0
0
0
0
0
0
0
0
0
0
0
0
0
0
0
0
0
0
0
0
0
0
0
0
0
0
0
0
0
0
0
0
0
0
0
0
0
0
0
0
0
0
0
0
0
0
0
0
0
0
0
0
0
0
0
0
0
0
0
0
0
0
0
0
0
0
0
0
0
0
0
0
0
0
0
0
0
0
0
0
0
0
0
0
0
0
0
0
0
0
0
0
0
0
0
0
0
0
0
0
0
0
0
0
0
0
0
0
0
0
0
0
0
0
0
0
0
0
0
0
0
0
0
0
0
0
0
0
0
0
0
0
0
0
0
0
0
0
0
0
0
0
0
0
0
0
0
0
0
0
0
0
0
0
0
0
0
0
0
0
0
0
0
0
0
0
0
0
0
0
0
0
0
0
0
0
0
0
0
0
0
0
0
0
0
0
0
0
0
0
0
0
0
0
0
0
0
0
0
0
0
0
0
0
0
0
0
0
0
0
0
0
0
0
0
0
0
0
0
0
0
0
0
0
0
0
0
0
0
0
0
0
0
0
0
0
0
0
0
0
0
0
0
0
0
0
0
0
0
0
0
0
0
0
0
0
0
0
0
0
0
0
0
0
0
0
0
0
0
0
0
0
0
0
0
0
0
0
0
0
0
0
0
0
0
0
0
0
0
0
0
0
0
0
0
0
0
0
0
0
0
0
0
0
0
0
0
0
0
0
0
0
0
0
0
0
0
0
0
0
0
0
0
0
0
0
0
0
0
0
0
0
0
0
0
0
0
0
0
0
0
0
0
0
0
0
0
0
0
0
0
0
0
0
0
0
0
0
0
0
0
0
0
0
0
0
0
0
0
0
0
0
0
0
0
0
0
0
0
0
0
0
0
0
0
0
0
0
0
0
0
0
0
0
0
0
0
0
0
0
0
0
0
0
0
0
0
0
0
0
0
0
0
0
0
0
0
0
0
0
0
0
0
0
0
0
0
0
0
0
0
0
0
0
0
0
0
0
0
0
0
0
0
0
0
0
0
0
0
0
0
0
0
0
0
0
0
0
0
0
0
0
0
0
0
0
0
0
0
0
0
0
0
0
0
0
0
0
0
0
0
0
0
0
0
0
0
0
0
0
0
0
0
0
0
0
0
0
0
0
0
0
0
0
0
0
0
0
0
0
0
0
0
0
0
0
0
0
0
0
0
0
0
0
0
0
0
0
0
0
0
0
0
0
0
0
0
0
0
0
0
0
0
0
0
0
0
0
0
0
0
0
0
0
0
0
0
0
0
0
0
0
0
0
0
0
0
0
0
0
0
0
0
0
0
0
0
0
0
0
0
0
0
0
0
0
0
0
0
0
0
0
0
0
0
0
0
0
0
0
0
0
0
0
0
0
0
0
0
0
0
0
0
0
0
0
0
0
0
0
0
0
0
0
0
0
0
0
0
0
0
0
0
0
0
0
0
0
0
0
0
0
0
0
0
0
0
0
0
0
0
0
0
0
0
0
0
0
0
0
0
0
0
0
0
0
0
0
0
0
0
0
0
0
0
0
0
0
0
0
0
0
0
0
0
0
0
0
0
0
0
0
0
0
0
0
0
0
0
0
0
0
0
0
0
0
0
0
0
0
0
0
0
0
0
0
0
0
0
0
0
0
0
0
0
0
0
0
0
0
0
0
0
0
0
0
0
0
0
0
0
0
0
0
0
0
0
0
0
0
0
0
0
0
0
0
0
0
0
0
0
0
0
0
0
0
0
0
0
0
0
0
0
0
0
0
0
0
0
0
0
0
0
0
0
0
0
0
0
0
0
0
0
0
0
0
0
0
0
0
0
0
0
0
0
0
0
0
0
0
0
0
0
0
0
0
0
0
0
0
0
0
0
0
0
0
0
0
0
0
0
0
0
0
0
0
0
0
0
0
0
0
0
0
0
0
0
0
0
0
0
0
0
0
0
0
0
0
0
0
0
0
0
0
0
0
0
0
0
0
0
0
0
0
0
0
0
0
0
0
0
0
0
0
0
0
0
0
0
0
0
0
0
0
0
0
0
0
0
0
0
0
0
0
0
0
0
0
0
0
0
0
0
0
0
0
0
0
0
0
0
0
0
0
0
0
0
0
0
0
0
0
0
0
0
0
0
0
0
0
0
0
0
0
0
0
0
0
0
0
0
0
0
0
0
0
0
0
0
0
0
0
0
0
0
0
0
0
0
0
0
0
0
0
0
0
0
0
0
0
0
0
0
0
0
0
0
0
0
0
0
0
0
0
0
0
0
0
0
0
0
0
0
0
0
0
0
0
0
0
0
0
0
0
0
0
0
0
0
0
0
0
0
0
0
0
0
0
0
0
0
0
0
0
0
0
0
0
0
0
0
0
0
0
0
0
0
0
0
0
0
0
0
0
0
0
0
0
0
0
0
0
0
0
0
0
0
0
0
0
0
0
0
0
0
0
0
0
0
0
0
0
0
0
0
0
0
0
0
0
0
0
0
0
0
0
0
0
0
0
0
0
0
0
0
0
0
0
0
0
0
0
0
0
0
0
0
0
0
0
0
0
0
0
0
0
0
0
0
0
0
0
0
0
0
0
0
0
0
0
0
0
0
0
0
0
0
0
0
0
0
0
0
0
0
0
0
0
0
0
0
0
0
0
0
0
0
0
0
0
0
0
0
0
0
0
0
0
0
0
0
0
0
0
0
0
0
0
0
0
0
0
0
0
0
0
0
0
0
0
0
0
0
0
0
0
0
0
0
0
0
0
0
0
0
0
0
0
0
0
0
0
0
0
0
0
0
0
0
0
0
0
0
0
0
0
0
0
0
0
0
0
0
0
0
0
0
0
0
0
0
0
0
0
0
0
0
0
0
0
0
0
0
0
0
0
0
0
0
0
0
0
0
0
0
0
0
0
0
0
0
0
0
0
0
0
0
0
0
0
0
0
0
0
0
0
0
0
0
0
0
0
0
0
0
0
0
0
0
0
0
0
0
0
0
0
0
0
0
0
0
0
0
0
0
0
0
0
0
0
0
0
0
0
0
0
0
0
0
0
0
0
0
0
0
0
0
0
0
0
0
0
0
0
0
0
0
0
0
0
0
0
0
0
0
0
0
0
0
0
0
0
0
0
0
0
0
0
0
0
0
0
0
0
0
0
0
0
0
0
0
0
0
0
0
0
0
0
0
0
0
0
0
0
0
0
0
0
0
0
0
0
0
0
0
0
0
0
0
0
0
0
0
0
0
0
0
0
0
0
0
0
0
0
0
0
0
0
0
0
0
0
0
0
0
0
0
0
0
0
0
0
0
0
0
0
0
0
0
0
0
0
0
0
0
0
0
0
0
0
0
0
0
0
0
0
0
0
0
0
0
0
0
0
0
0
0
0
0
0
0
0
0
0
0
0
0
0
0
0
0
0
0
0
0
0
0
0
0
0
0
0
0
0
0
0
0
0
0
0
0
0
0
0
0
0
0
0
0
0
0
0
0
0
0
0
0
0
0
0
0
0
0
0
0
0
0
0
0
0
0
0
0
0
0
0
0
0
0
0
0
0
0
0
0
0
0
0
0
0
0
0
0
0
0
0
0
0
0
0
0
0
0
0
0
0
0
0
0
0
0
0
0
0
0
0
0
0
0
0
0
0
0
0
0
0
0
0
0
0
0
0
0
0
0
0
0
0
0
0
0
0
0
0
0
0
0
0
0
0
0
0
0
0
0
0
0
0
0
0
0
0
0
0
0
0
0
0
0
0
0
0
0
0
0
0
0
0
0
0
0
0
0
0
0
0
0
0
0
0
0
0
0
0
0
0
0
0
0
0
0
0
0
0
0
0
0
0
0
0
0
0
0
0
0
0
0
0
0
0
0
0
0
0
0
0
0
0
0
0
0
0
0
0
0
0
0
0
0
0
0
0
0
0
0
0
0
0
0
0
0
0
0
0
0
0
0
0
0
0
0
0
0
0
0
0
0
0
0
0
0
0
0
0
0
0
0
0
0
0
0
0
0
0
0
0
0
0
0
0
0
0
0
0
0
0
0
0
0
0
0
0
0
0
0
0
0
0
0
0
0
0
0
0
0
0
0
0
0
0
0
0
0
0
0
0
0
0
0
0
0
0
0
0
0
0
0
0
0
0
0
0
0
0
0
0
0
0
0
0
0
0
0
0
0
0
0
0
0
0
0
0
0
0
0
0
0
0
0
0
0
0
0
0
0
0
0
0
0
0
0
0
0
0
0
0
0
0
0
0
0
0
0
0
0
0
0
0
0
0
0
0
0
0
0
0
0
0
0
0
0
0
0
0
0
0
0
0
0
0
0
0
0
0
0
0
0
0
0
0
0
0
0
0
0
0
0
0
0
0
0
0
0
0
0
0
0
0
0
0
0
0
0
0
0
0
0
0
0
0
0
0
0
0
0
0
0
0
0
0
0
0
0
0
0
0
0
0
0
0
0
0
0
0
0
0
0
0
0
0
0
0
0
0
0
0
0
0
0
0
0
0
0
0
0
0
0
0
0
0
0
0
0
0
0
0
0
0
0
0
0
0
0
0
0
0
0
0
0
0
0
0
0
0
0
0
0
0
0
0
0
0
0
0
0
0
0
0
0
0
0
0
0
0
0
0
0
0
0
0
0
0
0
0
0
0
0
0
0
0
0
0
0
0
0
0
0
0
0
0
0
0
0
0
0
0
0
0
0
0
0
0
0
0
0
0
0
0
0
0
0
0
0
0
0
0
0
0
0
0
0
0
0
0
0
0
0
0
0
0
0
0
0
0
0
0
0
0
0
0
0
0
0
0
0
0
0
0
0
0
0
0
0
0
0
0
0
0
0
0
0
0
0
0
0
0
0
0
0
0
0
0
0
0
0
0
0
0
0
0
0
0
0
0
0
0
0
0
0
0
0
0
0
0
0
0
0
0
0
0
0
0
0
0
0
0
0
0
0
0
0
0
0
0
0
0
0
0
0
0
0
0
0
0
0
0
0
0
0
0
0
0
0
0
0
0
0
0
0
0
0
0
0
0
0
0
0
0
0
0
0
0
0
0
0
0
0
0
0
0
0
0
0
0
0
0
0
0
0
0
0
0
0
0
0
0
0
0
0
0
0
0
0
0
0
0
0
0
0
0
0
0
0
0
0
0
0
0
0
0
0
0
0
0
0
0
0
0
0
0
0
0
0
0
0
0
0
0
0
0
0
0
0
0
0
0
0
0
0
0
0
0
0
0
0
0
0
0
0
0
0
0
0
0
0
0
0
0
0
0
0
0
0
0
0
0
0
0
0
0
0
0
0
0
0
0
0
0
0
0
0
0
0
0
0
0
0
0
0
0
0
0
0
0
0
0
0
0
0
0
0
0
0
0
0
0
0
0
0
0
0
0
0
0
0
0
0
0
0
0
0
0
0
0
0
0
0
0
0
0
0
0
0
0
0
0
0
0
0
0
0
0
0
0
0
0
0
0
0
0
0
0
0
0
0
0
0
0
0
0
0
0
0
0
0
0
0
0
0
0
0
0
0
0
0
0
0
0
0
0
0
0
0
0
0
0
0
0
0
0
0
0
0
0
0
0
0
0
0
0
0
0
0
0
0
0
0
0
0
0
0
0
0
0
0
0
0
0
0
0
0
0
0
0
0
0
0
0
0
0
0
0
0
0
0
0
0
0
0
0
0
0
0
0
0
0
0
0
0
0
0
0
0
0
0
0
0
0
0
0
0
0
0
0
0
0
0
0
0
0
0
0
0
0
0
0
0
0
0
0
0
0
0
0
0
0
0
0
0
0
0
0
0
0
0
0
0
0
0
0
0
0
0
0
0
0
0
0
0
0
0
0
0
0
0
0
0
0
0
0
0
0
0
0
0
0
0
0
0
0
0
0
0
0
0
0
0
0
0
0
0
0
0
0
0
0
0
0
0
0
0
0
0
0
0
0
0
0
0
0
0
0
0
0
0
0
0
0
0
0
0
0
0
0
0
0
0
0
0
0
0
0
0
0
0
0
0
0
0
0
0
0
0
0
0
0
0
0
0
0
0
0
0
0
0
0
0
0
0
0
0
0
0
0
0
0
0
0
0
0
0
0
0
0
0
0
0
0
0
0
0
0
0
0
0
0
0
0
0
0
0
0
0
0
0
0
0
0
0
0
0
0
0
0
0
0
0
0
0
0
0
0
0
0
0
0
0
0
0
0
0
0
0
0
0
0
0
0
0
0
0
0
0
0
0
0
0
0
0
0
0
0
0
0
0
0
0
0
0
0
0
0
0
0
0
0
0
0
0
0
0
0
0
0
0
0
0
0
0
0
0
0
0
0
0
0
0
0
0
0
0
0
0
0
0
0
0
0
0
0
0
0
0
0
0
0
0
0
0
0
0
0
0
0
0
0
0
0
0
0
0
0
0
0
0
0
0
0
0
0
0
0
0
0
0
0
0
0
0
0
0
0
0
0
0
0
0
0
0
0
0
0
0
0
0
0
0
0
0
0
0
0
0
0
0
0
0
0
0
0
0
0
0
0
0
0
0
0
0
0
0
0
0
0
0
0
0
0
0
0
0
0
0
0
0
0
0
0
0
0
0
0
0
0
0
0
0
0
0
0
0
0
0
0
0
0
0
0
0
0
0
0
0
0
0
0
0
0
0
0
0
0
0
0
0
0
0
0
0
0
0
0
0
0
0
0
0
0
0
0
0
0
0
0
0
0
0
0
0
0
0
0
0
0
0
0
0
0
0
0
0
0
0
0
0
0
0
0
0
0
0
0
0
0
0
0
0
0
0
0
0
0
0
0
0
0
0
0
0
0
0
0
0
0
0
0
0
0
0
0
0
0
0
0
0
0
0
0
0
0
0
0
0
0
0
0
0
0
0
0
0
0
0
0
0
0
0
0
0
0
0
0
0
0
0
0
0
0
0
0
0
0
0
0
0
0
0
0
0
0
0
0
0
0
0
0
0
0
0
0
0
0
0
0
0
0
0
0
0
0
0
0
0
0
0
0
0
0
0
0
0
0
0
0
0
0
0
0
0
0
0
0
0
0
0
0
0
0
0
0
0
0
0
0
0
0
0
0
0
0
0
0
0
0
0
0
0
0
0
0
0
0
0
0
0
0
0
0
0
0
0
0
0
0
0
0
0
0
0
0
0
0
0
0
0
0
0
0
0
0
0
0
0
0
0
0
0
0
0
0
0
0
0
0
0
0
0
0
0
0
0
0
0
0
0
0
0
0
0
0
0
0
0
0
0
0
0
0
0
0
0
0
0
0
0
0
0
0
0
0
0
0
0
0
0
0
0
0
0
0
0
0
0
0
0
0
0
0
0
0
0
0
0
0
0
0
0
0
0
0
0
0
0
0
0
0
0
0
0
0
0
0
0
0
0
0
0
0
0
0
0
0
0
0
0
0
0
0
0
0
0
0
0
0
0
0
0
0
0
0
0
0
0
0
0
0
0
0
0
0
0
0
0
0
0
0
0
0
0
0
0
0
0
0
0
0
0
0
0
0
0
0
0
0
0
0
0
0
0
0
0
0
0
0
0
0
0
0
0
0
0
0
0
0
0
0
0
0
0
0
0
0
0
0
0
0
0
0
0
0
0
0
0
0
0
0
0
0
0
0
0
0
0
0
0
0
0
0
0
0
0
0
0
0
0
0
0
0
0
0
0
0
0
0
0
0
0
0
0
0
0
0
0
0
0
0
0
0
0
0
0
0
0
0
0
0
0
0
0
0
0
0
0
0
0
0
0
0
0
0
0
0
0
0
0
0
0
0
0
0
0
0
0
0
0
0
0
0
0
0
0
0
0
0
0
0
0
0
0
0
0
0
0
0
0
0
0
0
0
0
0
0
0
0
0
0
0
0
0
0
0
0
0
0
0
0
0
0
0
0
0
0
0
0
0
0
0
0
0
0
0
0
0
0
0
0
0
0
0
0
0
0
0
0
0
0
0
0
0
0
0
0
0
0
0
0
0
0
0
0
0
0
0
0
0
0
0
0
0
0
0
0
0
0
0
0
0
0
0
0
0
0
0
0
0
0
0
0
0
0
0
0
0
0
0
0
0
0
0
0
0
0
0
0
0
0
0
0
0
0
0
0
0
0
0
0
0
0
0
0
0
0
0
0
0
0
0
0
0
0
0
0
0
0
0
0
0
0
0
0
0
0
0
0
0
0
0
0
0
0
0
0
0
0
0
0
0
0
0
0
0
0
0
0
0
0
0
0
0
0
0
0
0
0
0
0
0
0
0
0
0
0
0
0
0
0
0
0
0
0
0
0
0
0
0
0
0
0
0
0
0
0
0
0
0
0
0
0
0
0
0
0
0
0
0
0
0
0
0
0
0
0
0
0
0
0
0
0
0
0
0
0
0
0
0
0
0
0
0
0
0
0
0
0
0
0
0
0
0
0
0
0
0
0
0
0
0
0
0
0
0
0
0
0
0
0
0
0
0
0
0
0
0
0
0
0
0
0
0
0
0
0
0
0
0
0
0
0
0
0
0
0
0
0
0
0
0
0
0
0
0
0
0
0
0
0
0
0
0
0
0
0
0
0
0
0
0
0
0
0
0
0
0
0
0
0
0
0
0
0
0
0
0
0
0
0
0
0
0
0
0
0
0
0
0
0
0
0
0
0
0
0
0
0
0
0
0
0
0
0
0
0
0
0
0
0
0
0
0
0
0
0
0
0
0
0
0
0
0
0
0
0
0
0
0
0
0
0
0
0
0
0
0
0
0
0
0
0
0
0
0
0
0
0
0
0
0
0
0
0
0
0
0
0
0
0
0
0
0
0
0
0
0
0
0
0
0
0
0
0
0
0
0
0
0
0
0
0
0
0
0
0
0
0
0
0
0
0
0
0
0
0
0
0
0
0
0
0
0
0
0
0
0
0
0
0
0
0
0
0
0
0
0
0
0
0
0
0
0
0
0
0
0
0
0
0
0
0
0
0
0
0
0
0
0
0
0
0
0
0
0
0
0
0
0
0
0
0
0
0
0
0
0
0
0
0
0
0
0
0
0
0
0
0
0
0
0
0
0
0
0
0
0
0
0
0
0
0
0
0
0
0
0
0
0
0
0
0
0
0
0
0
0
0
0
0
0
0
0
0
0
0
0
0
0
0
0
0
0
0
0
0
0
0
0
0
0
0
0
0
0
0
0
0
0
0
0
0
0
0
0
0
0
0
0
0
0
0
0
0
0
0
0
0
0
0
0
0
0
0
0
0
0
0
0
0
0
0
0
0
0
0
0
0
0
0
0
0
0
0
0
0
0
0
0
0
0
0
0
0
0
0
0
0
0
0
0
0
0
0
0
0
0
0
0
0
0
0
0
0
0
0
0
0
0
0
0
0
0
0
0
0
0
0
0
0
0
0
0
0
0
0
0
0
0
0
0
0
0
0
0
0
0
0
0
0
0
0
0
0
0
0
0
0
0
0
0
0
0
0
0
0
0
0
0
0
0
0
0
0
0
0
0
0
0
0
0
0
0
0
0
0
0
0
0
0
0
0
0
0
0
0
0
0
0
0
0
0
0
0
0
0
0
0
0
0
0
0
0
0
0
0
0
0
0
0
0
0
0
0
0
0
0
0
0
0
0
0
0
0
0
0
0
0
0
0
0
0
0
0
0
0
0
0
0
0
0
0
0
0
0
0
0
0
0
0
0
0
0
0
0
0
0
0
0
0
0
0
0
0
0
0
0
0
0
0
0
0
0
0
0
0
0
0
0
0
0
0
0
0
0
0
0
0
0
0
0
0
0
0
0
0
0
0
0
0
0
0
0
0
0
0
0
0
0
0
0
0
0
0
0
0
0
0
0
0
0
0
0
0
0
0
0
0
0
0
0
0
0
0
0
0
0
0
0
0
0
0
0
0
0
0
0
0
0
0
0
0
0
0
0
0
0
0
0
0
0
0
0
0
0
0
0
0
0
0
0
0
0
0
0
0
0
0
0
0
0
0
0
0
0
0
0
0
0
0
0
0
0
0
0
0
0
0
0
0
0
0
0
0
0
0
0
0
0
0
0
0
0
0
0
0
0
0
0
0
0
0
0
0
0
0
0
0
0
0
0
0
0
0
0
0
0
0
0
0
0
0
0
0
0
0
0
0
0
0
0
0
0
0
0
0
0
0
0
0
0
0
0
0
0
0
0
0
0
0
0
0
0
0
0
0
0
0
0
0
0
0
0
0
0
0
0
0
0
0
0
0
0
0
0
0
0
0
0
0
0
0
0
0
0
0
0
0
0
0
0
0
0
0
0
0
0
0
0
0
0
0
0
0
0
0
0
0
0
0
0
0
0
0
0
0
0
0
0
0
0
0
0
0
0
0
0
0
0
0
0
0
0
0
0
0
0
0
0
0
0
0
0
0
0
0
0
0
0
0
0
0
0
0
0
0
0
0
0
0
0
0
0
0
0
0
0
0
0
0
0
0
0
0
0
0
0
0
0
0
0
0
0
0
0
0
0
0
0
0
0
0
0
0
0
0
0
0
0
0
0
0
0
0
0
0
0
0
0
0
0
0
0
0
0
0
0
0
0
0
0
0
0
0
0
0
0
0
0
0
0
0
0
0
0
0
0
0
0
0
0
0
0
0
0
0
0
0
0
0
0
0
0
0
0
0
0
0
0
0
0
0
0
0
0
0
0
0
0
0
0
0
0
0
0
0
0
0
0
0
0
0
0
0
0
0
0
0
0
0
0
0
0
0
0
0
0
0
0
0
0
0
0
0
0
0
0
0
0
0
0
0
0
0
0
0
0
0
0
0
0
0
0
0
0
0
0
0
0
0
0
0
0
0
0
0
0
0
0
0
0
0
0
0
0
0
0
0
0
0
0
0
0
0
0
0
0
0
0
0
0
0
0
0
0
0
0
0
0
0
0
0
0
0
0
0
0
0
0
0
0
0
0
0
0
0
0
0
0
0
0
0
0
0
0
0
0
0
0
0
0
0
0
0
0
0
0
0
0
0
0
0
0
0
0
0
0
0
0
0
0
0
0
0
0
0
0
0
0
0
0
0
0
0
0
0
0
0
0
0
0
0
0
0
0
0
0
0
0
0
0
0
0
0
0
0
0
0
0
0
0
0
0
0
0
0
0
0
0
0
0
0
0
0
0
0
0
0
0
0
0
0
0
0
0
0
0
0
0
0
0
0
0
0
0
0
0
0
0
0
0
0
0
0
0
0
0
0
0
0
0
0
0
0
0
0
0
0
0
0
0
0
0
0
0
0
0
0
0
0
0
0
0
0
0
0
0
0
0
0
0
0
0
0
0
0
0
0
0
0
0
0
0
0
0
0
0
0
0
0
0
0
0
0
0
0
0
0
0
0
0
0
0
0
0
0
0
0
0
0
0
0
0
0
0
0
0
0
0
0
0
0
0
0
0
0
0
0
0
0
0
0
0
0
0
0
0
0
0
0
0
0
0
0
0
0
0
0
0
0
0
0
0
0
0
0
0
0
0
0
0
0
0
0
0
0
0
0
0
0
0
0
0
0
0
0
0
0
0
0
0
0
0
0
0
0
0
0
0
0
0
0
0
0
0
0
0
0
0
0
0
0
0
0
0
0
0
0
0
0
0
0
0
0
0
0
0
0
0
0
0
0
0
0
0
0
0
0
0
0
0
0
0
0
0
0
0
0
0
0
0
0
0
0
0
0
0
0
0
0
0
0
0
0
0
0
0
0
0
0
0
0
0
0
0
0
0
0
0
0
0
0
0
0
0
0
0
0
0
0
0
0
0
0
0
0
0
0
0
0
0
0
0
0
0
0
0
0
0
0
0
0
0
0
0
0
0
0
0
0
0
0
0
0
0
0
0
0
0
0
0
0
0
0
0
0
0
0
0
0
0
0
0
0
0
0
0
0
0
0
0
0
0
0
0
0
0
0
0
0
0
0
0
0
0
0
0
0
0
0
0
0
0
0
0
0
0
0
0
0
0
0
0
0
0
0
0
0
0
0
0
0
0
0
0
0
0
0
0
0
0
0
0
0
0
0
0
0
0
0
0
0
0
0
0
0
0
0
0
0
0
0
0
0
0
0
0
0
0
0
0
0
0
0
0
0
0
0
0
0
0
0
0
0
0
0
0
0
0
0
0
0
0
0
0
0
0
0
0
0
0
0
0
0
0
0
0
0
0
0
0
0
0
0
0
0
0
0
0
0
0
0
0
0
0
0
0
0
0
0
0
0
0
0
0
0
0
0
0
0
0
0
0
0
0
0
0
0
0
0
0
0
0
0
0
0
0
0
0
0
0
0
0
0
0
0
0
0
0
0
0
0
0
0
0
0
0
0
0
0
0
0
0
0
0
0
0
0
0
0
0
0
0
0
0
0
0
0
0
0
0
0
0
0
0
0
0
0
0
0
0
0
0
0
0
0
0
0
0
0
0
0
0
0
0
0
0
0
0
0
0
0
0
0
0
0
0
0
0
0
0
0
0
0
0
0
0
0
0
0
0
0
0
0
0
0
0
0
0
0
0
0
0
0
0
0
0
0
0
0
0
0
0
0
0
0
0
0
0
0
0
0
0
0
0
0
0
0
0
0
0
0
0
0
0
0
0
0
0
0
0
0
0
0
0
0
0
0
0
0
0
0
0
0
0
0
0
0
0
0
0
0
0
0
0
0
0
0
0
0
0
0
0
0
0
0
0
0
0
0
0
0
0
0
0
0
0
0
0
0
0
0
0
0
0
0
0
0
0
0
0
0
0
0
0
0
0
0
0
0
0
0
0
0
0
0
0
0
0
0
0
0
0
0
0
0
0
0
0
0
0
0
0
0
0
0
0
0
0
0
0
0
0
0
0
0
0
0
0
0
0
0
0
0
0
0
0
0
0
0
0
0
0
0
0
0
0
0
0
0
0
0
0
0
0
0
0
0
0
0
0
0
0
0
0
0
0
0
0
0
0
0
0
0
0
0
0
0
0
0
0
0
0
0
0
0
0
0
0
0
0
0
0
0
0
0
0
0
0
0
0
0
0
0
0
0
0
0
0
0
0
0
0
0
0
0
0
0
0
0
0
0
0
0
0
0
0
0
0
0
0
0
0
0
0
0
0
0
0
0
0
0
0
0
0
0
0
0
0
0
0
0
0
0
0
0
0
0
0
0
0
0
0
0
0
0
0
0
0
0
0
0
0
0
0
0
0
0
0
0
0
0
0
0
0
0
0
0
0
0
0
0
0
0
0
0
0
0
0
0
0
0
0
0
0
0
0
0
0
0
0
0
0
0
0
0
0
0
0
0
0
0
0
0
0
0
0
0
0
0
0
0
0
0
0
0
0
0
0
0
0
0
0
0
0
0
0
0
0
0
0
0
0
0
0
0
0
0
0
0
0
0
0
0
0
0
0
0
0
0
0
0
0
0
0
0
0
0
0
0
0
0
0
0
0
0
0
0
0
0
0
0
0
0
0
0
0
0
0
0
0
0
0
0
0
0
0
0
0
0
0
0
0
0
0
0
0
0
0
0
0
0
0
0
0
0
0
0
0
0
0
0
0
0
0
0
0
0
0
0
0
0
0
0
0
0
0
0
0
0
0
0
0
0
0
0
0
0
0
0
0
0
0
0
0
0
0
0
0
0
0
0
0
0
0
0
0
0
0
0
0
0
0
0
0
0
0
0
0
0
0
0
0
0
0
0
0
0
0
0
0
0
0
0
0
0
0
0
0
0
0
0
0
0
0
0
0
0
0
0
0
0
0
0
0
0
0
0
0
0
0
0
0
0
0
0
0
0
0
0
0
0
0
0
0
0
0
0
0
0
0
0
0
0
0
0
0
0
0
0
0
0
0
0
0
0
0
0
0
0
0
0
0
0
0
0
0
0
0
0
0
0
0
0
0
0
0
0
0
0
0
0
0
0
0
0
0
0
0
0
0
0
0
0
0
0
0
0
0
0
0
0
0
0
0
0
0
0
0
0
0
0
0
0
0
0
0
0
0
0
0
0
0
0
0
0
0
0
0
0
0
0
0
0
0
0
0
0
0
0
0
0
0
0
0
0
0
0
0
0
0
0
0
0
0
0
0
0
0
0
0
0
0
0
0
0
0
0
0
0
0
0
0
0
0
0
0
0
0
0
0
0
0
0
0
0
0
0
0
0
0
0
0
0
0
0
0
0
0
0
0
0
0
0
0
0
0
0
0
0
0
0
0
0
0
0
0
0
0
0
0
0
0
0
0
0
0
0
0
0
0
0
0
0
0
0
0
0
0
0
0
0
0
0
0
0
0
0
0
0
0
0
0
0
0
0
0
0
0
0
0
0
0
0
0
0
0
0
0
0
0
0
0
0
0
0
0
0
0
0
0
0
0
0
0
0
0
0
0
0
0
0
0
0
0
0
0
0
0
0
0
0
0
0
0
0
0
0
0
0
0
0
0
0
0
0
0
0
0
0
0
0
0
0
0
0
0
0
0
0
0
0
0
0
0
0
0
0
0
0
0
0
0
0
0
0
0
0
0
0
0
0
0
0
0
0
0
0
0
0
0
0
0
0
0
0
0
0
0
0
0
0
0
0
0
0
0
0
0
0
0
0
0
0
0
0
0
0
0
0
0
0
0
0
0
0
0
0
0
0
0
0
0
0
0
0
0
0
0
0
0
0
0
0
0
0
0
0
0
0
0
0
0
0
0
0
0
0
0
0
0
0
0
0
0
0
0
0
0
0
0
0
0
0
0
0
0
0
0
0
0
0
0
0
0
0
0
0
0
0
0
0
0
0
0
0
0
0
0
0
0
0
0
0
0
0
0
0
0
0
0
0
0
0
0
0
0
0
0
0
0
0
0
0
0
0
0
0
0
0
0
0
0
0
0
0
0
0
0
0
0
0
0
0
0
0
0
0
0
0
0
0
0
0
0
0
0
0
0
0
0
0
0
0
0
0
0
0
0
0
0
0
0
0
0
0
0
0
0
0
0
0
0
0
0
0
0
0
0
0
0
0
0
0
0
0
0
0
0
0
0
0
0
0
0
0
0
0
0
0
0
0
0
0
0
0
0
0
0
0
0
0
0
0
0
0
0
0
0
0
0
0
0
0
0
0
0
0
0
0
0
0
0
0
0
0
0
0
0
0
0
0
0
0
0
0
0
0
0
0
0
0
0
0
0
0
0
0
0
0
0
0
0
0
0
0
0
0
0
0
0
0
0
0
0
0
0
0
0
0
0
0
0
0
0
0
0
0
0
0
0
0
0
0
0
0
0
0
0
0
0
0
0
0
0
0
0
0
0
0
0
0
0
0
0
0
0
0
0
0
0
0
0
0
0
0
0
0
0
0
0
0
0
0
0
0
0
0
0
0
0
0
0
0
0
0
0
0
0
0
0
0
0
0
0
0
0
0
0
0
0
0
0
0
0
0
0
0
0
0
0
0
0
0
0
0
0
0
0
0
0
0
0
0
0
0
0
0
0
0
0
0
0
0
0
0
0
0
0
0
0
0
0
0
0
0
0
0
0
0
0
0
0
0
0
0
0
0
0
0
0
0
0
0
0
0
0
0
0
0
0
0
0
0
0
0
0
0
0
0
0
0
0
0
0
0
0
0
0
0
0
0
0
0
0
0
0
0
0
0
0
0
0
0
0
0
0
0
0
0
0
0
0
0
0
0
0
0
0
0
0
0
0
0
0
0
0
0
0
0
0
0
0
0
0
0
0
0
0
0
0
0
0
0
0
0
0
0
0
0
0
0
0
0
0
0
0
0
0
0
0
0
0
0
0
0
0
0
0
0
0
0
0
0
0
0
0
0
0
0
0
0
0
0
0
0
0
0
0
0
0
0
0
0
0
0
0
0
0
0
0
0
0
0
0
0
0
0
0
0
0
0
0
0
0
0
0
0
0
0
0
0
0
0
0
0
0
0
0
0
0
0
0
0
0
0
0
0
0
0
0
0
0
0
0
0
0
0
0
0
0
0
0
0
0
0
0
0
0
0
0
0
0
0
0
0
0
0
0
0
0
0
0
0
0
0
0
0
0
0
0
0
0
0
0
0
0
0
0
0
0
0
0
0
0
0
0
0
0
0
0
0
0
0
0
0
0
0
0
0
0
0
0
0
0
0
0
0
0
0
0
0
0
0
0
0
0
0
0
0
0
0
0
0
0
0
0
0
0
0
0
0
0
0
0
0
0
0
0
0
0
0
0
0
0
0
0
0
0
0
0
0
0
0
0
0
0
0
0
0
0
0
0
0
0
0
0
0
0
0
0
0
0
0
0
0
0
0
0
0
0
0
0
0
0
0
0
0
0
0
0
0
0
0
0
0
0
0
0
0
0
0
0
0
0
0
0
0
0
0
0
0
0
0
0
0
0
0
0
0
0
0
0
0
0
0
0
0
0
0
0
0
0
0
0
0
0
0
0
0
0
0
0
0
0
0
0
0
0
0
0
0
0
0
0
0
0
0
0
0
0
0
0
0
0
0
0
0
0
0
0
0
0
0
0
0
0
0
0
0
0
0
0
0
0
0
0
0
0
0
0
0
0
0
0
0
0
0
0
0
0
0
0
0
0
0
0
0
0
0
0
0
0
0
0
0
0
0
0
0
0
0
0
0
0
0
0
0
0
0
0
0
0
0
0
0
0
0
0
0
0
0
0
0
0
0
0
0
0
0
0
0
0
0
0
0
0
0
0
0
0
0
0
0
0
0
0
0
0
0
0
0
0
0
0
0
0
0
0
0
0
0
0
0
0
0
0
0
0
0
0
0
0
0
0
0
0
0
0
0
0
0
0
0
0
0
0
0
0
0
0
0
0
0
0
0
0
0
0
0
0
0
0
0
0
0
0
0
0
0
0
0
0
0
0
0
0
0
0
0
0
0
0
0
0
0
0
0
0
0
0
0
0
0
0
0
0
0
0
0
0
0
0
0
0
0
0
0
0
0
0
0
0
0
0
0
0
0
0
0
0
0
0
0
0
0
0
0
0
0
0
0
0
0
0
0
0
0
0
0
0
0
0
0
0
0
0
0
0
0
0
0
0
0
0
0
0
0
0
0
0
0
0
0
0
0
0
0
0
0
0
0
0
0
0
0
0
0
0
0
0
0
0
0
0
0
0
0
0
0
0
0
0
0
0
0
0
0
0
0
0
0
0
0
0
0
0
0
0
0
0
0
0
0
0
0
0
0
0
0
0
0
0
0
0
0
0
0
0
0
0
0
0
0
0
0
0
0
0
0
0
0
0
0
0
0
0
0
0
0
0
0
0
0
0
0
0
0
0
0
0
0
0
0
0
0
0
0
0
0
0
0
0
0
0
0
0
0
0
0
0
0
0
0
0
0
0
0
0
0
0
0
0
0
0
0
0
0
0
0
0
0
0
0
0
0
0
0
0
0
0
0
0
0
0
0
0
0
0
0
0
0
0
0
0
0
0
0
0
0
0
0
0
0
0
0
0
0
0
0
0
0
0
0
0
0
0
0
0
0
0
0
0
0
0
0
0
0
0
0
0
0
0
0
0
0
0
0
0
0
0
0
0
0
0
0
0
0
0
0
0
0
0
0
0
0
0
0
0
0
0
0
0
0
0
0
0
0
0
0
0
0
0
0
0
0
0
0
0
0
0
0
0
0
0
0
0
0
0
0
0
0
0
0
0
0
0
0
0
0
0
0
0
0
0
0
0
0
0
0
0
0
0
0
0
0
0
0
0
0
0
0
0
0
0
0
0
0
0
0
0
0
0
0
0
0
0
0
0
0
0
0
0
0
0
0
0
0
0
0
0
0
0
0
0
0
0
0
0
0
0
0
0
0
0
0
0
0
0
0
0
0
0
0
0
0
0
0
0
0
0
0
0
0
0
0
0
0
0
0
0
0
0
0
0
0
0
0
0
0
0
0
0
0
0
0
0
0
0
0
0
0
0
0
0
0
0
0
0
0
0
0
0
0
0
0
0
0
0
0
0
0
0
0
0
0
0
0
0
0
0
0
0
0
0
0
0
0
0
0
0
0
0
0
0
0
0
0
0
0
0
0
0
0
0
0
0
0
0
0
0
0
0
0
0
0
0
0
0
0
0
0
0
0
0
0
0
0
0
0
0
0
0
0
0
0
0
0
0
0
0
0
0
0
0
0
0
0
0
0
0
0
0
0
0
0
0
0
0
0
0
0
0
0
0
0
0
0
0
0
0
0
0
0
0
0
0
0
0
0
0
0
0
0
0
0
0
0
0
0
0
0
0
0
0
0
0
0
0
0
0
0
0
0
0
0
0
0
0
0
0
0
0
0
0
0
0
0
0
0
0
0
0
0
0
0
0
0
0
0
0
0
0
0
0
0
0
0
0
0
0
0
0
0
0
0
0
0
0
0
0
0
0
0
0
0
0
0
0
0
0
0
0
0
0
0
0
0
0
0
0
0
0
0
0
0
0
0
0
0
0
0
0
0
0
0
0
0
0
0
0
0
0
0
0
0
0
0
0
0
0
0
0
0
0
0
0
0
0
0
0
0
0
0
0
0
0
0
0
0
0
0
0
0
0
0
0
0
0
0
0
0
0
0
0
0
0
0
0
0
0
0
0
0
0
0
0
0
0
0
0
0
0
0
0
0
0
0
0
0
0
0
0
0
0
0
0
0
0
0
0
0
0
0
0
0
0
0
0
0
0
0
0
0
0
0
0
0
0
0
0
0
0
0
0
0
0
0
0
0
0
0
0
0
0
0
0
0
0
0
0
0
0
0
0
0
0
0
0
0
0
0
0
0
0
0
0
0
0
0
0
0
0
0
0
0
0
0
0
0
0
0
0
0
0
0
0
0
0
0
0
0
0
0
0
0
0
0
0
0
0
0
0
0
0
0
0
0
0
0
0
0
0
0
0
0
0
0
0
0
0
0
0
0
0
0
0
0
0
0
0
0
0
0
0
0
0
0
0
0
0
0
0
0
0
0
0
0
0
0
0
0
0
0
0
0
0
0
0
0
0
0
0
0
0
0
0
0
0
0
0
0
0
0
0
0
0
0
0
0
0
0
0
0
0
0
0
0
0
0
0
0
0
0
0
0
0
0
0
0
0
0
0
0
0
0
0
0
0
0
0
0
0
0
0
0
0
0
0
0
0
0
0
0
0
0
0
0
0
0
0
0
0
0
0
0
0
0
0
0
0
0
0
0
0
0
0
0
0
0
0
0
0
0
0
0
0
0
0
0
0
0
0
0
0
0
0
0
0
0
0
0
0
0
0
0
0
0
0
0
0
0
0
0
0
0
0
0
0
0
0
0
0
0
0
0
0
0
0
0
0
0
0
0
0
0
0
0
0
0
0
0
0
0
0
0
0
0
0
0
0
0
0
0
0
0
0
0
0
0
0
0
0
0
0
0
0
0
0
0
0
0
0
0
0
0
0
0
0
0
0
0
0
0
0
0
0
0
0
0
0
0
0
0
0
0
0
0
0
0
0
0
0
0
0
0
0
0
0
0
0
0
0
0
0
0
0
0
0
0
0
0
0
0
0
0
0
0
0
0
0
0
0
0
0
0
0
0
0
0
0
0
0
0
0
0
0
0
0
0
0
0
0
0
0
0
0
0
0
0
0
0
0
0
0
0
0
0
0
0
0
0
0
0
0
0
0
0
0
0
0
0
0
0
0
0
0
0
0
0
0
0
0
0
0
0
0
0
0
0
0
0
0
0
0
0
0
0
0
0
0
0
0
0
0
0
0
0
0
0
0
0
0
0
0
0
0
0
0
0
0
0
0
0
0
0
0
0
0
0
0
0
0
0
0
0
0
0
0
0
0
0
0
0
0
0
0
0
0
0
0
0
0
0
0
0
0
0
0
0
0
0
0
0
0
0
0
0
0
0
0
0
0
0
0
0
0
0
0
0
0
0
0
0
0
0
0
0
0
0
0
0
0
0
0
0
0
0
0
0
0
0
0
0
0
0
0
0
0
0
0
0
0
0
0
0
0
0
0
0
0
0
0
0
0
0
0
0
0
0
0
0
0
0
0
0
0
0
0
0
0
0
0
0
0
0
0
0
0
0
0
0
0
0
0
0
0
0
0
0
0
0
0
0
0
0
0
0
0
0
0
0
0
0
0
0
0
0
0
0
0
0
0
0
0
0
0
0
0
0
0
0
0
0
0
0
0
0
0
0
0
0
0
0
0
0
0
0
0
0
0
0
0
0
0
0
0
0
0
0
0
0
0
0
0
0
0
0
0
0
0
0
0
0
0
0
0
0
0
0
0
0
0
0
0
0
0
0
0
0
0
0
0
0
0
0
0
0
0
0
0
0
0
0
0
0
0
0
0
0
0
0
0
0
0
0
0
0
0
0
0
0
0
0
0
0
0
0
0
0
0
0
0
0
0
0
0
0
0
0
0
0
0
0
0
0
0
0
0
0
0
0
0
0
0
0
0
0
0
0
0
0
0
0
0
0
0
0
0
0
0
0
0
0
0
0
0
0
0
0
0
0
0
0
0
0
0
0
0
0
0
0
0
0
0
0
0
0
0
0
0
0
0
0
0
0
0
0
0
0
0
0
0
0
0
0
0
0
0
0
0
0
0
0
0
0
0
0
0
0
0
0
0
0
0
0
0
0
0
0
0
0
0
0
0
0
0
0
0
0
0
0
0
0
0
0
0
0
0
0
0
0
0
0
0
0
0
0
0
0
0
0
0
0
0
0
0
0
0
0
0
0
0
0
0
0
0
0
0
0
0
0
0
0
0
0
0
0
0
0
0
0
0
0
0
0
0
0
0
0
0
0
0
0
0
0
0
0
0
0
0
0
0
0
0
0
0
0
0
0
0
0
0
0
0
0
0
0
0
0
0
0
0
0
0
0
0
0
0
0
0
0
0
0
0
0
0
0
0
0
0
0
0
0
0
0
0
0
0
0
0
0
0
0
0
0
0
0
0
0
0
0
0
0
0
0
0
0
0
0
0
0
0
0
0
0
0
0
0
0
0
0
0
0
0
0
0
0
0
0
0
0
0
0
0
0
0
0
0
0
0
0
0
0
0
0
0
0
0
0
0
0
0
0
0
0
0
0
0
0
0
0
0
0
0
0
0
0
0
0
0
0
0
0
0
0
0
0
0
0
0
0
0
0
0
0
0
0
0
0
0
0
0
0
0
0
0
0
0
0
0
0
0
0
0
0
0
0
0
0
0
0
0
0
0
0
0
0
0
0
0
0
0
0
0
0
0
0
0
0
0
0
0
0
0
0
0
0
0
0
0
0
0
0
0
0
0
0
0
0
0
0
0
0
0
0
0
0
0
0
0
0
0
0
0
0
0
0
0
0
0
0
0
0
0
0
0
0
0
0
0
0
0
0
0
0
0
0
0
0
0
0
0
0
0
0
0
0
0
0
0
0
0
0
0
0
0
0
0
0
0
0
0
0
0
0
0
0
0
0
0
0
0
0
0
0
0
0
0
0
0
0
0
0
0
0
0
0
0
0
0
0
0
0
0
0
0
0
0
0
0
0
0
0
0
0
0
0
0
0
0
0
0
0
0
0
0
0
0
0
0
0
0
0
0
0
0
0
0
0
0
0
0
0
0
0
0
0
0
0
0
0
0
0
0
0
0
0
0
0
0
0
0
0
0
0
0
0
0
0
0
0
0
0
0
0
0
0
0
0
0
0
0
0
0
0
0
0
0
0
0
0
0
0
0
0
0
0
0
0
0
0
0
0
0
0
0
0
0
0
0
0
0
0
0
0
0
0
0
0
0
0
0
0
0
0
0
0
0
0
0
0
0
0
0
0
0
0
0
0
0
0
0
0
0
0
0
0
0
0
0
0
0
0
0
0
0
0
0
0
0
0
0
0
0
0
0
0
0
0
0
0
0
0
0
0
0
0
0
0
0
0
0
0
0
0
0
0
0
0
0
0
0
0
0
0
0
0
0
0
0
0
0
0
0
0
0
0
0
0
0
0
0
0
0
0
0
0
0
0
0
0
0
0
0
0
0
0
0
0
0
0
0
0
0
0
0
0
0
0
0
0
0
0
0
0
0
0
0
0
0
0
0
0
0
0
0
0
0
0
0
0
0
0
0
0
0
0
0
0
0
0
0
0
0
0
0
0
0
0
0
0
0
0
0
0
0
0
0
0
0
0
0
0
0
0
0
0
0
0
0
0
0
0
0
0
0
0
0
0
0
0
0
0
0
0
0
0
0
0
0
0
0
0
0
0
0
0
0
0
0
0
0
0
0
0
0
0
0
0
0
0
0
0
0
0
0
0
0
0
0
0
0
0
0
0
0
0
0
0
0
0
0
0
0
0
0
0
0
0
0
0
0
0
0
0
0
0
0
0
0
0
0
0
0
0
0
0
0
0
0
0
0
0
0
0
0
0
0
0
0
0
0
0
0
0
0
0
0
0
0
0
0
0
0
0
0
0
0
0
0
0
0
0
0
0
0
0
0
0
0
0
0
0
0
0
0
0
0
0
0
0
0
0
0
0
0
0
0
0
0
0
0
0
0
0
0
0
0
0
0
0
0
0
0
0
0
0
0
0
0
0
0
0
0
0
0
0
0
0
0
0
0
0
0
0
0
0
0
0
0
0
0
0
0
0
0
0
0
0
0
0
0
0
0
0
0
0
0
0
0
0
0
0
0
0
0
0
0
0
0
0
0
0
0
0
0
0
0
0
0
0
0
0
0
0
0
0
0
0
0
0
0
0
0
0
0
0
0
0
0
0
0
0
0
0
0
0
0
0
0
0
0
0
0
0
0
0
0
0
0
0
0
0
0
0
0
0
0
0
0
0
0
0
0
0
0
0
0
0
0
0
0
0
0
0
0
0
0
0
0
0
0
0
0
0
0
0
0
0
0
0
0
0
0
0
0
0
0
0
0
0
0
0
0
0
0
0
0
0
0
0
0
0
0
0
0
0
0
0
0
0
0
0
0
0
0
0
0
0
0
0
0
0
0
0
0
0
0
0
0
0
0
0
0
0
0
0
0
0
0
0
0
0
0
0
0
0
0
0
0
0
0
0
0
0
0
0
0
0
0
0
0
0
0
0
0
0
0
0
0
0
0
0
0
0
0
0
0
0
0
0
0
0
0
0
0
0
0
0
0
0
0
0
0
0
0
0
0
0
0
0
0
0
0
0
0
0
0
0
0
0
0
0
0
0
0
0
0
0
0
0
0
0
0
0
0
0
0
0
0
0
0
0
0
0
0
0
0
0
0
0
0
0
0
0
0
0
0
0
0
0
0
0
0
0
0
0
0
0
0
0
0
0
0
0
0
0
0
0
0
0
0
0
0
0
0
0
0
0
0
0
0
0
0
0
0
0
0
0
0
0
0
0
0
0
0
0
0
0
0
0
0
0
0
0
0
0
0
0
0
0
0
0
0
0
0
0
0
0
0
0
0
0
0
0
0
0
0
0
0
0
0
0
0
0
0
0
0
0
0
0
0
0
0
0
0
0
0
0
0
0
0
0
0
0
0
0
0
0
0
0
0
0
0
0
0
0
0
0
0
0
0
0
0
0
0
0
0
0
0
0
0
0
0
0
0
0
0
0
0
0
0
0
0
0
0
0
0
0
0
0
0
0
0
0
0
0
0
0
0
0
0
0
0
0
0
0
0
0
0
0
0
0
0
0
0
0
0
0
0
0
0
0
0
0
0
0
0
0
0
0
0
0
0
0
0
0
0
0
0
0
0
0
0
0
0
0
0
0
0
0
0
0
0
0
0
0
0
0
0
0
0
0
0
0
0
0
0
0
0
0
0
0
0
0
0
0
0
0
0
0
0
0
0
0
0
0
0
0
0
0
0
0
0
0
0
0
0
0
0
0
0
0
0
0
0
0
0
0
0
0
0
0
0
0
0
0
0
0
0
0
0
0
0
0
0
0
0
0
0
0
0
0
0
0
0
0
0
0
0
0
0
0
0
0
0
0
0
0
0
0
0
0
0
0
0
0
0
0
0
0
0
0
0
0
0
0
0
0
0
0
0
0
0
0
0
0
0
0
0
0
0
0
0
0
0
0
0
0
0
0
0
0
0
0
0
0
0
0
0
0
0
0
0
0
0
0
0
0
0
0
0
0
0
0
0
0
0
0
0
0
0
0
0
0
0
0
0
0
0
0
0
0
0
0
0
0
0
0
0
0
0
0
0
0
0
0
0
0
0
0
0
0
0
0
0
0
0
0
0
0
0
0
0
0
0
0
0
0
0
0
0
0
0
0
0
0
0
0
0
0
0
0
0
0
0
0
0
0
0
0
0
0
0
0
0
0
0
0
0
0
0
0
0
0
0
0
0
0
0
0
0
0
0
0
0
0
0
0
0
0
0
0
0
0
0
0
0
0
0
0
0
0
0
0
0
0
0
0
0
0
0
0
0
0
0
0
0
0
0
0
0
0
0
0
0
0
0
0
0
0
0
0
0
0
0
0
0
0
0
0
0
0
0
0
0
0
0
0
0
0
0
0
0
0
0
0
0
0
0
0
0
0
0
0
0
0
0
0
0
0
0
0
0
0
0
0
0
0
0
0
0
0
0
0
0
0
0
0
0
0
0
0
0
0
0
0
0
0
0
0
0
0
0
0
0
0
0
0
0
0
0
0
0
0
0
0
0
0
0
0
0
0
0
0
0
0
0
0
0
0
0
0
0
0
0
0
0
0
0
0
0
0
0
0
0
0
0
0
0
0
0
0
0
0
0
0
0
0
0
0
0
0
0
0
0
0
0
0
0
0
0
0
0
0
0
0
0
0
0
0
0
0
0
0
0
0
0
0
0
0
0
0
0
0
0
0
0
0
0
0
0
0
0
0
0
0
0
0
0
0
0
0
0
0
0
0
0
0
0
0
0
0
0
0
0
0
0
0
0
0
0
0
0
0
0
0
0
0
0
0
0
0
0
0
0
0
0
0
0
0
0
0
0
0
0
0
0
0
0
0
0
0
0
0
0
0
0
0
0
0
0
0
0
0
0
0
0
0
0
0
0
0
0
0
0
0
0
0
0
0
0
0
0
0
0
0
0
0
0
0
0
0
0
0
0
0
0
0
0
0
0
0
0
0
0
0
0
0
0
0
0
0
0
0
0
0
0
0
0
0
0
0
0
0
0
0
0
0
0
0
0
0
0
0
0
0
0
0
0
0
0
0
0
0
0
0
0
0
0
0
0
0
0
0
0
0
0
0
0
0
0
0
0
0
0
0
0
0
0
0
0
0
0
0
0
0
0
0
0
0
0
0
0
0
0
0
0
0
0
0
0
0
0
0
0
0
0
0
0
0
0
0
0
0
0
0
0
0
0
0
0
0
0
0
0
0
0
0
0
0
0
0
0
0
0
0
0
0
0
0
0
0
0
0
0
0
0
0
0
0
0
0
0
0
0
0
0
0
0
0
0
0
0
0
0
0
0
0
0
0
0
0
0
0
0
0
0
0
0
0
0
0
0
0
0
0
0
0
0
0
0
0
0
0
0
0
0
0
0
0
0
0
0
0
0
0
0
0
0
0
0
0
0
0
0
0
0
0
0
0
0
0
0
0
0
0
0
0
0
0
0
0
0
0
0
0
0
0
0
0
0
0
0
0
0
0
0
0
0
0
0
0
0
0
0
0
0
0
0
0
0
0
0
0
0
0
0
0
0
0
0
0
0
0
0
0
0
0
0
0
0
0
0
0
0
0
0
0
0
0
0
0
0
0
0
0
0
0
0
0
0
0
0
0
0
0
0
0
0
0
0
0
0
0
0
0
0
0
0
0
0
0
0
0
0
0
0
0
0
0
0
0
0
0
0
0
0
0
0
0
0
0
0
0
0
0
0
0
0
0
0
0
0
0
0
0
0
0
0
0
0
0
0
0
0
0
0
0
0
0
0
0
0
0
0
0
0
0
0
0
0
0
0
0
0
0
0
0
0
0
0
0
0
0
0
0
0
0
0
0
0
0
0
0
0
0
0
0
0
0
0
0
0
0
0
0
0
0
0
0
0
0
0
0
0
0
0
0
0
0
0
0
0
0
0
0
0
0
0
0
0
0
0
0
0
0
0
0
0
0
0
0
0
0
0
0
0
0
0
0
0
0
0
0
0
0
0
0
0
0
0
0
0
0
0
0
0
0
0
0
0
0
0
0
0
0
0
0
0
0
0
0
0
0
0
0
0
0
0
0
0
0
0
0
0
0
0
0
0
0
0
0
0
0
0
0
0
0
0
0
0
0
0
0
0
0
0
0
0
0
0
0
0
0
0
0
0
0
0
0
0
0
0
0
0
0
0
0
0
0
0
0
0
0
0
0
0
0
0
0
0
0
0
0
0
0
0
0
0
0
0
0
0
0
0
0
0
0
0
0
0
0
0
0
0
0
0
0
0
0
0
0
0
0
0
0
0
0
0
0
0
0
0
0
0
0
0
0
0
0
0
0
0
0
0
0
0
0
0
0
0
0
0
0
0
0
0
0
0
0
0
0
0
0
0
0
0
0
0
0
0
0
0
0
0
0
0
0
0
0
0
0
0
0
0
0
0
0
0
0
0
0
0
0
0
0
0
0
0
0
0
0
0
0
0
0
0
0
0
0
0
0
0
0
0
0
0
0
0
0
0
0
0
0
0
0
0
0
0
0
0
0
0
0
0
0
0
0
0
0
0
0
0
0
0
0
0
0
0
0
0
0
0
0
0
0
0
0
0
0
0
0
0
0
0
0
0
0
0
0
0
0
0
0
0
0
0
0
0
0
0
0
0
0
0
0
0
0
0
0
0
0
0
0
0
0
0
0
0
0
0
0
0
0
0
0
0
0
0
0
0
0
0
0
0
0
0
0
0
0
0
0
0
0
0
0
0
0
0
0
0
0
0
0
0
0
0
0
0
0
0
0
0
0
0
0
0
0
0
0
0
0
0
0
0
0
0
0
0
0
0
0
0
0
0
0
0
0
0
0
0
0
0
0
0
0
0
0
0
0
0
0
0
0
0
0
0
0
0
0
0
0
0
0
0
0
0
0
0
0
0
0
0
0
0
0
0
0
0
0
0
0
0
0
0
0
0
0
0
0
0
0
0
0
0
0
0
0
0
0
0
0
0
0
0
0
0
0
0
0
0
0
0
0
0
0
0
0
0
0
0
0
0
0
0
0
0
0
0
0
0
0
0
0
0
0
0
0
0
0
0
0
0
0
0
0
0
0
0
0
0
0
0
0
0
0
0
0
0
0
0
0
0
0
0
0
0
0
0
0
0
0
0
0
0
0
0
0
0
0
0
0
0
0
0
0
0
0
0
0
0
0
0
0
0
0
0
0
0
0
0
0
0
0
0
0
0
0
0
0
0
0
0
0
0
0
0
0
0
0
0
0
0
0
0
0
0
0
0
0
0
0
0
0
0
0
0
0
0
0
0
0
0
0
0
0
0
0
0
0
0
0
0
0
0
0
0
0
0
0
0
0
0
0
0
0
0
0
0
0
0
0
0
0
0
0
0
0
0
0
0
0
0
0
0
0
0
0
0
0
0
0
0
0
0
0
0
0
0
0
0
0
0
0
0
0
0
0
0
0
0
0
0
0
0
0
0
0
0
0
0
0
0
0
0
0
0
0
0
0
0
0
0
0
0
0
0
0
0
0
0
0
0
0
0
0
0
0
0
0
0
0
0
0
0
0
0
0
0
0
0
0
0
0
0
0
0
0
0
0
0
0
0
0
0
0
0
0
0
0
0
0
0
0
0
0
0
0
0
0
0
0
0
0
0
0
0
0
0
0
0
0
0
0
0
0
0
0
0
0
0
0
0
0
0
0
0
0
0
0
0
0
0
0
0
0
0
0
0
0
0
0
0
0
0
0
0
0
0
0
0
0
0
0
0
0
0
0
0
0
0
0
0
0
0
0
0
0
0
0
0
0
0
0
0
0
0
0
0
0
0
0
0
0
0
0
0
0
0
0
0
0
0
0
0
0
0
0
0
0
0
0
0
0
0
0
0
0
0
0
0
0
0
0
0
0
0
0
0
0
0
0
0
0
0
0
0
0
0
0
0
0
0
0
0
0
0
0
0
0
0
0
0
0
0
0
0
0
0
0
0
0
0
0
0
0
0
0
0
0
0
0
0
0
0
0
0
0
0
0
0
0
0
0
0
0
0
0
0
0
0
0
0
0
0
0
0
0
0
0
0
0
0
0
0
0
0
0
0
0
0
0
0
0
0
0
0
0
0
0
0
0
0
0
0
0
0
0
0
0
0
0
0
0
0
0
0
0
0
0
0
0
0
0
0
0
0
0
0
0
0
0
0
0
0
0
0
0
0
0
0
0
0
0
0
0
0
0
0
0
0
0
0
0
0
0
0
0
0
0
0
0
0
0
0
0
0
0
0
0
0
0
0
0
0
0
0
0
0
0
0
0
0
0
0
0
0
0
0
0
0
0
0
0
0
0
0
0
0
0
0
0
0
0
0
0
0
0
0
0
0
0
0
0
0
0
0
0
0
0
0
0
0
0
0
0
0
0
0
0
0
0
0
0
0
0
0
0
0
0
0
0
0
0
0
0
0
0
0
0
0
0
0
0
0
0
0
0
0
0
0
0
0
0
0
0
0
0
0
0
0
0
0
0
0
0
0
0
0
0
0
0
0
0
0
0
0
0
0
0
0
0
0
0
0
0
0
0
0
0
0
0
0
0
0
0
0
0
0
0
0
0
0
0
0
0
0
0
0
0
0
0
0
0
0
0
0
0
0
0
0
0
0
0
0
0
0
0
0
0
0
0
0
0
0
0
0
0
0
0
0
0
0
0
0
0
0
0
0
0
0
0
0
0
0
0
0
0
0
0
0
0
0
0
0
0
0
0
0
0
0
0
0
0
0
0
0
0
0
0
0
0
0
0
0
0
0
0
0
0
0
0
0
0
0
0
0
0
0
0
0
0
0
0
0
0
0
0
0
0
0
0
0
0
0
0
0
0
0
0
0
0
0
0
0
0
0
0
0
0
0
0
0
0
0
0
0
0
0
0
0
0
0
0
0
0
0
0
0
0
0
0
0
0
0
0
0
0
0
0
0
0
0
0
0
0
0
0
0
0
0
0
0
0
0
0
0
0
0
0
0
0
0
0
0
0
0
0
0
0
0
0
0
0
0
0
0
0
0
0
0
0
0
0
0
0
0
0
0
0
0
0
0
0
0
0
0
0
0
0
0
0
0
0
0
0
0
0
0
0
0
0
0
0
0
0
0
0
0
0
0
0
0
0
0
0
0
0
0
0
0
0
0
0
0
0
0
0
0
0
0
0
0
0
0
0
0
0
0
0
0
0
0
0
0
0
0
0
0
0
0
0
0
0
0
0
0
0
0
0
0
0
0
0
0
0
0
0
0
0
0
0
0
0
0
0
0
0
0
0
0
0
0
0
0
0
0
0
0
0
0
0
0
0
0
0
0
0
0
0
0
0
0
0
0
0
0
0
0
0
0
0
0
0
0
0
0
0
0
0
0
0
0
0
0
0
0
0
0
0
0
0
0
0
0
0
0
0
0
0
0
0
0
0
0
0
0
0
0
0
0
0
0
0
0
0
0
0
0
0
0
0
0
0
0
0
0
0
0
0
0
0
0
0
0
0
0
0
0
0
0
0
0
0
0
0
0
0
0
0
0
0
0
0
0
0
0
0
0
0
0
0
0
0
0
0
0
0
0
0
0
0
0
0
0
0
0
0
0
0
0
0
0
0
0
0
0
0
0
0
0
0
0
0
0
0
0
0
0
0
0
0
0
0
0
0
0
0
0
0
0
0
0
0
0
0
0
0
0
0
0
0
0
0
0
0
0
0
0
0
0
0
0
0
0
0
0
0
0
0
0
0
0
0
0
0
0
0
0
0
0
0
0
0
0
0
0
0
0
0
0
0
0
0
0
0
0
0
0
0
0
0
0
0
0
0
0
0
0
0
0
0
0
0
0
0
0
0
0
0
0
0
0
0
0
0
0
0
0
0
0
0
0
0
0
0
0
0
0
0
0
0
0
0
0
0
0
0
0
0
0
0
0
0
0
0
0
0
0
0
0
0
0
0
0
0
0
0
0
0
0
0
0
0
0
0
0
0
0
0
0
0
0
0
0
0
0
0
0
0
0
0
0
0
0
0
0
0
0
0
0
0
0
0
0
0
0
0
0
0
0
0
0
0
0
0
0
0
0
0
0
0
0
0
0
0
0
0
0
0
0
0
0
0
0
0
0
0
0
0
0
0
0
0
0
0
0
0
0
0
0
0
0
0
0
0
0
0
0
0
0
0
0
0
0
0
0
0
0
0
0
0
0
0
0
0
0
0
0
0
0
0
0
0
0
0
0
0
0
0
0
0
0
0
0
0
0
0
0
0
0
0
0
0
0
0
0
0
0
0
0
0
0
0
0
0
0
0
0
0
0
0
0
0
0
0
0
0
0
0
0
0
0
0
0
0
0
0
0
0
0
0
0
0
0
0
0
0
0
0
0
0
0
0
0
0
0
0
0
0
0
0
0
0
0
0
0
0
0
0
0
0
0
0
0
0
0
0
0
0
0
0
0
0
0
0
0
0
0
0
0
0
0
0
0
0
0
0
0
0
0
0
0
0
0
0
0
0
0
0
0
0
0
0
0
0
0
0
0
0
0
0
0
0
0
0
0
0
0
0
0
0
0
0
0
0
0
0
0
0
0
0
0
0
0
0
0
0
0
0
0
0
0
0
0
0
0
0
0
0
0
0
0
0
0
0
0
0
0
0
0
0
0
0
0
0
0
0
0
0
0
0
0
0
0
0
0
0
0
0
0
0
0
0
0
0
0
0
0
0
0
0
0
0
0
0
0
0
0
0
0
0
0
0
0
0
0
0
0
0
0
0
0
0
0
0
0
0
0
0
0
0
0
0
0
0
0
0
0
0
0
0
0
0
0
0
0
0
0
0
0
0
0
0
0
0
0
0
0
0
0
0
0
0
0
0
0
0
0
0
0
0
0
0
0
0
0
0
0
0
0
0
0
0
0
0
0
0
0
0
0
0
0
0
0
0
0
0
0
0
0
0
0
0
0
0
0
0
0
0
0
0
0
0
0
0
0
0
0
0
0
0
0
0
0
0
0
0
0
0
0
0
0
0
0
0
0
0
0
0
0
0
0
0
0
0
0
0
0
0
0
0
0
0
0
0
0
0
0
0
0
0
0
0
0
0
0
0
0
0
0
0
0
0
0
0
0
0
0
0
0
0
0
0
0
0
0
0
0
0
0
0
0
0
0
0
0
0
0
0
0
0
0
0
0
0
0
0
0
0
0
0
0
0
0
0
0
0
0
0
0
0
0
0
0
0
0
0
0
0
0
0
0
0
0
0
0
0
0
0
0
0
0
0
0
0
0
0
0
0
0
0
0
0
0
0
0
0
0
0
0
0
0
0
0
0
0
0
0
0
0
0
0
0
0
0
0
0
0
0
0
0
0
0
0
0
0
0
0
0
0
0
0
0
0
0
0
0
0
0
0
0
0
0
0
0
0
0
0
0
0
0
0
0
0
0
0
0
0
0
0
0
0
0
0
0
0
0
0
0
0
0
0
0
0
0
0
0
0
0
0
0
0
0
0
0
0
0
0
0
0
0
0
0
0
0
0
0
0
0
0
0
0
0
0
0
0
0
0
0
0
0
0
0
0
0
0
0
0
0
0
0
0
0
0
0
0
0
0
0
0
0
0
0
0
0
0
0
0
0
0
0
0
0
0
0
0
0
0
0
0
0
0
0
0
0
0
0
0
0
0
0
0
0
0
0
0
0
0
0
0
0
0
0
0
0
0
0
0
0
0
0
0
0
0
0
0
0
0
0
0
0
0
0
0
0
0
0
0
0
0
0
0
0
0
0
0
0
0
0
0
0
0
0
0
0
0
0
0
0
0
0
0
0
0
0
0
0
0
0
0
0
0
0
0
0
0
0
0
0
0
0
0
0
0
0
0
0
0
0
0
0
0
0
0
0
0
0
0
0
0
0
0
0
0
0
0
0
0
0
0
0
0
0
0
0
0
0
0
0
0
0
0
0
0
0
0
0
0
0
0
0
0
0
0
0
0
0
0
0
0
0
0
0
0
0
0
0
0
0
0
0
0
0
0
0
0
0
0
0
0
0
0
0
0
0
0
0
0
0
0
0
0
0
0
0
0
0
0
0
0
0
0
0
0
0
0
0
0
0
0
0
0
0
0
0
0
0
0
0
0
0
0
0
0
0
0
0
0
0
0
0
0
0
0
0
0
0
0
0
0
0
0
0
0
0
0
0
0
0
0
0
0
0
0
0
0
0
0
0
0
0
0
0
0
0
0
0
0
0
0
0
0
0
0
0
0
0
0
0
0
0
0
0
0
0
0
0
0
0
0
0
0
0
0
0
0
0
0
0
0
0
0
0
0
0
0
0
0
0
0
0
0
0
0
0
0
0
0
0
0
0
0
0
0
0
0
0
0
0
0
0
0
0
0
0
0
0
0
0
0
0
0
0
0
0
0
0
0
0
0
0
0
0
0
0
0
0
0
0
0
0
0
0
0
0
0
0
0
0
0
0
0
0
0
0
0
0
0
0
0
0
0
0
0
0
0
0
0
0
0
0
0
0
0
0
0
0
0
0
0
0
0
0
0
0
0
0
0
0
0
0
0
0
0
0
0
0
0
0
0
0
0
0
0
0
0
0
0
0
0
0
0
0
0
0
0
0
0
0
0
0
0
0
0
0
0
0
0
0
0
0
0
0
0
0
0
0
0
0
0
0
0
0
0
0
0
0
0
0
0
0
0
0
0
0
0
0
0
0
0
0
0
0
0
0
0
0
0
0
0
0
0
0
0
0
0
0
0
0
0
0
0
0
0
0
0
0
0
0
0
0
0
0
0
0
0
0
0
0
0
0
0
0
0
0
0
0
0
0
0
0
0
0
0
0
0
0
0
0
0
0
0
0
0
0
0
0
0
0
0
0
0
0
0
0
0
0
0
0
0
0
0
0
0
0
0
0
0
0
0
0
0
0
0
0
0
0
0
0
0
0
0
0
0
0
0
0
0
0
0
0
0
0
0
0
0
0
0
0
0
0
0
0
0
0
0
0
0
0
0
0
0
0
0
0
0
0
0
0
0
0
0
0
0
0
0
0
0
0
0
0
0
0
0
0
0
0
0
0
0
0
0
0
0
0
0
0
0
0
0
0
0
0
0
0
0
0
0
0
0
0
0
0
0
0
0
0
0
0
0
0
0
0
0
0
0
0
0
0
0
0
0
0
0
0
0
0
0
0
0
0
0
0
0
0
0
0
0
0
0
0
0
0
0
0
0
0
0
0
0
0
0
0
0
0
0
0
0
0
0
0
0
0
0
0
0
0
0
0
0
0
0
0
0
0
0
0
0
0
0
0
0
0
0
0
0
0
0
0
0
0
0
0
0
0
0
0
0
0
0
0
0
0
0
0
0
0
0
0
0
0
0
0
0
0
0
0
0
0
0
0
0
0
0
0
0
0
0
0
0
0
0
0
0
0
0
0
0
0
0
0
0
0
0
0
0
0
0
0
0
0
0
0
0
0
0
0
0
0
0
0
0
0
0
0
0
0
0
0
0
0
0
0
0
0
0
0
0
0
0
0
0
0
0
0
0
0
0
0
0
0
0
0
0
0
0
0
0
0
0
0
0
0
0
0
0
0
0
0
0
0
0
0
0
0
0
0
0
0
0
0
0
0
0
0
0
0
0
0
0
0
0
0
0
0
0
0
0
0
0
0
0
0
0
0
0
0
0
0
0
0
0
0
0
0
0
0
0
0
0
0
0
0
0
0
0
0
0
0
0
0
0
0
0
0
0
0
0
0
0
0
0
0
0
0
0
0
0
0
0
0
0
0
0
0
0
0
0
0
0
0
0
0
0
0
0
0
0
0
0
0
0
0
0
0
0
0
0
0
0
0
0
0
0
0
0
0
0
0
0
0
0
0
0
0
0
0
0
0
0
0
0
0
0
0
0
0
0
0
0
0
0
0
0
0
0
0
0
0
0
0
0
0
0
0
0
0
0
0
0
0
0
0
0
0
0
0
0
0
0
0
0
0
0
0
0
0
0
0
0
0
0
0
0
0
0
0
0
0
0
0
0
0
0
0
0
0
0
0
0
0
0
0
0
0
0
0
0
0
0
0
0
0
0
0
0
0
0
0
0
0
0
0
0
0
0
0
0
0
0
0
0
0
0
0
0
0
0
0
0
0
0
0
0
0
0
0
0
0
0
0
0
0
0
0
0
0
0
0
0
0
0
0
0
0
0
0
0
0
0
0
0
0
0
0
0
0
0
0
0
0
0
0
0
0
0
0
0
0
0
0
0
0
0
0
0
0
0
0
0
0
0
0
0
0
0
0
0
0
0
0
0
0
0
0
0
0
0
0
0
0
0
0
0
0
0
0
0
0
0
0
0
0
0
0
0
0
0
0
0
0
0
0
0
0
0
0
0
0
0
0
0
0
0
0
0
0
0
0
0
0
0
0
0
0
0
0
0
0
0
0
0
0
0
0
0
0
0
0
0
0
0
0
0
0
0
0
0
0
0
0
0
0
0
0
0
0
0
0
0
0
0
0
0
0
0
0
0
0
0
0
0
0
0
0
0
0
0
0
0
0
0
0
0
0
0
0
0
0
0
0
0
0
0
0
0
0
0
0
0
0
0
0
0
0
0
0
0
0
0
0
0
0
0
0
0
0
0
0
0
0
0
0
0
0
0
0
0
0
0
0
0
0
0
0
0
0
0
0
0
0
0
0
0
0
0
0
0
0
0
0
0
0
0
0
0
0
0
0
0
0
0
0
0
0
0
0
0
0
0
0
0
0
0
0
0
0
0
0
0
0
0
0
0
0
0
0
0
0
0
0
0
0
0
0
0
0
0
0
0
0
0
0
0
0
0
0
0
0
0
0
0
0
0
0
0
0
0
0
0
0
0
0
0
0
0
0
0
0
0
0
0
0
0
0
0
0
0
0
0
0
0
0
0
0
0
0
0
0
0
0
0
0
0
0
0
0
0
0
0
0
0
0
0
0
0
0
0
0
0
0
0
0
0
0
0
0
0
0
0
0
0
0
0
0
0
0
0
0
0
0
0
0
0
0
0
0
0
0
0
0
0
0
0
0
0
0
0
0
0
0
0
0
0
0
0
0
0
0
0
0
0
0
0
0
0
0
0
0
0
0
0
0
0
0
0
0
0
0
0
0
0
0
0
0
0
0
0
0
0
0
0
0
0
0
0
0
0
0
0
0
0
0
0
0
0
0
0
0
0
0
0
0
0
0
0
0
0
0
0
0
0
0
0
0
0
0
0
0
0
0
0
0
0
0
0
0
0
0
0
0
0
0
0
0
0
0
0
0
0
0
0
0
0
0
0
0
0
0
0
0
0
0
0
0
0
0
0
0
0
0
0
0
0
0
0
0
0
0
0
0
0
0
0
0
0
0
0
0
0
0
0
0
0
0
0
0
0
0
0
0
0
0
0
0
0
0
0
0
0
0
0
0
0
0
0
0
0
0
0
0
0
0
0
0
0
0
0
0
0
0
0
0
0
0
0
0
0
0
0
0
0
0
0
0
0
0
0
0
0
0
0
0
0
0
0
0
0
0
0
0
0
0
0
0
0
0
0
0
0
0
0
0
0
0
0
0
0
0
0
0
0
0
0
0
0
0
0
0
0
0
0
0
0
0
0
0
0
0
0
0
0
0
0
0
0
0
0
0
0
0
0
0
0
0
0
0
0
0
0
0
0
0
0
0
0
0
0
0
0
0
0
0
0
0
0
0
0
0
0
0
0
0
0
0
0
0
0
0
0
0
0
0
0
0
0
0
0
0
0
0
0
0
0
0
0
0
0
0
0
0
0
0
0
0
0
0
0
0
0
0
0
0
0
0
0
0
0
0
0
0
0
0
0
0
0
0
0
0
0
0
0
0
0
0
0
0
0
0
0
0
0
0
0
0
0
0
0
0
0
0
0
0
0
0
0
0
0
0
0
0
0
0
0
0
0
0
0
0
0
0
0
0
0
0
0
0
0
0
0
0
0
0
0
0
0
0
0
0
0
0
0
0
0
0
0
0
0
0
0
0
0
0
0
0
0
0
0
0
0
0
0
0
0
0
0
0
0
0
0
0
0
0
0
0
0
0
0
0
0
0
0
0
0
0
0
0
0
0
0
0
0
0
0
0
0
0
0
0
0
0
0
0
0
0
0
0
0
0
0
0
0
0
0
0
0
0
0
0
0
0
0
0
0
0
0
0
0
0
0
0
0
0
0
0
0
0
0
0
0
0
0
0
0
0
0
0
0
0
0
0
0
0
0
0
0
0
0
0
0
0
0
0
0
0
0
0
0
0
0
0
0
0
0
0
0
0
0
0
0
0
0
0
0
0
0
0
0
0
0
0
0
0
0
0
0
0
0
0
0
0
0
0
0
0
0
0
0
0
0
0
0
0
0
0
0
0
0
0
0
0
0
0
0
0
0
0
0
0
0
0
0
0
0
0
0
0
0
0
0
0
0
0
0
0
0
0
0
0
0
0
0
0
0
0
0
0
0
0
0
0
0
0
0
0
0
0
0
0
0
0
0
0
0
0
0
0
0
0
0
0
0
0
0
0
0
0
0
0
0
0
0
0
0
0
0
0
0
0
0
0
0
0
0
0
0
0
0
0
0
0
0
0
0
0
0
0
0
0
0
0
0
0
0
0
0
0
0
0
0
0
0
0
0
0
0
0
0
0
0
0
0
0
0
0
0
0
0
0
0
0
0
0
0
0
0
0
0
0
0
0
0
0
0
0
0
0
0
0
0
0
0
0
0
0
0
0
0
0
0
0
0
0
0
0
0
0
0
0
0
0
0
0
0
0
0
0
0
0
0
0
0
0
0
0
0
0
0
0
0
0
0
0
0
0
0
0
0
0
0
0
0
0
0
0
0
0
0
0
0
0
0
0
0
0
0
0
0
0
0
0
0
0
0
0
0
0
0
0
0
0
0
0
0
0
0
0
0
0
0
0
0
0
0
0
0
0
0
0
0
0
0
0
0
0
0
0
0
0
0
0
0
0
0
0
0
0
0
0
0
0
0
0
0
0
0
0
0
0
0
0
0
0
0
0
0
0
0
0
0
0
0
0
0
0
0
0
0
0
0
0
0
0
0
0
0
0
0
0
0
0
0
0
0
0
0
0
0
0
0
0
0
0
0
0
0
0
0
0
0
0
0
0
0
0
0
0
0
0
0
0
0
0
0
0
0
0
0
0
0
0
0
0
0
0
0
0
0
0
0
0
0
0
0
0
0
0
0
0
0
0
0
0
0
0
0
0
0
0
0
0
0
0
0
0
0
0
0
0
0
0
0
0
0
0
0
0
0
0
0
0
0
0
0
0
0
0
0
0
0
0
0
0
0
0
0
0
0
0
0
0
0
0
0
0
0
0
0
0
0
0
0
0
0
0
0
0
0
0
0
0
0
0
0
0
0
0
0
0
0
0
0
0
0
0
0
0
0
0
0
0
0
0
0
0
0
0
0
0
0
0
0
0
0
0
0
0
0
0
0
0
0
0
0
0
0
0
0
0
0
0
0
0
0
0
0
0
0
0
0
0
0
0
0
0
0
0
0
0
0
0
0
0
0
0
0
0
0
0
0
0
0
0
0
0
0
0
0
0
0
0
0
0
0
0
0
0
0
0
0
0
0
0
0
0
0
0
0
0
0
0
0
0
0
0
0
0
0
0
0
0
0
0
0
0
0
0
0
0
0
0
0
0
0
0
0
0
0
0
0
0
0
0
0
0
0
0
0
0
0
0
0
0
0
0
0
0
0
0
0
0
0
0
0
0
0
0
0
0
0
0
0
0
0
0
0
0
0
0
0
0
0
0
0
0
0
0
0
0
0
0
0
0
0
0
0
0
0
0
0
0
0
0
0
0
0
0
0
0
0
0
0
0
0
0
0
0
0
0
0
0
0
0
0
0
0
0
0
0
0
0
0
0
0
0
0
0
0
0
0
0
0
0
0
0
0
0
0
0
0
0
0
0
0
0
0
0
0
0
0
0
0
0
0
0
0
0
0
0
0
0
0
0
0
0
0
0
0
0
0
0
0
0
0
0
0
0
0
0
0
0
0
0
0
0
0
0
0
0
0
0
0
0
0
0
0
0
0
0
0
0
0
0
0
0
0
0
0
0
0
0
0
0
0
0
0
0
0
0
0
0
0
0
0
0
0
0
0
0
0
0
0
0
0
0
0
0
0
0
0
0
0
0
0
0
0
0
0
0
0
0
0
0
0
0
0
0
0
0
0
0
0
0
0
0
0
0
0
0
0
0
0
0
0
0
0
0
0
0
0
0
0
0
0
0
0
0
0
0
0
0
0
0
0
0
0
0
0
0
0
0
0
0
0
0
0
0
0
0
0
0
0
0
0
0
0
0
0
0
0
0
0
0
0
0
0
0
0
0
0
0
0
0
0
0
0
0
0
0
0
0
0
0
0
0
0
0
0
0
0
0
0
0
0
0
0
0
0
0
0
0
0
0
0
0
0
0
0
0
0
0
0
0
0
0
0
0
0
0
0
0
0
0
0
0
0
0
0
0
0
0
0
0
0
0
0
0
0
0
0
0
0
0
0
0
0
0
0
0
0
0
0
0
0
0
0
0
0
0
0
0
0
0
0
0
0
0
0
0
0
0
0
0
0
0
0
0
0
0
0
0
0
0
0
0
0
0
0
0
0
0
0
0
0
0
0
0
0
0
0
0
0
0
0
0
0
0
0
0
0
0
0
0
0
0
0
0
0
0
0
0
0
0
0
0
0
0
0
0
0
0
0
0
0
0
0
0
0
0
0
0
0
0
0
0
0
0
0
0
0
0
0
0
0
0
0
0
0
0
0
0
0
0
0
0
0
0
0
0
0
0
0
0
0
0
0
0
0
0
0
0
0
0
0
0
0
0
0
0
0
0
0
0
0
0
0
0
0
0
0
0
0
0
0
0
0
0
0
0
0
0
0
0
0
0
0
0
0
0
0
0
0
0
0
0
0
0
0
0
0
0
0
0
0
0
0
0
0
0
0
0
0
0
0
0
0
0
0
0
0
0
0
0
0
0
0
0
0
0
0
0
0
0
0
0
0
0
0
0
0
0
0
0
0
0
0
0
0
0
0
0
0
0
0
0
0
0
0
0
0
0
0
0
0
0
0
0
0
0
0
0
0
0
0
0
0
0
0
0
0
0
0
0
0
0
0
0
0
0
0
0
0
0
0
0
0
0
0
0
0
0
0
0
0
0
0
0
0
0
0
0
0
0
0
0
0
0
0
0
0
0
0
0
0
0
0
0
0
0
0
0
0
0
0
0
0
0
0
0
0
0
0
0
0
0
0
0
0
0
0
0
0
0
0
0
0
0
0
0
0
0
0
0
0
0
0
0
0
0
0
0
0
0
0
0
0
0
0
0
0
0
0
0
0
0
0
0
0
0
0
0
0
0
0
0
0
0
0
0
0
0
0
0
0
0
0
0
0
0
0
0
0
0
0
0
0
0
0
0
0
0
0
0
0
0
0
0
0
0
0
0
0
0
0
0
0
0
0
0
0
0
0
0
0
0
0
0
0
0
0
0
0
0
0
0
0
0
0
0
0
0
0
0
0
0
0
0
0
0
0
0
0
0
0
0
0
0
0
0
0
0
0
0
0
0
0
0
0
0
0
0
0
0
0
0
0
0
0
0
0
0
0
0
0
0
0
0
0
0
0
0
0
0
0
0
0
0
0
0
0
0
0
0
0
0
0
0
0
0
0
0
0
0
0
0
0
0
0
0
0
0
0
0
0
0
0
0
0
0
0
0
0
0
0
0
0
0
0
0
0
0
0
0
0
0
0
0
0
0
0
0
0
0
0
0
0
0
0
0
0
0
0
0
0
0
0
0
0
0
0
0
0
0
0
0
0
0
0
0
0
0
0
0
0
0
0
0
0
0
0
0
0
0
0
0
0
0
0
0
0
0
0
0
0
0
0
0
0
0
0
0
0
0
0
0
0
0
0
0
0
0
0
0
0
0
0
0
0
0
0
0
0
0
0
0
0
0
0
0
0
0
0
0
0
0
0
0
0
0
0
0
0
0
0
0
0
0
0
0
0
0
0
0
0
0
0
0
0
0
0
0
0
0
0
0
0
0
0
0
0
0
0
0
0
0
0
0
0
0
0
0
0
0
0
0
0
0
0
0
0
0
0
0
0
0
0
0
0
0
0
0
0
0
0
0
0
0
0
0
0
0
0
0
0
0
0
0
0
0
0
0
0
0
0
0
0
0
0
0
0
0
0
0
0
0
0
0
0
0
0
0
0
0
0
0
0
0
0
0
0
0
0
0
0
0
0
0
0
0
0
0
0
0
0
0
0
0
0
0
0
0
0
0
0
0
0
0
0
0
0
0
0
0
0
0
0
0
0
0
0
0
0
0
0
0
0
0
0
0
0
0
0
0
0
0
0
0
0
0
0
0
0
0
0
0
0
0
0
0
0
0
0
0
0
0
0
0
0
0
0
0
0
0
0
0
0
0
0
0
0
0
0
0
0
0
0
0
0
0
0
0
0
0
0
0
0
0
0
0
0
0
0
0
0
0
0
0
0
0
0
0
0
0
0
0
0
0
0
0
0
0
0
0
0
0
0
0
0
0
0
0
0
0
0
0
0
0
0
0
0
0
0
0
0
0
0
0
0
0
0
0
0
0
0
0
0
0
0
0
0
0
0
0
0
0
0
0
0
0
0
0
0
0
0
0
0
0
0
0
0
0
0
0
0
0
0
0
0
0
0
0
0
0
0
0
0
0
0
0
0
0
0
0
0
0
0
0
0
0
0
0
0
0
0
0
0
0
0
0
0
0
0
0
0
0
0
0
0
0
0
0
0
0
0
0
0
0
0
0
0
0
0
0
0
0
0
0
0
0
0
0
0
0
0
0
0
0
0
0
0
0
0
0
0
0
0
0
0
0
0
0
0
0
0
0
0
0
0
0
0
0
0
0
0
0
0
0
0
0
0
0
0
0
0
0
0
0
0
0
0
0
0
0
0
0
0
0
0
0
0
0
0
0
0
0
0
0
0
0
0
0
0
0
0
0
0
0
0
0
0
0
0
0
0
0
0
0
0
0
0
0
0
0
0
0
0
0
0
0
0
0
0
0
0
0
0
0
0
0
0
0
0
0
0
0
0
0
0
0
0
0
0
0
0
0
0
0
0
0
0
0
0
0
0
0
0
0
0
0
0
0
0
0
0
0
0
0
0
0
0
0
0
0
0
0
0
0
0
0
0
0
0
0
0
0
0
0
0
0
0
0
0
0
0
0
0
0
0
0
0
0
0
0
0
0
0
0
0
0
0
0
0
0
0
0
0
0
0
0
0
0
0
0
0
0
0
0
0
0
0
0
0
0
0
0
0
0
0
0
0
0
0
0
0
0
0
0
0
0
0
0
0
0
0
0
0
0
0
0
0
0
0
0
0
0
0
0
0
0
0
0
0
0
0
0
0
0
0
0
0
0
0
0
0
0
0
0
0
0
0
0
0
0
0
0
0
0
0
0
0
0
0
0
0
0
0
0
0
0
0
0
0
0
0
0
0
0
0
0
0
0
0
0
0
0
0
0
0
0
0
0
0
0
0
0
0
0
0
0
0
0
0
0
0
0
0
0
0
0
0
0
0
0
0
0
0
0
0
0
0
0
0
0
0
0
0
0
0
0
0
0
0
0
0
0
0
0
0
0
0
0
0
0
0
0
0
0
0
0
0
0
0
0
0
0
0
0
0
0
0
0
0
0
0
0
0
0
0
0
0
0
0
0
0
0
0
0
0
0
0
0
0
0
0
0
0
0
0
0
0
0
0
0
0
0
0
0
0
0
0
0
0
0
0
0
0
0
0
0
0
0
0
0
0
0
0
0
0
0
0
0
0
0
0
0
0
0
0
0
0
0
0
0
0
0
0
0
0
0
0
0
0
0
0
0
0
0
0
0
0
0
0
0
0
0
0
0
0
0
0
0
0
0
0
0
0
0
0
0
0
0
0
0
0
0
0
0
0
0
0
0
0
0
0
0
0
0
0
0
0
0
0
0
0
0
0
0
0
0
0
0
0
0
0
0
0
0
0
0
0
0
0
0
0
0
0
0
0
0
0
0
0
0
0
0
0
0
0
0
0
0
0
0
0
0
0
0
0
0
0
0
0
0
0
0
0
0
0
0
0
0
0
0
0
0
0
0
0
0
0
0
0
0
0
0
0
0
0
0
0
0
0
0
0
0
0
0
0
0
0
0
0
0
0
0
0
0
0
0
0
0
0
0
0
0
0
0
0
0
0
0
0
0
0
0
0
0
0
0
0
0
0
0
0
0
0
0
0
0
0
0
0
0
0
0
0
0
0
0
0
0
0
0
0
0
0
0
0
0
0
0
0
0
0
0
0
0
0
0
0
0
0
0
0
0
0
0
0
0
0
0
0
0
0
0
0
0
0
0
0
0
0
0
0
0
0
0
0
0
0
0
0
0
0
0
0
0
0
0
0
0
0
0
0
0
0
0
0
0
0
0
0
0
0
0
0
0
0
0
0
0
0
0
0
0
0
0
0
0
0
0
0
0
0
0
0
0
0
0
0
0
0
0
0
0
0
0
0
0
0
0
0
0
0
0
0
0
0
0
0
0
0
0
0
0
0
0
0
0
0
0
0
0
0
0
0
0
0
0
0
0
0
0
0
0
0
0
0
0
0
0
0
0
0
0
0
0
0
0
0
0
0
0
0
0
0
0
0
0
0
0
0
0
0
0
0
0
0
0
0
0
0
0
0
0
0
0
0
0
0
0
0
0
0
0
0
0
0
0
0
0
0
0
0
0
0
0
0
0
0
0
0
0
0
0
0
0
0
0
0
0
0
0
0
0
0
0
0
0
0
0
0
0
0
0
0
0
0
0
0
0
0
0
0
0
0
0
0
0
0
0
0
0
0
0
0
0
0
0
0
0
0
0
0
0
0
0
0
0
0
0
0
0
0
0
0
0
0
0
0
0
0
0
0
0
0
0
0
0
0
0
0
0
0
0
0
0
0
0
0
0
0
0
0
0
0
0
0
0
0
0
0
0
0
0
0
0
0
0
0
0
0
0
0
0
0
0
0
0
0
0
0
0
0
0
0
0
0
0
0
0
0
0
0
0
0
0
0
0
0
0
0
0
0
0
0
0
0
0
0
0
0
0
0
0
0
0
0
0
0
0
0
0
0
0
0
0
0
0
0
0
0
0
0
0
0
0
0
0
0
0
0
0
0
0
0
0
0
0
0
0
0
0
0
0
0
0
0
0
0
0
0
0
0
0
0
0
0
0
0
0
0
0
0
0
0
0
0
0
0
0
0
0
0
0
0
0
0
0
0
0
0
0
0
0
0
0
0
0
0
0
0
0
0
0
0
0
0
0
0
0
0
0
0
0
0
0
0
0
0
0
0
0
0
0
0
0
0
0
0
0
0
0
0
0
0
0
0
0
0
0
0
0
0
0
0
0
0
0
0
0
0
0
0
0
0
0
0
0
0
0
0
0
0
0
0
0
0
0
0
0
0
0
0
0
0
0
0
0
0
0
0
0
0
0
0
0
0
0
0
0
0
0
0
0
0
0
0
0
0
0
0
0
0
0
0
0
0
0
0
0
0
0
0
0
0
0
0
0
0
0
0
0
0
0
0
0
0
0
0
0
0
0
0
0
0
0
0
0
0
0
0
0
0
0
0
0
0
0
0
0
0
0
0
0
0
0
0
0
0
0
0
0
0
0
0
0
0
0
0
0
0
0
0
0
0
0
0
0
0
0
0
0
0
0
0
0
0
0
0
0
0
0
0
0
0
0
0
0
0
0
0
0
0
0
0
0
0
0
0
0
0
0
0
0
0
0
0
0
0
0
0
0
0
0
0
0
0
0
0
0
0
0
0
0
0
0
0
0
0
0
0
0
0
0
0
0
0
0
0
0
0
0
0
0
0
0
0
0
0
0
0
0
0
0
0
0
0
0
0
0
0
0
0
0
0
0
0
0
0
0
0
0
0
0
0
0
0
0
0
0
0
0
0
0
0
0
0
0
0
0
0
0
0
0
0
0
0
0
0
0
0
0
0
0
0
0
0
0
0
0
0
0
0
0
0
0
0
0
0
0
0
0
0
0
0
0
0
0
0
0
0
0
0
0
0
0
0
0
0
0
0
0
0
0
0
0
0
0
0
0
0
0
0
0
0
0
0
0
0
0
0
0
0
0
0
0
0
0
0
0
0
0
0
0
0
0
0
0
0
0
0
0
0
0
0
0
0
0
0
0
0
0
0
0
0
0
0
0
0
0
0
0
0
0
0
0
0
0
0
0
0
0
0
0
0
0
0
0
0
0
0
0
0
0
0
0
0
0
0
0
0
0
0
0
0
0
0
0
0
0
0
0
0
0
0
0
0
0
0
0
0
0
0
0
0
0
0
0
0
0
0
0
0
0
0
0
0
0
0
0
0
0
0
0
0
0
0
0
0
0
0
0
0
0
0
0
0
0
0
0
0
0
0
0
0
0
0
0
0
0
0
0
0
0
0
0
0
0
0
0
0
0
0
0
0
0
0
0
0
0
0
0
0
0
0
0
0
0
0
0
0
0
0
0
0
0
0
0
0
0
0
0
0
0
0
0
0
0
0
0
0
0
0
0
0
0
0
0
0
0
0
0
0
0
0
0
0
0
0
0
0
0
0
0
0
0
0
0
0
0
0
0
0
0
0
0
0
0
0
0
0
0
0
0
0
0
0
0
0
0
0
0
0
0
0
0
0
0
0
0
0
0
0
0
0
0
0
0
0
0
0
0
0
0
0
0
0
0
0
0
0
0
0
0
0
0
0
0
0
0
0
0
0
0
0
0
0
0
0
0
0
0
0
0
0
0
0
0
0
0
0
0
0
0
0
0
0
0
0
0
0
0
0
0
0
0
0
0
0
0
0
0
0
0
0
0
0
0
0
0
0
0
0
0
0
0
0
0
0
0
0
0
0
0
0
0
0
0
0
0
0
0
0
0
0
0
0
0
0
0
0
0
0
0
0
0
0
0
0
0
0
0
0
0
0
0
0
0
0
0
0
0
0
0
0
0
0
0
0
0
0
0
0
0
0
0
0
0
0
0
0
0
0
0
0
0
0
0
0
0
0
0
0
0
0
0
0
0
0
0
0
0
0
0
0
0
0
0
0
0
0
0
0
0
0
0
0
0
0
0
0
0
0
0
0
0
0
0
0
0
0
0
0
0
0
0
0
0
0
0
0
0
0
0
0
0
0
0
0
0
0
0
0
0
0
0
0
0
0
0
0
0
0
0
0
0
0
0
0
0
0
0
0
0
0
0
0
0
0
0
0
0
0
0
0
0
0
0
0
0
0
0
0
0
0
0
0
0
0
0
0
0
0
0
0
0
0
0
0
0
0
0
0
0
0
0
0
0
0
0
0
0
0
0
0
0
0
0
0
0
0
0
0
0
0
0
0
0
0
0
0
0
0
0
0
0
0
0
0
0
0
0
0
0
0
0
0
0
0
0
0
0
0
0
0
0
0
0
0
0
0
0
0
0
0
0
0
0
0
0
0
0
0
0
0
0
0
0
0
0
0
0
0
0
0
0
0
0
0
0
0
0
0
0
0
0
0
0
0
0
0
0
0
0
0
0
0
0
0
0
0
0
0
0
0
0
0
0
0
0
0
0
0
0
0
0
0
0
0
0
0
0
0
0
0
0
0
0
0
0
0
0
0
0
0
0
0
0
0
0
0
0
0
0
0
0
0
0
0
0
0
0
0
0
0
0
0
0
0
0
0
0
0
0
0
0
0
0
0
0
0
0
0
0
0
0
0
0
0
0
0
0
0
0
0
0
0
0
0
0
0
0
0
0
0
0
0
0
0
0
0
0
0
0
0
0
0
0
0
0
0
0
0
0
0
0
0
0
0
0
0
0
0
0
0
0
0
0
0
0
0
0
0
0
0
0
0
0
0
0
0
0
0
0
0
0
0
0
0
0
0
0
0
0
0
0
0
0
0
0
0
0
0
0
0
0
0
0
0
0
0
0
0
0
0
0
0
0
0
0
0
0
0
0
0
0
0
0
0
0
0
0
0
0
0
0
0
0
0
0
0
0
0
0
0
0
0
0
0
0
0
0
0
0
0
0
0
0
0
0
0
0
0
0
0
0
0
0
0
0
0
0
0
0
0
0
0
0
0
0
0
0
0
0
0
0
0
0
0
0
0
0
0
0
0
0
0
0
0
0
0
0
0
0
0
0
0
0
0
0
0
0
0
0
0
0
0
0
0
0
0
0
0
0
0
0
0
0
0
0
0
0
0
0
0
0
0
0
0
0
0
0
0
0
0
0
0
0
0
0
0
0
0
0
0
0
0
0
0
0
0
0
0
0
0
0
0
0
0
0
0
0
0
0
0
0
0
0
0
0
0
0
0
0
0
0
0
0
0
0
0
0
0
0
0
0
0
0
0
0
0
0
0
0
0
0
0
0
0
0
0
0
0
0
0
0
0
0
0
0
0
0
0
0
0
0
0
0
0
0
0
0
0
0
0
0
0
0
0
0
0
0
0
0
0
0
0
0
0
0
0
0
0
0
0
0
0
0
0
0
0
0
0
0
0
0
0
0
0
0
0
0
0
0
0
0
0
0
0
0
0
0
0
0
0
0
0
0
0
0
0
0
0
0
0
0
0
0
0
0
0
0
0
0
0
0
0
0
0
0
0
0
0
0
0
0
0
0
0
0
0
0
0
0
0
0
0
0
0
0
0
0
0
0
0
0
0
0
0
0
0
0
0
0
0
0
0
0
0
0
0
0
0
0
0
0
0
0
0
0
0
0
0
0
0
0
0
0
0
0
0
0
0
0
0
0
0
0
0
0
0
0
0
0
0
0
0
0
0
0
0
0
0
0
0
0
0
0
0
0
0
0
0
0
0
0
0
0
0
0
0
0
0
0
0
0
0
0
0
0
0
0
0
0
0
0
0
0
0
0
0
0
0
0
0
0
0
0
0
0
0
0
0
0
0
0
0
0
0
0
0
0
0
0
0
0
0
0
0
0
0
0
0
0
0
0
0
0
0
0
0
0
0
0
0
0
0
0
0
0
0
0
0
0
0
0
0
0
0
0
0
0
0
0
0
0
0
0
0
0
0
0
0
0
0
0
0
0
0
0
0
0
0
0
0
0
0
0
0
0
0
0
0
0
0
0
0
0
0
0
0
0
0
0
0
0
0
0
0
0
0
0
0
0
0
0
0
0
0
0
0
0
0
0
0
0
0
0
0
0
0
0
0
0
0
0
0
0
0
0
0
0
0
0
0
0
0
0
0
0
0
0
0
0
0
0
0
0
0
0
0
0
0
0
0
0
0
0
0
0
0
0
0
0
0
0
0
0
0
0
0
0
0
0
0
0
0
0
0
0
0
0
0
0
0
0
0
0
0
0
0
0
0
0
0
0
0
0
0
0
0
0
0
0
0
0
0
0
0
0
0
0
0
0
0
0
0
0
0
0
0
0
0
0
0
0
0
0
0
0
0
0
0
0
0
0
0
0
0
0
0
0
0
0
0
0
0
0
0
0
0
0
0
0
0
0
0
0
0
0
0
0
0
0
0
0
0
0
0
0
0
0
0
0
0
0
0
0
0
0
0
0
0
0
0
0
0
0
0
0
0
0
0
0
0
0
0
0
0
0
0
0
0
0
0
0
0
0
0
0
0
0
0
0
0
0
0
0
0
0
0
0
0
0
0
0
0
0
0
0
0
0
0
0
0
0
0
0
0
0
0
0
0
0
0
0
0
0
0
0
0
0
0
0
0
0
0
0
0
0
0
0
0
0
0
0
0
0
0
0
0
0
0
0
0
0
0
0
0
0
0
0
0
0
0
0
0
0
0
0
0
0
0
0
0
0
0
0
0
0
0
0
0
0
0
0
0
0
0
0
0
0
0
0
0
0
0
0
0
0
0
0
0
0
0
0
0
0
0
0
0
0
0
0
0
0
0
0
0
0
0
0
0
0
0
0
0
0
0
0
0
0
0
0
0
0
0
0
0
0
0
0
0
0
0
0
0
0
0
0
0
0
0
0
0
0
0
0
0
0
0
0
0
0
0
0
0
0
0
0
0
0
0
0
0
0
0
0
0
0
0
0
0
0
0
0
0
0
0
0
0
0
0
0
0
0
0
0
0
0
0
0
0
0
0
0
0
0
0
0
0
0
0
0
0
0
0
0
0
0
0
0
0
0
0
0
0
0
0
0
0
0
0
0
0
0
0
0
0
0
0
0
0
0
0
0
0
0
0
0
0
0
0
0
0
0
0
0
0
0
0
0
0
0
0
0
0
0
0
0
0
0
0
0
0
0
0
0
0
0
0
0
0
0
0
0
0
0
0
0
0
0
0
0
0
0
0
0
0
0
0
0
0
0
0
0
0
0
0
0
0
0
0
0
0
0
0
0
0
0
0
0
0
0
0
0
0
0
0
0
0
0
0
0
0
0
0
0
0
0
0
0
0
0
0
0
0
0
0
0
0
0
0
0
0
0
0
0
0
0
0
0
0
0
0
0
0
0
0
0
0
0
0
0
0
0
0
0
0
0
0
0
0
0
0
0
0
0
0
0
0
0
0
0
0
0
0
0
0
0
0
0
0
0
0
0
0
0
0
0
0
0
0
0
0
0
0
0
0
0
0
0
0
0
0
0
0
0
0
0
0
0
0
0
0
0
0
0
0
0
0
0
0
0
0
0
0
0
0
0
0
0
0
0
0
0
0
0
0
0
0
0
0
0
0
0
0
0
0
0
0
0
0
0
0
0
0
0
0
0
0
0
0
0
0
0
0
0
0
0
0
0
0
0
0
0
0
0
0
0
0
0
0
0
0
0
0
0
0
0
0
0
0
0
0
0
0
0
0
0
0
0
0
0
0
0
0
0
0
0
0
0
0
0
0
0
0
0
0
0
0
0
0
0
0
0
0
0
0
0
0
0
0
0
0
0
0
0
0
0
0
0
0
0
0
0
0
0
0
0
0
0
0
0
0
0
0
0
0
0
0
0
0
0
0
0
0
0
0
0
0
0
0
0
0
0
0
0
0
0
0
0
0
0
0
0
0
0
0
0
0
0
0
0
0
0
0
0
0
0
0
0
0
0
0
0
0
0
0
0
0
0
0
0
0
0
0
0
0
0
0
0
0
0
0
0
0
0
0
0
0
0
0
0
0
0
0
0
0
0
0
0
0
0
0
0
0
0
0
0
0
0
0
0
0
0
0
0
0
0
0
0
0
0
0
0
0
0
0
0
0
0
0
0
0
0
0
0
0
0
0
0
0
0
0
0
0
0
0
0
0
0
0
0
0
0
0
0
0
0
0
0
0
0
0
0
0
0
0
0
0
0
0
0
0
0
0
0
0
0
0
0
0
0
0
0
0
0
0
0
0
0
0
0
0
0
0
0
0
0
0
0
0
0
0
0
0
0
0
0
0
0
0
0
0
0
0
0
0
0
0
0
0
0
0
0
0
0
0
0
0
0
0
0
0
0
0
0
0
0
0
0
0
0
0
0
0
0
0
0
0
0
0
0
0
0
0
0
0
0
0
0
0
0
0
0
0
0
0
0
0
0
0
0
0
0
0
0
0
0
0
0
0
0
0
0
0
0
0
0
0
0
0
0
0
0
0
0
0
0
0
0
0
0
0
0
0
0
0
0
0
0
0
0
0
0
0
0
0
0
0
0
0
0
0
0
0
0
0
0
0
0
0
0
0
0
0
0
0
0
0
0
0
0
0
0
0
0
0
0
0
0
0
0
0
0
0
0
0
0
0
0
0
0
0
0
0
0
0
0
0
0
0
0
0
0
0
0
0
0
0
0
0
0
0
0
0
0
0
0
0
0
0
0
0
0
0
0
0
0
0
0
0
0
0
0
0
0
0
0
0
0
0
0
0
0
0
0
0
0
0
0
0
0
0
0
0
0
0
0
0
0
0
0
0
0
0
0
0
0
0
0
0
0
0
0
0
0
0
0
0
0
0
0
0
0
0
0
0
0
0
0
0
0
0
0
0
0
0
0
0
0
0
0
0
0
0
0
0
0
0
0
0
0
0
0
0
0
0
0
0
0
0
0
0
0
0
0
0
0
0
0
0
0
0
0
0
0
0
0
0
0
0
0
0
0
0
0
0
0
0
0
0
0
0
0
0
0
0
0
0
0
0
0
0
0
0
0
0
0
0
0
0
0
0
0
0
0
0
0
0
0
0
0
0
0
0
0
0
0
0
0
0
0
0
0
0
0
0
0
0
0
0
0
0
0
0
0
0
0
0
0
0
0
0
0
0
0
0
0
0
0
0
0
0
0
0
0
0
0
0
0
0
0
0
0
0
0
0
0
0
0
0
0
0
0
0
0
0
0
0
0
0
0
0
0
0
0
0
0
0
0
0
0
0
0
0
0
0
0
0
0
0
0
0
0
0
0
0
0
0
0
0
0
0
0
0
0
0
0
0
0
0
0
0
0
0
0
0
0
0
0
0
0
0
0
0
0
0
0
0
0
0
0
0
0
0
0
0
0
0
0
0
0
0
0
0
0
0
0
0
0
0
0
0
0
0
0
0
0
0
0
0
0
0
0
0
0
0
0
0
0
0
0
0
0
0
0
0
0
0
0
0
0
0
0
0
0
0
0
0
0
0
0
0
0
0
0
0
0
0
0
0
0
0
0
0
0
0
0
0
0
0
0
0
0
0
0
0
0
0
0
0
0
0
0
0
0
0
0
0
0
0
0
0
0
0
0
0
0
0
0
0
0
0
0
0
0
0
0
0
0
0
0
0
0
0
0
0
0
0
0
0
0
0
0
0
0
0
0
0
0
0
0
0
0
0
0
0
0
0
0
0
0
0
0
0
0
0
0
0
0
0
0
0
0
0
0
0
0
0
0
0
0
0
0
0
0
0
0
0
0
0
0
0
0
0
0
0
0
0
0
0
0
0
0
0
0
0
0
0
0
0
0
0
0
0
0
0
0
0
0
0
0
0
0
0
0
0
0
0
0
0
0
0
0
0
0
0
0
0
0
0
0
0
0
0
0
0
0
0
0
0
0
0
0
0
0
0
0
0
0
0
0
0
0
0
0
0
0
0
0
0
0
0
0
0
0
0
0
0
0
0
0
0
0
0
0
0
0
0
0
0
0
0
0
0
0
0
0
0
0
0
0
0
0
0
0
0
0
0
0
0
0
0
0
0
0
0
0
0
0
0
0
0
0
0
0
0
0
0
0
0
0
0
0
0
0
0
0
0
0
0
0
0
0
0
0
0
0
0
0
0
0
0
0
0
0
0
0
0
0
0
0
0
0
0
0
0
0
0
0
0
0
0
0
0
0
0
0
0
0
0
0
0
0
0
0
0
0
0
0
0
0
0
0
0
0
0
0
0
0
0
0
0
0
0
0
0
0
0
0
0
0
0
0
0
0
0
0
0
0
0
0
0
0
0
0
0
0
0
0
0
0
0
0
0
0
0
0
0
0
0
0
0
0
0
0
0
0
0
0
0
0
0
0
0
0
0
0
0
0
0
0
0
0
0
0
0
0
0
0
0
0
0
0
0
0
0
0
0
0
0
0
0
0
0
0
0
0
0
0
0
0
0
0
0
0
0
0
0
0
0
0
0
0
0
0
0
0
0
0
0
0
0
0
0
0
0
0
0
0
0
0
0
0
0
0
0
0
0
0
0
0
0
0
0
0
0
0
0
0
0
0
0
0
0
0
0
0
0
0
0
0
0
0
0
0
0
0
0
0
0
0
0
0
0
0
0
0
0
0
0
0
0
0
0
0
0
0
0
0
0
0
0
0
0
0
0
0
0
0
0
0
0
0
0
0
0
0
0
0
0
0
0
0
0
0
0
0
0
0
0
0
0
0
0
0
0
0
0
0
0
0
0
0
0
0
0
0
0
0
0
0
0
0
0
0
0
0
0
0
0
0
0
0
0
0
0
0
0
0
0
0
0
0
0
0
0
0
0
0
0
0
0
0
0
0
0
0
0
0
0
0
0
0
0
0
0
0
0
0
0
0
0
0
0
0
0
0
0
0
0
0
0
0
0
0
0
0
0
0
0
0
0
0
0
0
0
0
0
0
0
0
0
0
0
0
0
0
0
0
0
0
0
0
0
0
0
0
0
0
0
0
0
0
0
0
0
0
0
0
0
0
0
0
0
0
0
0
0
0
0
0
0
0
0
0
0
0
0
0
0
0
0
0
0
0
0
0
0
0
0
0
0
0
0
0
0
0
0
0
0
0
0
0
0
0
0
0
0
0
0
0
0
0
0
0
0
0
0
0
0
0
0
0
0
0
0
0
0
0
0
0
0
0
0
0
0
0
0
0
0
0
0
0
0
0
0
0
0
0
0
0
0
0
0
0
0
0
0
0
0
0
0
0
0
0
0
0
0
0
0
0
0
0
0
0
0
0
0
0
0
0
0
0
0
0
0
0
0
0
0
0
0
0
0
0
0
0
0
0
0
0
0
0
0
0
0
0
0
0
0
0
0
0
0
0
0
0
0
0
0
0
0
0
0
0
0
0
0
0
0
0
0
0
0
0
0
0
0
0
0
0
0
0
0
0
0
0
0
0
0
0
0
0
0
0
0
0
0
0
0
0
0
0
0
0
0
0
0
0
0
0
0
0
0
0
0
0
0
0
0
0
0
0
0
0
0
0
0
0
0
0
0
0
0
0
0
0
0
0
0
0
0
0
0
0
0
0
0
0
0
0
0
0
0
0
0
0
0
0
0
0
0
0
0
0
0
0
0
0
0
0
0
0
0
0
0
0
0
0
0
0
0
0
0
0
0
0
0
0
0
0
0
0
0
0
0
0
0
0
0
0
0
0
0
0
0
0
0
0
0
0
0
0
0
0
0
0
0
0
0
0
0
0
0
0
0
0
0
0
0
0
0
0
0
0
0
0
0
0
0
0
0
0
0
0
0
0
0
0
0
0
0
0
0
0
0
0
0
0
0
0
0
0
0
0
0
0
0
0
0
0
0
0
0
0
0
0
0
0
0
0
0
0
0
0
0
0
0
0
0
0
0
0
0
0
0
0
0
0
0
0
0
0
0
0
0
0
0
0
0
0
0
0
0
0
0
0
0
0
0
0
0
0
0
0
0
0
0
0
0
0
0
0
0
0
0
0
0
0
0
0
0
0
0
0
0
0
0
0
0
0
0
0
0
0
0
0
0
0
0
0
0
0
0
0
0
0
0
0
0
0
0
0
0
0
0
0
0
0
0
0
0
0
0
0
0
0
0
0
0
0
0
0
0
0
0
0
0
0
0
0
0
0
0
0
0
0
0
0
0
0
0
0
0
0
0
0
0
0
0
0
0
0
0
0
0
0
0
0
0
0
0
0
0
0
0
0
0
0
0
0
0
0
0
0
0
0
0
0
0
0
0
0
0
0
0
0
0
0
0
0
0
0
0
0
0
0
0
0
0
0
0
0
0
0
0
0
0
0
0
0
0
0
0
0
0
0
0
0
0
0
0
0
0
0
0
0
0
0
0
0
0
0
0
0
0
0
0
0
0
0
0
0
0
0
0
0
0
0
0
0
0
0
0
0
0
0
0
0
0
0
0
0
0
0
0
0
0
0
0
0
0
0
0
0
0
0
0
0
0
0
0
0
0
0
0
0
0
0
0
0
0
0
0
0
0
0
0
0
0
0
0
0
0
0
0
0
0
0
0
0
0
0
0
0
0
0
0
0
0
0
0
0
0
0
0
0
0
0
0
0
0
0
0
0
0
0
0
0
0
0
0
0
0
0
0
0
0
0
0
0
0
0
0
0
0
0
0
0
0
0
0
0
0
0
0
0
0
0
0
0
0
0
0
0
0
0
0
0
0
0
0
0
0
0
0
0
0
0
0
0
0
0
0
0
0
0
0
0
0
0
0
0
0
0
0
0
0
0
0
0
0
0
0
0
0
0
0
0
0
0
0
0
0
0
0
0
0
0
0
0
0
0
0
0
0
0
0
0
0
0
0
0
0
0
0
0
0
0
0
0
0
0
0
0
0
0
0
0
0
0
0
0
0
0
0
0
0
0
0
0
0
0
0
0
0
0
0
0
0
0
0
0
0
0
0
0
0
0
0
0
0
0
0
0
0
0
0
0
0
0
0
0
0
0
0
0
0
0
0
0
0
0
0
0
0
0
0
0
0
0
0
0
0
0
0
0
0
0
0
0
0
0
0
0
0
0
0
0
0
0
0
0
0
0
0
0
0
0
0
0
0
0
0
0
0
0
0
0
0
0
0
0
0
0
0
0
0
0
0
0
0
0
0
0
0
0
0
0
0
0
0
0
0
0
0
0
0
0
0
0
0
0
0
0
0
0
0
0
0
0
0
0
0
0
0
0
0
0
0
0
0
0
0
0
0
0
0
0
0
0
0
0
0
0
0
0
0
0
0
0
0
0
0
0
0
0
0
0
0
0
0
0
0
0
0
0
0
0
0
0
0
0
0
0
0
0
0
0
0
0
0
0
0
0
0
0
0
0
0
0
0
0
0
0
0
0
0
0
0
0
0
0
0
0
0
0
0
0
0
0
0
0
0
0
0
0
0
0
0
0
0
0
0
0
0
0
0
0
0
0
0
0
0
0
0
0
0
0
0
0
0
0
0
0
0
0
0
0
0
0
0
0
0
0
0
0
0
0
0
0
0
0
0
0
0
0
0
0
0
0
0
0
0
0
0
0
0
0
0
0
0
0
0
0
0
0
0
0
0
0
0
0
0
0
0
0
0
0
0
0
0
0
0
0
0
0
0
0
0
0
0
0
0
0
0
0
0
0
0
0
0
0
0
0
0
0
0
0
0
0
0
0
0
0
0
0
0
0
0
0
0
0
0
0
0
0
0
0
0
0
0
0
0
0
0
0
0
0
0
0
0
0
0
0
0
0
0
0
0
0
0
0
0
0
0
0
0
0
0
0
0
0
0
0
0
0
0
0
0
0
0
0
0
0
0
0
0
0
0
0
0
0
0
0
0
0
0
0
0
0
0
0
0
0
0
0
0
0
0
0
0
0
0
0
0
0
0
0
0
0
0
0
0
0
0
0
0
0
0
0
0
0
0
0
0
0
0
0
0
0
0
0
0
0
0
0
0
0
0
0
0
0
0
0
0
0
0
0
0
0
0
0
0
0
0
0
0
0
0
0
0
0
0
0
0
0
0
0
0
0
0
0
0
0
0
0
0
0
0
0
0
0
0
0
0
0
0
0
0
0
0
0
0
0
0
0
0
0
0
0
0
0
0
0
0
0
0
0
0
0
0
0
0
0
0
0
0
0
0
0
0
0
0
0
0
0
0
0
0
0
0
0
0
0
0
0
0
0
0
0
0
0
0
0
0
0
0
0
0
0
0
0
0
0
0
0
0
0
0
0
0
0
0
0
0
0
0
0
0
0
0
0
0
0
0
0
0
0
0
0
0
0
0
0
0
0
0
0
0
0
0
0
0
0
0
0
0
0
0
0
0
0
0
0
0
0
0
0
0
0
0
0
0
0
0
0
0
0
0
0
0
0
0
0
0
0
0
0
0
0
0
0
0
0
0
0
0
0
0
0
0
0
0
0
0
0
0
0
0
0
0
0
0
0
0
0
0
0
0
0
0
0
0
0
0
0
0
0
0
0
0
0
0
0
0
0
0
0
0
0
0
0
0
0
0
0
0
0
0
0
0
0
0
0
0
0
0
0
0
0
0
0
0
0
0
0
0
0
0
0
0
0
0
0
0
0
0
0
0
0
0
0
0
0
0
0
0
0
0
0
0
0
0
0
0
0
0
0
0
0
0
0
0
0
0
0
0
0
0
0
0
0
0
0
0
0
0
0
0
0
0
0
0
0
0
0
0
0
0
0
0
0
0
0
0
0
0
0
0
0
0
0
0
0
0
0
0
0
0
0
0
0
0
0
0
0
0
0
0
0
0
0
0
0
0
0
0
0
0
0
0
0
0
0
0
0
0
0
0
0
0
0
0
0
0
0
0
0
0
0
0
0
0
0
0
0
0
0
0
0
0
0
0
0
0
0
0
0
0
0
0
0
0
0
0
0
0
0
0
0
0
0
0
0
0
0
0
0
0
0
0
0
0
0
0
0
0
0
0
0
0
0
0
0
0
0
0
0
0
0
0
0
0
0
0
0
0
0
0
0
0
0
0
0
0
0
0
0
0
0
0
0
0
0
0
0
0
0
0
0
0
0
0
0
0
0
0
0
0
0
0
0
0
0
0
0
0
0
0
0
0
0
0
0
0
0
0
0
0
0
0
0
0
0
0
0
0
0
0
0
0
0
0
0
0
0
0
0
0
0
0
0
0
0
0
0
0
0
0
0
0
0
0
0
0
0
0
0
0
0
0
0
0
0
0
0
0
0
0
0
0
0
0
0
0
0
0
0
0
0
0
0
0
0
0
0
0
0
0
0
0
0
0
0
0
0
0
0
0
0
0
0
0
0
0
0
0
0
0
0
0
0
0
0
0
0
0
0
0
0
0
0
0
0
0
0
0
0
0
0
0
0
0
0
0
0
0
0
0
0
0
0
0
0
0
0
0
0
0
0
0
0
0
0
0
0
0
0
0
0
0
0
0
0
0
0
0
0
0
0
0
0
0
0
0
0
0
0
0
0
0
0
0
0
0
0
0
0
0
0
0
0
0
0
0
0
0
0
0
0
0
0
0
0
0
0
0
0
0
0
0
0
0
0
0
0
0
0
0
0
0
0
0
0
0
0
0
0
0
0
0
0
0
0
0
0
0
0
0
0
0
0
0
0
0
0
0
0
0
0
0
0
0
0
0
0
0
0
0
0
0
0
0
0
0
0
0
0
0
0
0
0
0
0
0
0
0
0
0
0
0
0
0
0
0
0
0
0
0
0
0
0
0
0
0
0
0
0
0
0
0
0
0
0
0
0
0
0
0
0
0
0
0
0
0
0
0
0
0
0
0
0
0
0
0
0
0
0
0
0
0
0
0
0
0
0
0
0
0
0
0
0
0
0
0
0
0
0
0
0
0
0
0
0
0
0
0
0
0
0
0
0
0
0
0
0
0
0
0
0
0
0
0
0
0
0
0
0
0
0
0
0
0
0
0
0
0
0
0
0
0
0
0
0
0
0
0
0
0
0
0
0
0
0
0
0
0
0
0
0
0
0
0
0
0
0
0
0
0
0
0
0
0
0
0
0
0
0
0
0
0
0
0
0
0
0
0
0
0
0
0
0
0
0
0
0
0
0
0
0
0
0
0
0
0
0
0
0
0
0
0
0
0
0
0
0
0
0
0
0
0
0
0
0
0
0
0
0
0
0
0
0
0
0
0
0
0
0
0
0
0
0
0
0
0
0
0
0
0
0
0
0
0
0
0
0
0
0
0
0
0
0
0
0
0
0
0
0
0
0
0
0
0
0
0
0
0
0
0
0
0
0
0
0
0
0
0
0
0
0
0
0
0
0
0
0
0
0
0
0
0
0
0
0
0
0
0
0
0
0
0
0
0
0
0
0
0
0
0
0
0
0
0
0
0
0
0
0
0
0
0
0
0
0
0
0
0
0
0
0
0
0
0
0
0
0
0
0
0
0
0
0
0
0
0
0
0
0
0
0
0
0
0
0
0
0
0
0
0
0
0
0
0
0
0
0
0
0
0
0
0
0
0
0
0
0
0
0
0
0
0
0
0
0
0
0
0
0
0
0
0
0
0
0
0
0
0
0
0
0
0
0
0
0
0
0
0
0
0
0
0
0
0
0
0
0
0
0
0
0
0
0
0
0
0
0
0
0
0
0
0
0
0
0
0
0
0
0
0
0
0
0
0
0
0
0
0
0
0
0
0
0
0
0
0
0
0
0
0
0
0
0
0
0
0
0
0
0
0
0
0
0
0
0
0
0
0
0
0
0
0
0
0
0
0
0
0
0
0
0
0
0
0
0
0
0
0
0
0
0
0
0
0
0
0
0
0
0
0
0
0
0
0
0
0
0
0
0
0
0
0
0
0
0
0
0
0
0
0
0
0
0
0
0
0
0
0
0
0
0
0
0
0
0
0
0
0
0
0
0
0
0
0
0
0
0
0
0
0
0
0
0
0
0
0
0
0
0
0
0
0
0
0
0
0
0
0
0
0
0
0
0
0
0
0
0
0
0
0
0
0
0
0
0
0
0
0
0
0
0
0
0
0
0
0
0
0
0
0
0
0
0
0
0
0
0
0
0
0
0
0
0
0
0
0
0
0
0
0
0
0
0
0
0
0
0
0
0
0
0
0
0
0
0
0
0
0
0
0
0
0
0
0
0
0
0
0
0
0
0
0
0
0
0
0
0
0
0
0
0
0
0
0
0
0
0
0
0
0
0
0
0
0
0
0
0
0
0
0
0
0
0
0
0
0
0
0
0
0
0
0
0
0
0
0
0
0
0
0
0
0
0
0
0
0
0
0
0
0
0
0
0
0
0
0
0
0
0
0
0
0
0
0
0
0
0
0
0
0
0
0
0
0
0
0
0
0
0
0
0
0
0
0
0
0
0
0
0
0
0
0
0
0
0
0
0
0
0
0
0
0
0
0
0
0
0
0
0
0
0
0
0
0
0
0
0
0
0
0
0
0
0
0
0
0
0
0
0
0
0
0
0
0
0
0
0
0
0
0
0
0
0
0
0
0
0
0
0
0
0
0
0
0
0
0
0
0
0
0
0
0
0
0
0
0
0
0
0
0
0
0
0
0
0
0
0
0
0
0
0
0
0
0
0
0
0
0
0
0
0
0
0
0
0
0
0
0
0
0
0
0
0
0
0
0
0
0
0
0
0
0
0
0
0
0
0
0
0
0
0
0
0
0
0
0
0
0
0
0
0
0
0
0
0
0
0
0
0
0
0
0
0
0
0
0
0
0
0
0
0
0
0
0
0
0
0
0
0
0
0
0
0
0
0
0
0
0
0
0
0
0
0
0
0
0
0
0
0
0
0
0
0
0
0
0
0
0
0
0
0
0
0
0
0
0
0
0
0
0
0
0
0
0
0
0
0
0
0
0
0
0
0
0
0
0
0
0
0
0
0
0
0
0
0
0
0
0
0
0
0
0
0
0
0
0
0
0
0
0
0
0
0
0
0
0
0
0
0
0
0
0
0
0
0
0
0
0
0
0
0
0
0
0
0
0
0
0
0
0
0
0
0
0
0
0
0
0
0
0
0
0
0
0
0
0
0
0
0
0
0
0
0
0
0
0
0
0
0
0
0
0
0
0
0
0
0
0
0
0
0
0
0
0
0
0
0
0
0
0
0
0
0
0
0
0
0
0
0
0
0
0
0
0
0
0
0
0
0
0
0
0
0
0
0
0
0
0
0
0
0
0
0
0
0
0
0
0
0
0
0
0
0
0
0
0
0
0
0
0
0
0
0
0
0
0
0
0
0
0
0
0
0
0
0
0
0
0
0
0
0
0
0
0
0
0
0
0
0
0
0
0
0
0
0
0
0
0
0
0
0
0
0
0
0
0
0
0
0
0
0
0
0
0
0
0
0
0
0
0
0
0
0
0
0
0
0
0
0
0
0
0
0
0
0
0
0
0
0
0
0
0
0
0
0
0
0
0
0
0
0
0
0
0
0
0
0
0
0
0
0
0
0
0
0
0
0
0
0
0
0
0
0
0
0
0
0
0
0
0
0
0
0
0
0
0
0
0
0
0
0
0
0
0
0
0
0
0
0
0
0
0
0
0
0
0
0
0
0
0
0
0
0
0
0
0
0
0
0
0
0
0
0
0
0
0
0
0
0
0
0
0
0
0
0
0
0
0
0
0
0
0
0
0
0
0
0
0
0
0
0
0
0
0
0
0
0
0
0
0
0
0
0
0
0
0
0
0
0
0
0
0
0
0
0
0
0
0
0
0
0
0
0
0
0
0
0
0
0
0
0
0
0
0
0
0
0
0
0
0
0
0
0
0
0
0
0
0
0
0
0
0
0
0
0
0
0
0
0
0
0
0
0
0
0
0
0
0
0
0
0
0
0
0
0
0
0
0
0
0
0
0
0
0
0
0
0
0
0
0
0
0
0
0
0
0
0
0
0
0
0
0
0
0
0
0
0
0
0
0
0
0
0
0
0
0
0
0
0
0
0
0
0
0
0
0
0
0
0
0
0
0
0
0
0
0
0
0
0
0
0
0
0
0
0
0
0
0
0
0
0
0
0
0
0
0
0
0
0
0
0
0
0
0
0
0
0
0
0
0
0
0
0
0
0
0
0
0
0
0
0
0
0
0
0
0
0
0
0
0
0
0
0
0
0
0
0
0
0
0
0
0
0
0
0
0
0
0
0
0
0
0
0
0
0
0
0
0
0
0
0
0
0
0
0
0
0
0
0
0
0
0
0
0
0
0
0
0
0
0
0
0
0
0
0
0
0
0
0
0
0
0
0
0
0
0
0
0
0
0
0
0
0
0
0
0
0
0
0
0
0
0
0
0
0
0
0
0
0
0
0
0
0
0
0
0
0
0
0
0
0
0
0
0
0
0
0
0
0
0
0
0
0
0
0
0
0
0
0
0
0
0
0
0
0
0
0
0
0
0
0
0
0
0
0
0
0
0
0
0
0
0
0
0
0
0
0
0
0
0
0
0
0
0
0
0
0
0
0
0
0
0
0
0
0
0
0
0
0
0
0
0
0
0
0
0
0
0
0
0
0
0
0
0
0
0
0
0
0
0
0
0
0
0
0
0
0
0
0
0
0
0
0
0
0
0
0
0
0
0
0
0
0
0
0
0
0
0
0
0
0
0
0
0
0
0
0
0
0
0
0
0
0
0
0
0
0
0
0
0
0
0
0
0
0
0
0
0
0
0
0
0
0
0
0
0
0
0
0
0
0
0
0
0
0
0
0
0
0
0
0
0
0
0
0
0
0
0
0
0
0
0
0
0
0
0
0
0
0
0
0
0
0
0
0
0
0
0
0
0
0
0
0
0
0
0
0
0
0
0
0
0
0
0
0
0
0
0
0
0
0
0
0
0
0
0
0
0
0
0
0
0
0
0
0
0
0
0
0
0
0
0
0
0
0
0
0
0
0
0
0
0
0
0
0
0
0
0
0
0
0
0
0
0
0
0
0
0
0
0
0
0
0
0
0
0
0
0
0
0
0
0
0
0
0
0
0
0
0
0
0
0
0
0
0
0
0
0
0
0
0
0
0
0
0
0
0
0
0
0
0
0
0
0
0
0
0
0
0
0
0
0
0
0
0
0
0
0
0
0
0
0
0
0
0
0
0
0
0
0
0
0
0
0
0
0
0
0
0
0
0
0
0
0
0
0
0
0
0
0
0
0
0
0
0
0
0
0
0
0
0
0
0
0
0
0
0
0
0
0
0
0
0
0
0
0
0
0
0
0
0
0
0
0
0
0
0
0
0
0
0
0
0
0
0
0
0
0
0
0
0
0
0
0
0
0
0
0
0
0
0
0
0
0
0
0
0
0
0
0
0
0
0
0
0
0
0
0
0
0
0
0
0
0
0
0
0
0
0
0
0
0
0
0
0
0
0
0
0
0
0
0
0
0
0
0
0
0
0
0
0
0
0
0
0
0
0
0
0
0
0
0
0
0
0
0
0
0
0
0
0
0
0
0
0
0
0
0
0
0
0
0
0
0
0
0
0
0
0
0
0
0
0
0
0
0
0
0
0
0
0
0
0
0
0
0
0
0
0
0
0
0
0
0
0
0
0
0
0
0
0
0
0
0
0
0
0
0
0
0
0
0
0
0
0
0
0
0
0
0
0
0
0
0
0
0
0
0
0
0
0
0
0
0
0
0
0
0
0
0
0
0
0
0
0
0
0
0
0
0
0
0
0
0
0
0
0
0
0
0
0
0
0
0
0
0
0
0
0
0
0
0
0
0
0
0
0
0
0
0
0
0
0
0
0
0
0
0
0
0
0
0
0
0
0
0
0
0
0
0
0
0
0
0
0
0
0
0
0
0
0
0
0
0
0
0
0
0
0
0
0
0
0
0
0
0
0
0
0
0
0
0
0
0
0
0
0
0
0
0
0
0
0
0
0
0
0
0
0
0
0
0
0
0
0
0
0
0
0
0
0
0
0
0
0
0
0
0
0
0
0
0
0
0
0
0
0
0
0
0
0
0
0
0
0
0
0
0
0
0
0
0
0
0
0
0
0
0
0
0
0
0
0
0
0
0
0
0
0
0
0
0
0
0
0
0
0
0
0
0
0
0
0
0
0
0
0
0
0
0
0
0
0
0
0
0
0
0
0
0
0
0
0
0
0
0
0
0
0
0
0
0
0
0
0
0
0
0
0
0
0
0
0
0
0
0
0
0
0
0
0
0
0
0
0
0
0
0
0
0
0
0
0
0
0
0
0
0
0
0
0
0
0
0
0
0
0
0
0
0
0
0
0
0
0
0
0
0
0
0
0
0
0
0
0
0
0
0
0
0
0
0
0
0
0
0
0
0
0
0
0
0
0
0
0
0
0
0
0
0
0
0
0
0
0
0
0
0
0
0
0
0
0
0
0
0
0
0
0
0
0
0
0
0
0
0
0
0
0
0
0
0
0
0
0
0
0
0
0
0
0
0
0
0
0
0
0
0
0
0
0
0
0
0
0
0
0
0
0
0
0
0
0
0
0
0
0
0
0
0
0
0
0
0
0
0
0
0
0
0
0
0
0
0
0
0
0
0
0
0
0
0
0
0
0
0
0
0
0
0
0
0
0
0
0
0
0
0
0
0
0
0
0
0
0
0
0
0
0
0
0
0
0
0
0
0
0
0
0
0
0
0
0
0
0
0
0
0
0
0
0
0
0
0
0
0
0
0
0
0
0
0
0
0
0
0
0
0
0
0
0
0
0
0
0
0
0
0
0
0
0
0
0
0
0
0
0
0
0
0
0
0
0
0
0
0
0
0
0
0
0
0
0
0
0
0
0
0
0
0
0
0
0
0
0
0
0
0
0
0
0
0
0
0
0
0
0
0
0
0
0
0
0
0
0
0
0
0
0
0
0
0
0
0
0
0
0
0
0
0
0
0
0
0
0
0
0
0
0
0
0
0
0
0
0
0
0
0
0
0
0
0
0
0
0
0
0
0
0
0
0
0
0
0
0
0
0
0
0
0
0
0
0
0
0
0
0
0
0
0
0
0
0
0
0
0
0
0
0
0
0
0
0
0
0
0
0
0
0
0
0
0
0
0
0
0
0
0
0
0
0
0
0
0
0
0
0
0
0
0
0
0
0
0
0
0
0
0
0
0
0
0
0
0
0
0
0
0
0
0
0
0
0
0
0
0
0
0
0
0
0
0
0
0
0
0
0
0
0
0
0
0
0
0
0
0
0
0
0
0
0
0
0
0
0
0
0
0
0
0
0
0
0
0
0
0
0
0
0
0
0
0
0
0
0
0
0
0
0
0
0
0
0
0
0
0
0
0
0
0
0
0
0
0
0
0
0
0
0
0
0
0
0
0
0
0
0
0
0
0
0
0
0
0
0
0
0
0
0
0
0
0
0
0
0
0
0
0
0
0
0
0
0
0
0
0
0
0
0
0
0
0
0
0
0
0
0
0
0
0
0
0
0
0
0
0
0
0
0
0
0
0
0
0
0
0
0
0
0
0
0
0
0
0
0
0
0
0
0
0
0
0
0
0
0
0
0
0
0
0
0
0
0
0
0
0
0
0
0
0
0
0
0
0
0
0
0
0
0
0
0
0
0
0
0
0
0
0
0
0
0
0
0
0
0
0
0
0
0
0
0
0
0
0
0
0
0
0
0
0
0
0
0
0
0
0
0
0
0
0
0
0
0
0
0
0
0
0
0
0
0
0
0
0
0
0
0
0
0
0
0
0
0
0
0
0
0
0
0
0
0
0
0
0
0
0
0
0
0
0
0
0
0
0
0
0
0
0
0
0
0
0
0
0
0
0
0
0
0
0
0
0
0
0
0
0
0
0
0
0
0
0
0
0
0
0
0
0
0
0
0
0
0
0
0
0
0
0
0
0
0
0
0
0
0
0
0
0
0
0
0
0
0
0
0
0
0
0
0
0
0
0
0
0
0
0
0
0
0
0
0
0
0
0
0
0
0
0
0
0
0
0
0
0
0
0
0
0
0
0
0
0
0
0
0
0
0
0
0
0
0
0
0
0
0
0
0
0
0
0
0
0
0
0
0
0
0
0
0
0
0
0
0
0
0
0
0
0
0
0
0
0
0
0
0
0
0
0
0
0
0
0
0
0
0
0
0
0
0
0
0
0
0
0
0
0
0
0
0
0
0
0
0
0
0
0
0
0
0
0
0
0
0
0
0
0
0
0
0
0
0
0
0
0
0
0
0
0
0
0
0
0
0
0
0
0
0
0
0
0
0
0
0
0
0
0
0
0
0
0
0
0
0
0
0
0
0
0
0
0
0
0
0
0
0
0
0
0
0
0
0
0
0
0
0
0
0
0
0
0
0
0
0
0
0
0
0
0
0
0
0
0
0
0
0
0
0
0
0
0
0
0
0
0
0
0
0
0
0
0
0
0
0
0
0
0
0
0
0
0
0
0
0
0
0
0
0
0
0
0
0
0
0
0
0
0
0
0
0
0
0
0
0
0
0
0
0
0
0
0
0
0
0
0
0
0
0
0
0
0
0
0
0
0
0
0
0
0
0
0
0
0
0
0
0
0
0
0
0
0
0
0
0
0
0
0
0
0
0
0
0
0
0
0
0
0
0
0
0
0
0
0
0
0
0
0
0
0
0
0
0
0
0
0
0
0
0
0
0
0
0
0
0
0
0
0
0
0
0
0
0
0
0
0
0
0
0
0
0
0
0
0
0
0
0
0
0
0
0
0
0
0
0
0
0
0
0
0
0
0
0
0
0
0
0
0
0
0
0
0
0
0
0
0
0
0
0
0
0
0
0
0
0
0
0
0
0
0
0
0
0
0
0
0
0
0
0
0
0
0
0
0
0
0
0
0
0
0
0
0
0
0
0
0
0
0
0
0
0
0
0
0
0
0
0
0
0
0
0
0
0
0
0
0
0
0
0
0
0
0
0
0
0
0
0
0
0
0
0
0
0
0
0
0
0
0
0
0
0
0
0
0
0
0
0
0
0
0
0
0
0
0
0
0
0
0
0
0
0
0
0
0
0
0
0
0
0
0
0
0
0
0
0
0
0
0
0
0
0
0
0
0
0
0
0
0
0
0
0
0
0
0
0
0
0
0
0
0
0
0
0
0
0
0
0
0
0
0
0
0
0
0
0
0
0
0
0
0
0
0
0
0
0
0
0
0
0
0
0
0
0
0
0
0
0
0
0
0
0
0
0
0
0
0
0
0
0
0
0
0
0
0
0
0
0
0
0
0
0
0
0
0
0
0
0
0
0
0
0
0
0
0
0
0
0
0
0
0
0
0
0
0
0
0
0
0
0
0
0
0
0
0
0
0
0
0
0
0
0
0
0
0
0
0
0
0
0
0
0
0
0
0
0
0
0
0
0
0
0
0
0
0
0
0
0
0
0
0
0
0
0
0
0
0
0
0
0
0
0
0
0
0
0
0
0
0
0
0
0
0
0
0
0
0
0
0
0
0
0
0
0
0
0
0
0
0
0
0
0
0
0
0
0
0
0
0
0
0
0
0
0
0
0
0
0
0
0
0
0
0
0
0
0
0
0
0
0
0
0
0
0
0
0
0
0
0
0
0
0
0
0
0
0
0
0
0
0
0
0
0
0
0
0
0
0
0
0
0
0
0
0
0
0
0
0
0
0
0
0
0
0
0
0
0
0
0
0
0
0
0
0
0
0
0
0
0
0
0
0
0
0
0
0
0
0
0
0
0
0
0
0
0
0
0
0
0
0
0
0
0
0
0
0
0
0
0
0
0
0
0
0
0
0
0
0
0
0
0
0
0
0
0
0
0
0
0
0
0
0
0
0
0
0
0
0
0
0
0
0
0
0
0
0
0
0
0
0
0
0
0
0
0
0
0
0
0
0
0
0
0
0
0
0
0
0
0
0
0
0
0
0
0
0
0
0
0
0
0
0
0
0
0
0
0
0
0
0
0
0
0
0
0
0
0
0
0
0
0
0
0
0
0
0
0
0
0
0
0
0
0
0
0
0
0
0
0
0
0
0
0
0
0
0
0
0
0
0
0
0
0
0
0
0
0
0
0
0
0
0
0
0
0
0
0
0
0
0
0
0
0
0
0
0
0
0
0
0
0
0
0
0
0
0
0
0
0
0
0
0
0
0
0
0
0
0
0
0
0
0
0
0
0
0
0
0
0
0
0
0
0
0
0
0
0
0
0
0
0
0
0
0
0
0
0
0
0
0
0
0
0
0
0
0
0
0
0
0
0
0
0
0
0
0
0
0
0
0
0
0
0
0
0
0
0
0
0
0
0
0
0
0
0
0
0
0
0
0
0
0
0
0
0
0
0
0
0
0
0
0
0
0
0
0
0
0
0
0
0
0
0
0
0
0
0
0
0
0
0
0
0
0
0
0
0
0
0
0
0
0
0
0
0
0
0
0
0
0
0
0
0
0
0
0
0
0
0
0
0
0
0
0
0
0
0
0
0
0
0
0
0
0
0
0
0
0
0
0
0
0
0
0
0
0
0
0
0
0
0
0
0
0
0
0
0
0
0
0
0
0
0
0
0
0
0
0
0
0
0
0
0
0
0
0
0
0
0
0
0
0
0
0
0
0
0
0
0
0
0
0
0
0
0
0
0
0
0
0
0
0
0
0
0
0
0
0
0
0
0
0
0
0
0
0
0
0
0
0
0
0
0
0
0
0
0
0
0
0
0
0
0
0
0
0
0
0
0
0
0
0
0
0
0
0
0
0
0
0
0
0
0
0
0
0
0
0
0
0
0
0
0
0
0
0
0
0
0
0
0
0
0
0
0
0
0
0
0
0
0
0
0
0
0
0
0
0
0
0
0
0
0
0
0
0
0
0
0
0
0
0
0
0
0
0
0
0
0
0
0
0
0
0
0
0
0
0
0
0
0
0
0
0
0
0
0
0
0
0
0
0
0
0
0
0
0
0
0
0
0
0
0
0
0
0
0
0
0
0
0
0
0
0
0
0
0
0
0
0
0
0
0
0
0
0
0
0
0
0
0
0
0
0
0
0
0
0
0
0
0
0
0
0
0
0
0
0
0
0
0
0
0
0
0
0
0
0
0
0
0
0
0
0
0
0
0
0
0
0
0
0
0
0
0
0
0
0
0
0
0
0
0
0
0
0
0
0
0
0
0
0
0
0
0
0
0
0
0
0
0
0
0
0
0
0
0
0
0
0
0
0
0
0
0
0
0
0
0
0
0
0
0
0
0
0
0
0
0
0
0
0
0
0
0
0
0
0
0
0
0
0
0
0
0
0
0
0
0
0
0
0
0
0
0
0
0
0
0
0
0
0
0
0
0
0
0
0
0
0
0
0
0
0
0
0
0
0
0
0
0
0
0
0
0
0
0
0
0
0
0
0
0
0
0
0
0
0
0
0
0
0
0
0
0
0
0
0
0
0
0
0
0
0
0
0
0
0
0
0
0
0
0
0
0
0
0
0
0
0
0
0
0
0
0
0
0
0
0
0
0
0
0
0
0
0
0
0
0
0
0
0
0
0
0
0
0
0
0
0
0
0
0
0
0
0
0
0
0
0
0
0
0
0
0
0
0
0
0
0
0
0
0
0
0
0
0
0
0
0
0
0
0
0
0
0
0
0
0
0
0
0
0
0
0
0
0
0
0
0
0
0
0
0
0
0
0
0
0
0
0
0
0
0
0
0
0
0
0
0
0
0
0
0
0
0
0
0
0
0
0
0
0
0
0
0
0
0
0
0
0
0
0
0
0
0
0
0
0
0
0
0
0
0
0
0
0
0
0
0
0
0
0
0
0
0
0
0
0
0
0
0
0
0
0
0
0
0
0
0
0
0
0
0
0
0
0
0
0
0
0
0
0
0
0
0
0
0
0
0
0
0
0
0
0
0
0
0
0
0
0
0
0
0
0
0
0
0
0
0
0
0
0
0
0
0
0
0
0
0
0
0
0
0
0
0
0
0
0
0
0
0
0
0
0
0
0
0
0
0
0
0
0
0
0
0
0
0
0
0
0
0
0
0
0
0
0
0
0
0
0
0
0
0
0
0
0
0
0
0
0
0
0
0
0
0
0
0
0
0
0
0
0
0
0
0
0
0
0
0
0
0
0
0
0
0
0
0
0
0
0
0
0
0
0
0
0
0
0
0
0
0
0
0
0
0
0
0
0
0
0
0
0
0
0
0
0
0
0
0
0
0
0
0
0
0
0
0
0
0
0
0
0
0
0
0
0
0
0
0
0
0
0
0
0
0
0
0
0
0
0
0
0
0
0
0
0
0
0
0
0
0
0
0
0
0
0
0
0
0
0
0
0
0
0
0
0
0
0
0
0
0
0
0
0
0
0
0
0
0
0
0
0
0
0
0
0
0
0
0
0
0
0
0
0
0
0
0
0
0
0
0
0
0
0
0
0
0
0
0
0
0
0
0
0
0
0
0
0
0
0
0
0
0
0
0
0
0
0
0
0
0
0
0
0
0
0
0
0
0
0
0
0
0
0
0
0
0
0
0
0
0
0
0
0
0
0
0
0
0
0
0
0
0
0
0
0
0
0
0
0
0
0
0
0
0
0
0
0
0
0
0
0
0
0
0
0
0
0
0
0
0
0
0
0
0
0
0
0
0
0
0
0
0
0
0
0
0
0
0
0
0
0
0
0
0
0
0
0
0
0
0
0
0
0
0
0
0
0
0
0
0
0
0
0
0
0
0
0
0
0
0
0
0
0
0
0
0
0
0
0
0
0
0
0
0
0
0
0
0
0
0
0
0
0
0
0
0
0
0
0
0
0
0
0
0
0
0
0
0
0
0
0
0
0
0
0
0
0
0
0
0
0
0
0
0
0
0
0
0
0
0
0
0
0
0
0
0
0
0
0
0
0
0
0
0
0
0
0
0
0
0
0
0
0
0
0
0
0
0
0
0
0
0
0
0
0
0
0
0
0
0
0
0
0
0
0
0
0
0
0
0
0
0
0
0
0
0
0
0
0
0
0
0
0
0
0
0
0
0
0
0
0
0
0
0
0
0
0
0
0
0
0
0
0
0
0
0
0
0
0
0
0
0
0
0
0
0
0
0
0
0
0
0
0
0
0
0
0
0
0
0
0
0
0
0
0
0
0
0
0
0
0
0
0
0
0
0
0
0
0
0
0
0
0
0
0
0
0
0
0
0
0
0
0
0
0
0
0
0
0
0
0
0
0
0
0
0
0
0
0
0
0
0
0
0
0
0
0
0
0
0
0
0
0
0
0
0
0
0
0
0
0
0
0
0
0
0
0
0
0
0
0
0
0
0
0
0
0
0
0
0
0
0
0
0
0
0
0
0
0
0
0
0
0
0
0
0
0
0
0
0
0
0
0
0
0
0
0
0
0
0
0
0
0
0
0
0
0
0
0
0
0
0
0
0
0
0
0
0
0
0
0
0
0
0
0
0
0
0
0
0
0
0
0
0
0
0
0
0
0
0
0
0
0
0
0
0
0
0
0
0
0
0
0
0
0
0
0
0
0
0
0
0
0
0
0
0
0
0
0
0
0
0
0
0
0
0
0
0
0
0
0
0
0
0
0
0
0
0
0
0
0
0
0
0
0
0
0
0
0
0
0
0
0
0
0
0
0
0
0
0
0
0
0
0
0
0
0
0
0
0
0
0
0
0
0
0
0
0
0
0
0
0
0
0
0
0
0
0
0
0
0
0
0
0
0
0
0
0
0
0
0
0
0
0
0
0
0
0
0
0
0
0
0
0
0
0
0
0
0
0
0
0
0
0
0
0
0
0
0
0
0
0
0
0
0
0
0
0
0
0
0
0
0
0
0
0
0
0
0
0
0
0
0
0
0
0
0
0
0
0
0
0
0
0
0
0
0
0
0
0
0
0
0
0
0
0
0
0
0
0
0
0
0
0
0
0
0
0
0
0
0
0
0
0
0
0
0
0
0
0
0
0
0
0
0
0
0
0
0
0
0
0
0
0
0
0
0
0
0
0
0
0
0
0
0
0
0
0
0
0
0
0
0
0
0
0
0
0
0
0
0
0
0
0
0
0
0
0
0
0
0
0
0
0
0
0
0
0
0
0
0
0
0
0
0
0
0
0
0
0
0
0
0
0
0
0
0
0
0
0
0
0
0
0
0
0
0
0
0
0
0
0
0
0
0
0
0
0
0
0
0
0
0
0
0
0
0
0
0
0
0
0
0
0
0
0
0
0
0
0
0
0
0
0
0
0
0
0
0
0
0
0
0
0
0
0
0
0
0
0
0
0
0
0
0
0
0
0
0
0
0
0
0
0
0
0
0
0
0
0
0
0
0
0
0
0
0
0
0
0
0
0
0
0
0
0
0
0
0
0
0
0
0
0
0
0
0
0
0
0
0
0
0
0
0
0
0
0
0
0
0
0
0
0
0
0
0
0
0
0
0
0
0
0
0
0
0
0
0
0
0
0
0
0
0
0
0
0
0
0
0
0
0
0
0
0
0
0
0
0
0
0
0
0
0
0
0
0
0
0
0
0
0
0
0
0
0
0
0
0
0
0
0
0
0
0
0
0
0
0
0
0
0
0
0
0
0
0
0
0
0
0
0
0
0
0
0
0
0
0
0
0
0
0
0
0
0
0
0
0
0
0
0
0
0
0
0
0
0
0
0
0
0
0
0
0
0
0
0
0
0
0
0
0
0
0
0
0
0
0
0
0
0
0
0
0
0
0
0
0
0
0
0
0
0
0
0
0
0
0
0
0
0
0
0
0
0
0
0
0
0
0
0
0
0
0
0
0
0
0
0
0
0
0
0
0
0
0
0
0
0
0
0
0
0
0
0
0
0
0
0
0
0
0
0
0
0
0
0
0
0
0
0
0
0
0
0
0
0
0
0
0
0
0
0
0
0
0
0
0
0
0
0
0
0
0
0
0
0
0
0
0
0
0
0
0
0
0
0
0
0
0
0
0
0
0
0
0
0
0
0
0
0
0
0
0
0
0
0
0
0
0
0
0
0
0
0
0
0
0
0
0
0
0
0
0
0
0
0
0
0
0
0
0
0
0
0
0
0
0
0
0
0
0
0
0
0
0
0
0
0
0
0
0
0
0
0
0
0
0
0
0
0
0
0
0
0
0
0
0
0
0
0
0
0
0
0
0
0
0
0
0
0
0
0
0
0
0
0
0
0
0
0
0
0
0
0
0
0
0
0
0
0
0
0
0
0
0
0
0
0
0
0
0
0
0
0
0
0
0
0
0
0
0
0
0
0
0
0
0
0
0
0
0
0
0
0
0
0
0
0
0
0
0
0
0
0
0
0
0
0
0
0
0
0
0
0
0
0
0
0
0
0
0
0
0
0
0
0
0
0
0
0
0
0
0
0
0
0
0
0
0
0
0
0
0
0
0
0
0
0
0
0
0
0
0
0
0
0
0
0
0
0
0
0
0
0
0
0
0
0
0
0
0
0
0
0
0
0
0
0
0
0
0
0
0
0
0
0
0
0
0
0
0
0
0
0
0
0
0
0
0
0
0
0
0
0
0
0
0
0
0
0
0
0
0
0
0
0
0
0
0
0
0
0
0
0
0
0
0
0
0
0
0
0
0
0
0
0
0
0
0
0
0
0
0
0
0
0
0
0
0
0
0
0
0
0
0
0
0
0
0
0
0
0
0
0
0
0
0
0
0
0
0
0
0
0
0
0
0
0
0
0
0
0
0
0
0
0
0
0
0
0
0
0
0
0
0
0
0
0
0
0
0
0
0
0
0
0
0
0
0
0
0
0
0
0
0
0
0
0
0
0
0
0
0
0
0
0
0
0
0
0
0
0
0
0
0
0
0
0
0
0
0
0
0
0
0
0
0
0
0
0
0
0
0
0
0
0
0
0
0
0
0
0
0
0
0
0
0
0
0
0
0
0
0
0
0
0
0
0
0
0
0
0
0
0
0
0
0
0
0
0
0
0
0
0
0
0
0
0
0
0
0
0
0
0
0
0
0
0
0
0
0
0
0
0
0
0
0
0
0
0
0
0
0
0
0
0
0
0
0
0
0
0
0
0
0
0
0
0
0
0
0
0
0
0
0
0
0
0
0
0
0
0
0
0
0
0
0
0
0
0
0
0
0
0
0
0
0
0
0
0
0
0
0
0
0
0
0
0
0
0
0
0
0
0
0
0
0
0
0
0
0
0
0
0
0
0
0
0
0
0
0
0
0
0
0
0
0
0
0
0
0
0
0
0
0
0
0
0
0
0
0
0
0
0
0
0
0
0
0
0
0
0
0
0
0
0
0
0
0
0
0
0
0
0
0
0
0
0
0
0
0
0
0
0
0
0
0
0
0
0
0
0
0
0
0
0
0
0
0
0
0
0
0
0
0
0
0
0
0
0
0
0
0
0
0
0
0
0
0
0
0
0
0
0
0
0
0
0
0
0
0
0
0
0
0
0
0
0
0
0
0
0
0
0
0
0
0
0
0
0
0
0
0
0
0
0
0
0
0
0
0
0
0
0
0
0
0
0
0
0
0
0
0
0
0
0
0
0
0
0
0
0
0
0
0
0
0
0
0
0
0
0
0
0
0
0
0
0
0
0
0
0
0
0
0
0
0
0
0
0
0
0
0
0
0
0
0
0
0
0
0
0
0
0
0
0
0
0
0
0
0
0
0
0
0
0
0
0
0
0
0
0
0
0
0
0
0
0
0
0
0
0
0
0
0
0
0
0
0
0
0
0
0
0
0
0
0
0
0
0
0
0
0
0
0
0
0
0
0
0
0
0
0
0
0
0
0
0
0
0
0
0
0
0
0
0
0
0
0
0
0
0
0
0
0
0
0
0
0
0
0
0
0
0
0
0
0
0
0
0
0
0
0
0
0
0
0
0
0
0
0
0
0
0
0
0
0
0
0
0
0
0
0
0
0
0
0
0
0
0
0
0
0
0
0
0
0
0
0
0
0
0
0
0
0
0
0
0
0
0
0
0
0
0
0
0
0
0
0
0
0
0
0
0
0
0
0
0
0
0
0
0
0
0
0
0
0
0
0
0
0
0
0
0
0
0
0
0
0
0
0
0
0
0
0
0
0
0
0
0
0
0
0
0
0
0
0
0
0
0
0
0
0
0
0
0
0
0
0
0
0
0
0
0
0
0
0
0
0
0
0
0
0
0
0
0
0
0
0
0
0
0
0
0
0
0
0
0
0
0
0
0
0
0
0
0
0
0
0
0
0
0
0
0
0
0
0
0
0
0
0
0
0
0
0
0
0
0
0
0
0
0
0
0
0
0
0
0
0
0
0
0
0
0
0
0
0
0
0
0
0
0
0
0
0
0
0
0
0
0
0
0
0
0
0
0
0
0
0
0
0
0
0
0
0
0
0
0
0
0
0
0
0
0
0
0
0
0
0
0
0
0
0
0
0
0
0
0
0
0
0
0
0
0
0
0
0
0
0
0
0
0
0
0
0
0
0
0
0
0
0
0
0
0
0
0
0
0
0
0
0
0
0
0
0
0
0
0
0
0
0
0
0
0
0
0
0
0
0
0
0
0
0
0
0
0
0
0
0
0
0
0
0
0
0
0
0
0
0
0
0
0
0
0
0
0
0
0
0
0
0
0
0
0
0
0
0
0
0
0
0
0
0
0
0
0
0
0
0
0
0
0
0
0
0
0
0
0
0
0
0
0
0
0
0
0
0
0
0
0
0
0
0
0
0
0
0
0
0
0
0
0
0
0
0
0
0
0
0
0
0
0
0
0
0
0
0
0
0
0
0
0
0
0
0
0
0
0
0
0
0
0
0
0
0
0
0
0
0
0
0
0
0
0
0
0
0
0
0
0
0
0
0
0
0
0
0
0
0
0
0
0
0
0
0
0
0
0
0
0
0
0
0
0
0
0
0
0
0
0
0
0
0
0
0
0
0
0
0
0
0
0
0
0
0
0
0
0
0
0
0
0
0
0
0
0
0
0
0
0
0
0
0
0
0
0
0
0
0
0
0
0
0
0
0
0
0
0
0
0
0
0
0
0
0
0
0
0
0
0
0
0
0
0
0
0
0
0
0
0
0
0
0
0
0
0
0
0
0
0
0
0
0
0
0
0
0
0
0
0
0
0
0
0
0
0
0
0
0
0
0
0
0
0
0
0
0
0
0
0
0
0
0
0
0
0
0
0
0
0
0
0
0
0
0
0
0
0
0
0
0
0
0
0
0
0
0
0
0
0
0
0
0
0
0
0
0
0
0
0
0
0
0
0
0
0
0
0
0
0
0
0
0
0
0
0
0
0
0
0
0
0
0
0
0
0
0
0
0
0
0
0
0
0
0
0
0
0
0
0
0
0
0
0
0
0
0
0
0
0
0
0
0
0
0
0
0
0
0
0
0
0
0
0
0
0
0
0
0
0
0
0
0
0
0
0
0
0
0
0
0
0
0
0
0
0
0
0
0
0
0
0
0
0
0
0
0
0
0
0
0
0
0
0
0
0
0
0
0
0
0
0
0
0
0
0
0
0
0
0
0
0
0
0
0
0
0
0
0
0
0
0
0
0
0
0
0
0
0
0
0
0
0
0
0
0
0
0
0
0
0
0
0
0
0
0
0
0
0
0
0
0
0
0
0
0
0
0
0
0
0
0
0
0
0
0
0
0
0
0
0
0
0
0
0
0
0
0
0
0
0
0
0
0
0
0
0
0
0
0
0
0
0
0
0
0
0
0
0
0
0
0
0
0
0
0
0
0
0
0
0
0
0
0
0
0
0
0
0
0
0
0
0
0
0
0
0
0
0
0
0
0
0
0
0
0
0
0
0
0
0
0
0
0
0
0
0
0
0
0
0
0
0
0
0
0
0
0
0
0
0
0
0
0
0
0
0
0
0
0
0
0
0
0
0
0
0
0
0
0
0
0
0
0
0
0
0
0
0
0
0
0
0
0
0
0
0
0
0
0
0
0
0
0
0
0
0
0
0
0
0
0
0
0
0
0
0
0
0
0
0
0
0
0
0
0
0
0
0
0
0
0
0
0
0
0
0
0
0
0
0
0
0
0
0
0
0
0
0
0
0
0
0
0
0
0
0
0
0
0
0
0
0
0
0
0
0
0
0
0
0
0
0
0
0
0
0
0
0
0
0
0
0
0
0
0
0
0
0
0
0
0
0
0
0
0
0
0
0
0
0
0
0
0
0
0
0
0
0
0
0
0
0
0
0
0
0
0
0
0
0
0
0
0
0
0
0
0
0
0
0
0
0
0
0
0
0
0
0
0
0
0
0
0
0
0
0
0
0
0
0
0
0
0
0
0
0
0
0
0
0
0
0
0
0
0
0
0
0
0
0
0
0
0
0
0
0
0
0
0
0
0
0
0
0
0
0
0
0
0
0
0
0
0
0
0
0
0
0
0
0
0
0
0
0
0
0
0
0
0
0
0
0
0
0
0
0
0
0
0
0
0
0
0
0
0
0
0
0
0
0
0
0
0
0
0
0
0
0
0
0
0
0
0
0
0
0
0
0
0
0
0
0
0
0
0
0
0
0
0
0
0
0
0
0
0
0
0
0
0
0
0
0
0
0
0
0
0
0
0
0
0
0
0
0
0
0
0
0
0
0
0
0
0
0
0
0
0
0
0
0
0
0
0
0
0
0
0
0
0
0
0
0
0
0
0
0
0
0
0
0
0
0
0
0
0
0
0
0
0
0
0
0
0
0
0
0
0
0
0
0
0
0
0
0
0
0
0
0
0
0
0
0
0
0
0
0
0
0
0
0
0
0
0
0
0
0
0
0
0
0
0
0
0
0
0
0
0
0
0
0
0
0
0
0
0
0
0
0
0
0
0
0
0
0
0
0
0
0
0
0
0
0
0
0
0
0
0
0
0
0
0
0
0
0
0
0
0
0
0
0
0
0
0
0
0
0
0
0
0
0
0
0
0
0
0
0
0
0
0
0
0
0
0
0
0
0
0
0
0
0
0
0
0
0
0
0
0
0
0
0
0
0
0
0
0
0
0
0
0
0
0
0
0
0
0
0
0
0
0
0
0
0
0
0
0
0
0
0
0
0
0
0
0
0
0
0
0
0
0
0
0
0
0
0
0
0
0
0
0
0
0
0
0
0
0
0
0
0
0
0
0
0
0
0
0
0
0
0
0
0
0
0
0
0
0
0
0
0
0
0
0
0
0
0
0
0
0
0
0
0
0
0
0
0
0
0
0
0
0
0
0
0
0
0
0
0
0
0
0
0
0
0
0
0
0
0
0
0
0
0
0
0
0
0
0
0
0
0
0
0
0
0
0
0
0
0
0
0
0
0
0
0
0
0
0
0
0
0
0
0
0
0
0
0
0
0
0
0
0
0
0
0
0
0
0
0
0
0
0
0
0
0
0
0
0
0
0
0
0
0
0
0
0
0
0
0
0
0
0
0
0
0
0
0
0
0
0
0
0
0
0
0
0
0
0
0
0
0
0
0
0
0
0
0
0
0
0
0
0
0
0
0
0
0
0
0
0
0
0
0
0
0
0
0
0
0
0
0
0
0
0
0
0
0
0
0
0
0
0
0
0
0
0
0
0
0
0
0
0
0
0
0
0
0
0
0
0
0
0
0
0
0
0
0
0
0
0
0
0
0
0
0
0
0
0
0
0
0
0
0
0
0
0
0
0
0
0
0
0
0
0
0
0
0
0
0
0
0
0
0
0
0
0
0
0
0
0
0
0
0
0
0
0
0
0
0
0
0
0
0
0
0
0
0
0
0
0
0
0
0
0
0
0
0
0
0
0
0
0
0
0
0
0
0
0
0
0
0
0
0
0
0
0
0
0
0
0
0
0
0
0
0
0
0
0
0
0
0
0
0
0
0
0
0
0
0
0
0
0
0
0
0
0
0
0
0
0
0
0
0
0
0
0
0
0
0
0
0
0
0
0
0
0
0
0
0
0
0
0
0
0
0
0
0
0
0
0
0
0
0
0
0
0
0
0
0
0
0
0
0
0
0
0
0
0
0
0
0
0
0
0
0
0
0
0
0
0
0
0
0
0
0
0
0
0
0
0
0
0
0
0
0
0
0
0
0
0
0
0
0
0
0
0
0
0
0
0
0
0
0
0
0
0
0
0
0
0
0
0
0
0
0
0
0
0
0
0
0
0
0
0
0
0
0
0
0
0
0
0
0
0
0
0
0
0
0
0
0
0
0
0
0
0
0
0
0
0
0
0
0
0
0
0
0
0
0
0
0
0
0
0
0
0
0
0
0
0
0
0
0
0
0
0
0
0
0
0
0
0
0
0
0
0
0
0
0
0
0
0
0
0
0
0
0
0
0
0
0
0
0
0
0
0
0
0
0
0
0
0
0
0
0
0
0
0
0
0
0
0
0
0
0
0
0
0
0
0
0
0
0
0
0
0
0
0
0
0
0
0
0
0
0
0
0
0
0
0
0
0
0
0
0
0
0
0
0
0
0
0
0
0
0
0
0
0
0
0
0
0
0
0
0
0
0
0
0
0
0
0
0
0
0
0
0
0
0
0
0
0
0
0
0
0
0
0
0
0
0
0
0
0
0
0
0
0
0
0
0
0
0
0
0
0
0
0
0
0
0
0
0
0
0
0
0
0
0
0
0
0
0
0
0
0
0
0
0
0
0
0
0
0
0
0
0
0
0
0
0
0
0
0
0
0
0
0
0
0
0
0
0
0
0
0
0
0
0
0
0
0
0
0
0
0
0
0
0
0
0
0
0
0
0
0
0
0
0
0
0
0
0
0
0
0
0
0
0
0
0
0
0
0
0
0
0
0
0
0
0
0
0
0
0
0
0
0
0
0
0
0
0
0
0
0
0
0
0
0
0
0
0
0
0
0
0
0
0
0
0
0
0
0
0
0
0
0
0
0
0
0
0
0
0
0
0
0
0
0
0
0
0
0
0
0
0
0
0
0
0
0
0
0
0
0
0
0
0
0
0
0
0
0
0
0
0
0
0
0
0
0
0
0
0
0
0
0
0
0
0
0
0
0
0
0
0
0
0
0
0
0
0
0
0
0
0
0
0
0
0
0
0
0
0
0
0
0
0
0
0
0
0
0
0
0
0
0
0
0
0
0
0
0
0
0
0
0
0
0
0
0
0
0
0
0
0
0
0
0
0
0
0
0
0
0
0
0
0
0
0
0
0
0
0
0
0
0
0
0
0
0
0
0
0
0
0
0
0
0
0
0
0
0
0
0
0
0
0
0
0
0
0
0
0
0
0
0
0
0
0
0
0
0
0
0
0
0
0
0
0
0
0
0
0
0
0
0
0
0
0
0
0
0
0
0
0
0
0
0
0
0
0
0
0
0
0
0
0
0
0
0
0
0
0
0
0
0
0
0
0
0
0
0
0
0
0
0
0
0
0
0
0
0
0
0
0
0
0
0
0
0
0
0
0
0
0
0
0
0
0
0
0
0
0
0
0
0
0
0
0
0
0
0
0
0
0
0
0
0
0
0
0
0
0
0
0
0
0
0
0
0
0
0
0
0
0
0
0
0
0
0
0
0
0
0
0
0
0
0
0
0
0
0
0
0
0
0
0
0
0
0
0
0
0
0
0
0
0
0
0
0
0
0
0
0
0
0
0
0
0
0
0
0
0
0
0
0
0
0
0
0
0
0
0
0
0
0
0
0
0
0
0
0
0
0
0
0
0
0
0
0
0
0
0
0
0
0
0
0
0
0
0
0
0
0
0
0
0
0
0
0
0
0
0
0
0
0
0
0
0
0
0
0
0
0
0
0
0
0
0
0
0
0
0
0
0
0
0
0
0
0
0
0
0
0
0
0
0
0
0
0
0
0
0
0
0
0
0
0
0
0
0
0
0
0
0
0
0
0
0
0
0
0
0
0
0
0
0
0
0
0
0
0
0
0
0
0
0
0
0
0
0
0
0
0
0
0
0
0
0
0
0
0
0
0
0
0
0
0
0
0
0
0
0
0
0
0
0
0
0
0
0
0
0
0
0
0
0
0
0
0
0
0
0
0
0
0
0
0
0
0
0
0
0
0
0
0
0
0
0
0
0
0
0
0
0
0
0
0
0
0
0
0
0
0
0
0
0
0
0
0
0
0
0
0
0
0
0
0
0
0
0
0
0
0
0
0
0
0
0
0
0
0
0
0
0
0
0
0
0
0
0
0
0
0
0
0
0
0
0
0
0
0
0
0
0
0
0
0
0
0
0
0
0
0
0
0
0
0
0
0
0
0
0
0
0
0
0
0
0
0
0
0
0
0
0
0
0
0
0
0
0
0
0
0
0
0
0
0
0
0
0
0
0
0
0
0
0
0
0
0
0
0
0
0
0
0
0
0
0
0
0
0
0
0
0
0
0
0
0
0
0
0
0
0
0
0
0
0
0
0
0
0
0
0
0
0
0
0
0
0
0
0
0
0
0
0
0
0
0
0
0
0
0
0
0
0
0
0
0
0
0
0
0
0
0
0
0
0
0
0
0
0
0
0
0
0
0
0
0
0
0
0
0
0
0
0
0
0
0
0
0
0
0
0
0
0
0
0
0
0
0
0
0
0
0
0
0
0
0
0
0
0
0
0
0
0
0
0
0
0
0
0
0
0
0
0
0
0
0
0
0
0
0
0
0
0
0
0
0
0
0
0
0
0
0
0
0
0
0
0
0
0
0
0
0
0
0
0
0
0
0
0
0
0
0
0
0
0
0
0
0
0
0
0
0
0
0
0
0
0
0
0
0
0
0
0
0
0
0
0
0
0
0
0
0
0
0
0
0
0
0
0
0
0
0
0
0
0
0
0
0
0
0
0
0
0
0
0
0
0
0
0
0
0
0
0
0
0
0
0
0
0
0
0
0
0
0
0
0
0
0
0
0
0
0
0
0
0
0
0
0
0
0
0
0
0
0
0
0
0
0
0
0
0
0
0
0
0
0
0
0
0
0
0
0
0
0
0
0
0
0
0
0
0
0
0
0
0
0
0
0
0
0
0
0
0
0
0
0
0
0
0
0
0
0
0
0
0
0
0
0
0
0
0
0
0
0
0
0
0
0
0
0
0
0
0
0
0
0
0
0
0
0
0
0
0
0
0
0
0
0
0
0
0
0
0
0
0
0
0
0
0
0
0
0
0
0
0
0
0
0
0
0
0
0
0
0
0
0
0
0
0
0
0
0
0
0
0
0
0
0
0
0
0
0
0
0
0
0
0
0
0
0
0
0
0
0
0
0
0
0
0
0
0
0
0
0
0
0
0
0
0
0
0
0
0
0
0
0
0
0
0
0
0
0
0
0
0
0
0
0
0
0
0
0
0
0
0
0
0
0
0
0
0
0
0
0
0
0
0
0
0
0
0
0
0
0
0
0
0
0
0
0
0
0
0
0
0
0
0
0
0
0
0
0
0
0
0
0
0
0
0
0
0
0
0
0
0
0
0
0
0
0
0
0
0
0
0
0
0
0
0
0
0
0
0
0
0
0
0
0
0
0
0
0
0
0
0
0
0
0
0
0
0
0
0
0
0
0
0
0
0
0
0
0
0
0
0
0
0
0
0
0
0
0
0
0
0
0
0
0
0
0
0
0
0
0
0
0
0
0
0
0
0
0
0
0
0
0
0
0
0
0
0
0
0
0
0
0
0
0
0
0
0
0
0
0
0
0
0
0
0
0
0
0
0
0
0
0
0
0
0
0
0
0
0
0
0
0
0
0
0
0
0
0
0
0
0
0
0
0
0
0
0
0
0
0
0
0
0
0
0
0
0
0
0
0
0
0
0
0
0
0
0
0
0
0
0
0
0
0
0
0
0
0
0
0
0
0
0
0
0
0
0
0
0
0
0
0
0
0
0
0
0
0
0
0
0
0
0
0
0
0
0
0
0
0
0
0
0
0
0
0
0
0
0
0
0
0
0
0
0
0
0
0
0
0
0
0
0
0
0
0
0
0
0
0
0
0
0
0
0
0
0
0
0
0
0
0
0
0
0
0
0
0
0
0
0
0
0
0
0
0
0
0
0
0
0
0
0
0
0
0
0
0
0
0
0
0
0
0
0
0
0
0
0
0
0
0
0
0
0
0
0
0
0
0
0
0
0
0
0
0
0
0
0
0
0
0
0
0
0
0
0
0
0
0
0
0
0
0
0
0
0
0
0
0
0
0
0
0
0
0
0
0
0
0
0
0
0
0
0
0
0
0
0
0
0
0
0
0
0
0
0
0
0
0
0
0
0
0
0
0
0
0
0
0
0
0
0
0
0
0
0
0
0
0
0
0
0
0
0
0
0
0
0
0
0
0
0
0
0
0
0
0
0
0
0
0
0
0
0
0
0
0
0
0
0
0
0
0
0
0
0
0
0
0
0
0
0
0
0
0
0
0
0
0
0
0
0
0
0
0
0
0
0
0
0
0
0
0
0
0
0
0
0
0
0
0
0
0
0
0
0
0
0
0
0
0
0
0
0
0
0
0
0
0
0
0
0
0
0
0
0
0
0
0
0
0
0
0
0
0
0
0
0
0
0
0
0
0
0
0
0
0
0
0
0
0
0
0
0
0
0
0
0
0
0
0
0
0
0
0
0
0
0
0
0
0
0
0
0
0
0
0
0
0
0
0
0
0
0
0
0
0
0
0
0
0
0
0
0
0
0
0
0
0
0
0
0
0
0
0
0
0
0
0
0
0
0
0
0
0
0
0
0
0
0
0
0
0
0
0
0
0
0
0
0
0
0
0
0
0
0
0
0
0
0
0
0
0
0
0
0
0
0
0
0
0
0
0
0
0
0
0
0
0
0
0
0
0
0
0
0
0
0
0
0
0
0
0
0
0
0
0
0
0
0
0
0
0
0
0
0
0
0
0
0
0
0
0
0
0
0
0
0
0
0
0
0
0
0
0
0
0
0
0
0
0
0
0
0
0
0
0
0
0
0
0
0
0
0
0
0
0
0
0
0
0
0
0
0
0
0
0
0
0
0
0
0
0
0
0
0
0
0
0
0
0
0
0
0
0
0
0
0
0
0
0
0
0
0
0
0
0
0
0
0
0
0
0
0
0
0
0
0
0
0
0
0
0
0
0
0
0
0
0
0
0
0
0
0
0
0
0
0
0
0
0
0
0
0
0
0
0
0
0
0
0
0
0
0
0
0
0
0
0
0
0
0
0
0
0
0
0
0
0
0
0
0
0
0
0
0
0
0
0
0
0
0
0
0
0
0
0
0
0
0
0
0
0
0
0
0
0
0
0
0
0
0
0
0
0
0
0
0
0
0
0
0
0
0
0
0
0
0
0
0
0
0
0
0
0
0
0
0
0
0
0
0
0
0
0
0
0
0
0
0
0
0
0
0
0
0
0
0
0
0
0
0
0
0
0
0
0
0
0
0
0
0
0
0
0
0
0
0
0
0
0
0
0
0
0
0
0
0
0
0
0
0
0
0
0
0
0
0
0
0
0
0
0
0
0
0
0
0
0
0
0
0
0
0
0
0
0
0
0
0
0
0
0
0
0
0
0
0
0
0
0
0
0
0
0
0
0
0
0
0
0
0
0
0
0
0
0
0
0
0
0
0
0
0
0
0
0
0
0
0
0
0
0
0
0
0
0
0
0
0
0
0
0
0
0
0
0
0
0
0
0
0
0
0
0
0
0
0
0
0
0
0
0
0
0
0
0
0
0
0
0
0
0
0
0
0
0
0
0
0
0
0
0
0
0
0
0
0
0
0
0
0
0
0
0
0
0
0
0
0
0
0
0
0
0
0
0
0
0
0
0
0
0
0
0
0
0
0
0
0
0
0
0
0
0
0
0
0
0
0
0
0
0
0
0
0
0
0
0
0
0
0
0
0
0
0
0
0
0
0
0
0
0
0
0
0
0
0
0
0
0
0
0
0
0
0
0
0
0
0
0
0
0
0
0
0
0
0
0
0
0
0
0
0
0
0
0
0
0
0
0
0
0
0
0
0
0
0
0
0
0
0
0
0
0
0
0
0
0
0
0
0
0
0
0
0
0
0
0
0
0
0
0
0
0
0
0
0
0
0
0
0
0
0
0
0
0
0
0
0
0
0
0
0
0
0
0
0
0
0
0
0
0
0
0
0
0
0
0
0
0
0
0
0
0
0
0
0
0
0
0
0
0
0
0
0
0
0
0
0
0
0
0
0
0
0
0
0
0
0
0
0
0
0
0
0
0
0
0
0
0
0
0
0
0
0
0
0
0
0
0
0
0
0
0
0
0
0
0
0
0
0
0
0
0
0
0
0
0
0
0
0
0
0
0
0
0
0
0
0
0
0
0
0
0
0
0
0
0
0
0
0
0
0
0
0
0
0
0
0
0
0
0
0
0
0
0
0
0
0
0
0
0
0
0
0
0
0
0
0
0
0
0
0
0
0
0
0
0
0
0
0
0
0
0
0
0
0
0
0
0
0
0
0
0
0
0
0
0
0
0
0
0
0
0
0
0
0
0
0
0
0
0
0
0
0
0
0
0
0
0
0
0
0
0
0
0
0
0
0
0
0
0
0
0
0
0
0
0
0
0
0
0
0
0
0
0
0
0
0
0
0
0
0
0
0
0
0
0
0
0
0
0
0
0
0
0
0
0
0
0
0
0
0
0
0
0
0
0
0
0
0
0
0
0
0
0
0
0
0
0
0
0
0
0
0
0
0
0
0
0
0
0
0
0
0
0
0
0
0
0
0
0
0
0
0
0
0
0
0
0
0
0
0
0
0
0
0
0
0
0
0
0
0
0
0
0
0
0
0
0
0
0
0
0
0
0
0
0
0
0
0
0
0
0
0
0
0
0
0
0
0
0
0
0
0
0
0
0
0
0
0
0
0
0
0
0
0
0
0
0
0
0
0
0
0
0
0
0
0
0
0
0
0
0
0
0
0
0
0
0
0
0
0
0
0
0
0
0
0
0
0
0
0
0
0
0
0
0
0
0
0
0
0
0
0
0
0
0
0
0
0
0
0
0
0
0
0
0
0
0
0
0
0
0
0
0
0
0
0
0
0
0
0
0
0
0
0
0
0
0
0
0
0
0
0
0
0
0
0
0
0
0
0
0
0
0
0
0
0
0
0
0
0
0
0
0
0
0
0
0
0
0
0
0
0
0
0
0
0
0
0
0
0
0
0
0
0
0
0
0
0
0
0
0
0
0
0
0
0
0
0
0
0
0
0
0
0
0
0
0
0
0
0
0
0
0
0
0
0
0
0
0
0
0
0
0
0
0
0
0
0
0
0
0
0
0
0
0
0
0
0
0
0
0
0
0
0
0
0
0
0
0
0
0
0
0
0
0
0
0
0
0
0
0
0
0
0
0
0
0
0
0
0
0
0
0
0
0
0
0
0
0
0
0
0
0
0
0
0
0
0
0
0
0
0
0
0
0
0
0
0
0
0
0
0
0
0
0
0
0
0
0
0
0
0
0
0
0
0
0
0
0
0
0
0
0
0
0
0
0
0
0
0
0
0
0
0
0
0
0
0
0
0
0
0
0
0
0
0
0
0
0
0
0
0
0
0
0
0
0
0
0
0
0
0
0
0
0
0
0
0
0
0
0
0
0
0
0
0
0
0
0
0
0
0
0
0
0
0
0
0
0
0
0
0
0
0
0
0
0
0
0
0
0
0
0
0
0
0
0
0
0
0
0
0
0
0
0
0
0
0
0
0
0
0
0
0
0
0
0
0
0
0
0
0
0
0
0
0
0
0
0
0
0
0
0
0
0
0
0
0
0
0
0
0
0
0
0
0
0
0
0
0
0
0
0
0
0
0
0
0
0
0
0
0
0
0
0
0
0
0
0
0
0
0
0
0
0
0
0
0
0
0
0
0
0
0
0
0
0
0
0
0
0
0
0
0
0
0
0
0
0
0
0
0
0
0
0
0
0
0
0
0
0
0
0
0
0
0
0
0
0
0
0
0
0
0
0
0
0
0
0
0
0
0
0
0
0
0
0
0
0
0
0
0
0
0
0
0
0
0
0
0
0
0
0
0
0
0
0
0
0
0
0
0
0
0
0
0
0
0
0
0
0
0
0
0
0
0
0
0
0
0
0
0
0
0
0
0
0
0
0
0
0
0
0
0
0
0
0
0
0
0
0
0
0
0
0
0
0
0
0
0
0
0
0
0
0
0
0
0
0
0
0
0
0
0
0
0
0
0
0
0
0
0
0
0
0
0
0
0
0
0
0
0
0
0
0
0
0
0
0
0
0
0
0
0
0
0
0
0
0
0
0
0
0
0
0
0
0
0
0
0
0
0
0
0
0
0
0
0
0
0
0
0
0
0
0
0
0
0
0
0
0
0
0
0
0
0
0
0
0
0
0
0
0
0
0
0
0
0
0
0
0
0
0
0
0
0
0
0
0
0
0
0
0
0
0
0
0
0
0
0
0
0
0
0
0
0
0
0
0
0
0
0
0
0
0
0
0
0
0
0
0
0
0
0
0
0
0
0
0
0
0
0
0
0
0
0
0
0
0
0
0
0
0
0
0
0
0
0
0
0
0
0
0
0
0
0
0
0
0
0
0
0
0
0
0
0
0
0
0
0
0
0
0
0
0
0
0
0
0
0
0
0
0
0
0
0
0
0
0
0
0
0
0
0
0
0
0
0
0
0
0
0
0
0
0
0
0
0
0
0
0
0
0
0
0
0
0
0
0
0
0
0
0
0
0
0
0
0
0
0
0
0
0
0
0
0
0
0
0
0
0
0
0
0
0
0
0
0
0
0
0
0
0
0
0
0
0
0
0
0
0
0
0
0
0
0
0
0
0
0
0
0
0
0
0
0
0
0
0
0
0
0
0
0
0
0
0
0
0
0
0
0
0
0
0
0
0
0
0
0
0
0
0
0
0
0
0
0
0
0
0
0
0
0
0
0
0
0
0
0
0
0
0
0
0
0
0
0
0
0
0
0
0
0
0
0
0
0
0
0
0
0
0
0
0
0
0
0
0
0
0
0
0
0
0
0
0
0
0
0
0
0
0
0
0
0
0
0
0
0
0
0
0
0
0
0
0
0
0
0
0
0
0
0
0
0
0
0
0
0
0
0
0
0
0
0
0
0
0
0
0
0
0
0
0
0
0
0
0
0
0
0
0
0
0
0
0
0
0
0
0
0
0
0
0
0
0
0
0
0
0
0
0
0
0
0
0
0
0
0
0
0
0
0
0
0
0
0
0
0
0
0
0
0
0
0
0
0
0
0
0
0
0
0
0
0
0
0
0
0
0
0
0
0
0
0
0
0
0
0
0
0
0
0
0
0
0
0
0
0
0
0
0
0
0
0
0
0
0
0
0
0
0
0
0
0
0
0
0
0
0
0
0
0
0
0
0
0
0
0
0
0
0
0
0
0
0
0
0
0
0
0
0
0
0
0
0
0
0
0
0
0
0
0
0
0
0
0
0
0
0
0
0
0
0
0
0
0
0
0
0
0
0
0
0
0
0
0
0
0
0
0
0
0
0
0
0
0
0
0
0
0
0
0
0
0
0
0
0
0
0
0
0
0
0
0
0
0
0
0
0
0
0
0
0
0
0
0
0
0
0
0
0
0
0
0
0
0
0
0
0
0
0
0
0
0
0
0
0
0
0
0
0
0
0
0
0
0
0
0
0
0
0
0
0
0
0
0
0
0
0
0
0
0
0
0
0
0
0
0
0
0
0
0
0
0
0
0
0
0
0
0
0
0
0
0
0
0
0
0
0
0
0
0
0
0
0
0
0
0
0
0
0
0
0
0
0
0
0
0
0
0
0
0
0
0
0
0
0
0
0
0
0
0
0
0
0
0
0
0
0
0
0
0
0
0
0
0
0
0
0
0
0
0
0
0
0
0
0
0
0
0
0
0
0
0
0
0
0
0
0
0
0
0
0
0
0
0
0
0
0
0
0
0
0
0
0
0
0
0
0
0
0
0
0
0
0
0
0
0
0
0
0
0
0
0
0
0
0
0
0
0
0
0
0
0
0
0
0
0
0
0
0
0
0
0
0
0
0
0
0
0
0
0
0
0
0
0
0
0
0
0
0
0
0
0
0
0
0
0
0
0
0
0
0
0
0
0
0
0
0
0
0
0
0
0
0
0
0
0
0
0
0
0
0
0
0
0
0
0
0
0
0
0
0
0
0
0
0
0
0
0
0
0
0
0
0
0
0
0
0
0
0
0
0
0
0
0
0
0
0
0
0
0
0
0
0
0
0
0
0
0
0
0
0
0
0
0
0
0
0
0
0
0
0
0
0
0
0
0
0
0
0
0
0
0
0
0
0
0
0
0
0
0
0
0
0
0
0
0
0
0
0
0
0
0
0
0
0
0
0
0
0
0
0
0
0
0
0
0
0
0
0
0
0
0
0
0
0
0
0
0
0
0
0
0
0
0
0
0
0
0
0
0
0
0
0
0
0
0
0
0
0
0
0
0
0
0
0
0
0
0
0
0
0
0
0
0
0
0
0
0
0
0
0
0
0
0
0
0
0
0
0
0
0
0
0
0
0
0
0
0
0
0
0
0
0
0
0
0
0
0
0
0
0
0
0
0
0
0
0
0
0
0
0
0
0
0
0
0
0
0
0
0
0
0
0
0
0
0
0
0
0
0
0
0
0
0
0
0
0
0
0
0
0
0
0
0
0
0
0
0
0
0
0
0
0
0
0
0
0
0
0
0
0
0
0
0
0
0
0
0
0
0
0
0
0
0
0
0
0
0
0
0
0
0
0
0
0
0
0
0
0
0
0
0
0
0
0
0
0
0
0
0
0
0
0
0
0
0
0
0
0
0
0
0
0
0
0
0
0
0
0
0
0
0
0
0
0
0
0
0
0
0
0
0
0
0
0
0
0
0
0
0
0
0
0
0
0
0
0
0
0
0
0
0
0
0
0
0
0
0
0
0
0
0
0
0
0
0
0
0
0
0
0
0
0
0
0
0
0
0
0
0
0
0
0
0
0
0
0
0
0
0
0
0
0
0
0
0
0
0
0
0
0
0
0
0
0
0
0
0
0
0
0
0
0
0
0
0
0
0
0
0
0
0
0
0
0
0
0
0
0
0
0
0
0
0
0
0
0
0
0
0
0
0
0
0
0
0
0
0
0
0
0
0
0
0
0
0
0
0
0
0
0
0
0
0
0
0
0
0
0
0
0
0
0
0
0
0
0
0
0
0
0
0
0
0
0
0
0
0
0
0
0
0
0
0
0
0
0
0
0
0
0
0
0
0
0
0
0
0
0
0
0
0
0
0
0
0
0
0
0
0
0
0
0
0
0
0
0
0
0
0
0
0
0
0
0
0
0
0
0
0
0
0
0
0
0
0
0
0
0
0
0
0
0
0
0
0
0
0
0
0
0
0
0
0
0
0
0
0
0
0
0
0
0
0
0
0
0
0
0
0
0
0
0
0
0
0
0
0
0
0
0
0
0
0
0
0
0
0
0
0
0
0
0
0
0
0
0
0
0
0
0
0
0
0
0
0
0
0
0
0
0
0
0
0
0
0
0
0
0
0
0
0
0
0
0
0
0
0
0
0
0
0
0
0
0
0
0
0
0
0
0
0
0
0
0
0
0
0
0
0
0
0
0
0
0
0
0
0
0
0
0
0
0
0
0
0
0
0
0
0
0
0
0
0
0
0
0
0
0
0
0
0
0
0
0
0
0
0
0
0
0
0
0
0
0
0
0
0
0
0
0
0
0
0
0
0
0
0
0
0
0
0
0
0
0
0
0
0
0
0
0
0
0
0
0
0
0
0
0
0
0
0
0
0
0
0
0
0
0
0
0
0
0
0
0
0
0
0
0
0
0
0
0
0
0
0
0
0
0
0
0
0
0
0
0
0
0
0
0
0
0
0
0
0
0
0
0
0
0
0
0
0
0
0
0
0
0
0
0
0
0
0
0
0
0
0
0
0
0
0
0
0
0
0
0
0
0
0
0
0
0
0
0
0
0
0
0
0
0
0
0
0
0
0
0
0
0
0
0
0
0
0
0
0
0
0
0
0
0
0
0
0
0
0
0
0
0
0
0
0
0
0
0
0
0
0
0
0
0
0
0
0
0
0
0
0
0
0
0
0
0
0
0
0
0
0
0
0
0
0
0
0
0
0
0
0
0
0
0
0
0
0
0
0
0
0
0
0
0
0
0
0
0
0
0
0
0
0
0
0
0
0
0
0
0
0
0
0
0
0
0
0
0
0
0
0
0
0
0
0
0
0
0
0
0
0
0
0
0
0
0
0
0
0
0
0
0
0
0
0
0
0
0
0
0
0
0
0
0
0
0
0
0
0
0
0
0
0
0
0
0
0
0
0
0
0
0
0
0
0
0
0
0
0
0
0
0
0
0
0
0
0
0
0
0
0
0
0
0
0
0
0
0
0
0
0
0
0
0
0
0
0
0
0
0
0
0
0
0
0
0
0
0
0
0
0
0
0
0
0
0
0
0
0
0
0
0
0
0
0
0
0
0
0
0
0
0
0
0
0
0
0
0
0
0
0
0
0
0
0
0
0
0
0
0
0
0
0
0
0
0
0
0
0
0
0
0
0
0
0
0
0
0
0
0
0
0
0
0
0
0
0
0
0
0
0
0
0
0
0
0
0
0
0
0
0
0
0
0
0
0
0
0
0
0
0
0
0
0
0
0
0
0
0
0
0
0
0
0
0
0
0
0
0
0
0
0
0
0
0
0
0
0
0
0
0
0
0
0
0
0
0
0
0
0
0
0
0
0
0
0
0
0
0
0
0
0
0
0
0
0
0
0
0
0
0
0
0
0
0
0
0
0
0
0
0
0
0
0
0
0
0
0
0
0
0
0
0
0
0
0
0
0
0
0
0
0
0
0
0
0
0
0
0
0
0
0
0
0
0
0
0
0
0
0
0
0
0
0
0
0
0
0
0
0
0
0
0
0
0
0
0
0
0
0
0
0
0
0
0
0
0
0
0
0
0
0
0
0
0
0
0
0
0
0
0
0
0
0
0
0
0
0
0
0
0
0
0
0
0
0
0
0
0
0
0
0
0
0
0
0
0
0
0
0
0
0
0
0
0
0
0
0
0
0
0
0
0
0
0
0
0
0
0
0
0
0
0
0
0
0
0
0
0
0
0
0
0
0
0
0
0
0
0
0
0
0
0
0
0
0
0
0
0
0
0
0
0
0
0
0
0
0
0
0
0
0
0
0
0
0
0
0
0
0
0
0
0
0
0
0
0
0
0
0
0
0
0
0
0
0
0
0
0
0
0
0
0
0
0
0
0
0
0
0
0
0
0
0
0
0
0
0
0
0
0
0
0
0
0
0
0
0
0
0
0
0
0
0
0
0
0
0
0
0
0
0
0
0
0
0
0
0
0
0
0
0
0
0
0
0
0
0
0
0
0
0
0
0
0
0
0
0
0
0
0
0
0
0
0
0
0
0
0
0
0
0
0
0
0
0
0
0
0
0
0
0
0
0
0
0
0
0
0
0
0
0
0
0
0
0
0
0
0
0
0
0
0
0
0
0
0
0
0
0
0
0
0
0
0
0
0
0
0
0
0
0
0
0
0
0
0
0
0
0
0
0
0
0
0
0
0
0
0
0
0
0
0
0
0
0
0
0
0
0
0
0
0
0
0
0
0
0
0
0
0
0
0
0
0
0
0
0
0
0
0
0
0
0
0
0
0
0
0
0
0
0
0
0
0
0
0
0
0
0
0
0
0
0
0
0
0
0
0
0
0
0
0
0
0
0
0
0
0
0
0
0
0
0
0
0
0
0
0
0
0
0
0
0
0
0
0
0
0
0
0
0
0
0
0
0
0
0
0
0
0
0
0
0
0
0
0
0
0
0
0
0
0
0
0
0
0
0
0
0
0
0
0
0
0
0
0
0
0
0
0
0
0
0
0
0
0
0
0
0
0
0
0
0
0
0
0
0
0
0
0
0
0
0
0
0
0
0
0
0
0
0
0
0
0
0
0
0
0
0
0
0
0
0
0
0
0
0
0
0
0
0
0
0
0
0
0
0
0
0
0
0
0
0
0
0
0
0
0
0
0
0
0
0
0
0
0
0
0
0
0
0
0
0
0
0
0
0
0
0
0
0
0
0
0
0
0
0
0
0
0
0
0
0
0
0
0
0
0
0
0
0
0
0
0
0
0
0
0
0
0
0
0
0
0
0
0
0
0
0
0
0
0
0
0
0
0
0
0
0
0
0
0
0
0
0
0
0
0
0
0
0
0
0
0
0
0
0
0
0
0
0
0
0
0
0
0
0
0
0
0
0
0
0
0
0
0
0
0
0
0
0
0
0
0
0
0
0
0
0
0
0
0
0
0
0
0
0
0
0
0
0
0
0
0
0
0
0
0
0
0
0
0
0
0
0
0
0
0
0
0
0
0
0
0
0
0
0
0
0
0
0
0
0
0
0
0
0
0
0
0
0
0
0
0
0
0
0
0
0
0
0
0
0
0
0
0
0
0
0
0
0
0
0
0
0
0
0
0
0
0
0
0
0
0
0
0
0
0
0
0
0
0
0
0
0
0
0
0
0
0
0
0
0
0
0
0
0
0
0
0
0
0
0
0
0
0
0
0
0
0
0
0
0
0
0
0
0
0
0
0
0
0
0
0
0
0
0
0
0
0
0
0
0
0
0
0
0
0
0
0
0
0
0
0
0
0
0
0
0
0
0
0
0
0
0
0
0
0
0
0
0
0
0
0
0
0
0
0
0
0
0
0
0
0
0
0
0
0
0
0
0
0
0
0
0
0
0
0
0
0
0
0
0
0
0
0
0
0
0
0
0
0
0
0
0
0
0
0
0
0
0
0
0
0
0
0
0
0
0
0
0
0
0
0
0
0
0
0
0
0
0
0
0
0
0
0
0
0
0
0
0
0
0
0
0
0
0
0
0
0
0
0
0
0
0
0
0
0
0
0
0
0
0
0
0
0
0
0
0
0
0
0
0
0
0
0
0
0
0
0
0
0
0
0
0
0
0
0
0
0
0
0
0
0
0
0
0
0
0
0
0
0
0
0
0
0
0
0
0
0
0
0
0
0
0
0
0
0
0
0
0
0
0
0
0
0
0
0
0
0
0
0
0
0
0
0
0
0
0
0
0
0
0
0
0
0
0
0
0
0
0
0
0
0
0
0
0
0
0
0
0
0
0
0
0
0
0
0
0
0
0
0
0
0
0
0
0
0
0
0
0
0
0
0
0
0
0
0
0
0
0
0
0
0
0
0
0
0
0
0
0
0
0
0
0
0
0
0
0
0
0
0
0
0
0
0
0
0
0
0
0
0
0
0
0
0
0
0
0
0
0
0
0
0
0
0
0
0
0
0
0
0
0
0
0
0
0
0
0
0
0
0
0
0
0
0
0
0
0
0
0
0
0
0
0
0
0
0
0
0
0
0
0
0
0
0
0
0
0
0
0
0
0
0
0
0
0
0
0
0
0
0
0
0
0
0
0
0
0
0
0
0
0
0
0
0
0
0
0
0
0
0
0
0
0
0
0
0
0
0
0
0
0
0
0
0
0
0
0
0
0
0
0
0
0
0
0
0
0
0
0
0
0
0
0
0
0
0
0
0
0
0
0
0
0
0
0
0
0
0
0
0
0
0
0
0
0
0
0
0
0
0
0
0
0
0
0
0
0
0
0
0
0
0
0
0
0
0
0
0
0
0
0
0
0
0
0
0
0
0
0
0
0
0
0
0
0
0
0
0
0
0
0
0
0
0
0
0
0
0
0
0
0
0
0
0
0
0
0
0
0
0
0
0
0
0
0
0
0
0
0
0
0
0
0
0
0
0
0
0
0
0
0
0
0
0
0
0
0
0
0
0
0
0
0
0
0
0
0
0
0
0
0
0
0
0
0
0
0
0
0
0
0
0
0
0
0
0
0
0
0
0
0
0
0
0
0
0
0
0
0
0
0
0
0
0
0
0
0
0
0
0
0
0
0
0
0
0
0
0
0
0
0
0
0
0
0
0
0
0
0
0
0
0
0
0
0
0
0
0
0
0
0
0
0
0
0
0
0
0
0
0
0
0
0
0
0
0
0
0
0
0
0
0
0
0
0
0
0
0
0
0
0
0
0
0
0
0
0
0
0
0
0
0
0
0
0
0
0
0
0
0
0
0
0
0
0
0
0
0
0
0
0
0
0
0
0
0
0
0
0
0
0
0
0
0
0
0
0
0
0
0
0
0
0
0
0
0
0
0
0
0
0
0
0
0
0
0
0
0
0
0
0
0
0
0
0
0
0
0
0
0
0
0
0
0
0
0
0
0
0
0
0
0
0
0
0
0
0
0
0
0
0
0
0
0
0
0
0
0
0
0
0
0
0
0
0
0
0
0
0
0
0
0
0
0
0
0
0
0
0
0
0
0
0
0
0
0
0
0
0
0
0
0
0
0
0
0
0
0
0
0
0
0
0
0
0
0
0
0
0
0
0
0
0
0
0
0
0
0
0
0
0
0
0
0
0
0
0
0
0
0
0
0
0
0
0
0
0
0
0
0
0
0
0
0
0
0
0
0
0
0
0
0
0
0
0
0
0
0
0
0
0
0
0
0
0
0
0
0
0
0
0
0
0
0
0
0
0
0
0
0
0
0
0
0
0
0
0
0
0
0
0
0
0
0
0
0
0
0
0
0
0
0
0
0
0
0
0
0
0
0
0
0
0
0
0
0
0
0
0
0
0
0
0
0
0
0
0
0
0
0
0
0
0
0
0
0
0
0
0
0
0
0
0
0
0
0
0
0
0
0
0
0
0
0
0
0
0
0
0
0
0
0
0
0
0
0
0
0
0
0
0
0
0
0
0
0
0
0
0
0
0
0
0
0
0
0
0
0
0
0
0
0
0
0
0
0
0
0
0
0
0
0
0
0
0
0
0
0
0
0
0
0
0
0
0
0
0
0
0
0
0
0
0
0
0
0
0
0
0
0
0
0
0
0
0
0
0
0
0
0
0
0
0
0
0
0
0
0
0
0
0
0
0
0
0
0
0
0
0
0
0
0
0
0
0
0
0
0
0
0
0
0
0
0
0
0
0
0
0
0
0
0
0
0
0
0
0
0
0
0
0
0
0
0
0
0
0
0
0
0
0
0
0
0
0
0
0
0
0
0
0
0
0
0
0
0
0
0
0
0
0
0
0
0
0
0
0
0
0
0
0
0
0
0
0
0
0
0
0
0
0
0
0
0
0
0
0
0
0
0
0
0
0
0
0
0
0
0
0
0
0
0
0
0
0
0
0
0
0
0
0
0
0
0
0
0
0
0
0
0
0
0
0
0
0
0
0
0
0
0
0
0
0
0
0
0
0
0
0
0
0
0
0
0
0
0
0
0
0
0
0
0
0
0
0
0
0
0
0
0
0
0
0
0
0
0
0
0
0
0
0
0
0
0
0
0
0
0
0
0
0
0
0
0
0
0
0
0
0
0
0
0
0
0
0
0
0
0
0
0
0
0
0
0
0
0
0
0
0
0
0
0
0
0
0
0
0
0
0
0
0
0
0
0
0
0
0
0
0
0
0
0
0
0
0
0
0
0
0
0
0
0
0
0
0
0
0
0
0
0
0
0
0
0
0
0
0
0
0
0
0
0
0
0
0
0
0
0
0
0
0
0
0
0
0
0
0
0
0
0
0
0
0
0
0
0
0
0
0
0
0
0
0
0
0
0
0
0
0
0
0
0
0
0
0
0
0
0
0
0
0
0
0
0
0
0
0
0
0
0
0
0
0
0
0
0
0
0
0
0
0
0
0
0
0
0
0
0
0
0
0
0
0
0
0
0
0
0
0
0
0
0
0
0
0
0
0
0
0
0
0
0
0
0
0
0
0
0
0
0
0
0
0
0
0
0
0
0
0
0
0
0
0
0
0
0
0
0
0
0
0
0
0
0
0
0
0
0
0
0
0
0
0
0
0
0
0
0
0
0
0
0
0
0
0
0
0
0
0
0
0
0
0
0
0
0
0
0
0
0
0
0
0
0
0
0
0
0
0
0
0
0
0
0
0
0
0
0
0
0
0
0
0
0
0
0
0
0
0
0
0
0
0
0
0
0
0
0
0
0
0
0
0
0
0
0
0
0
0
0
0
0
0
0
0
0
0
0
0
0
0
0
0
0
0
0
0
0
0
0
0
0
0
0
0
0
0
0
0
0
0
0
0
0
0
0
0
0
0
0
0
0
0
0
0
0
0
0
0
0
0
0
0
0
0
0
0
0
0
0
0
0
0
0
0
0
0
0
0
0
0
0
0
0
0
0
0
0
0
0
0
0
0
0
0
0
0
0
0
0
0
0
0
0
0
0
0
0
0
0
0
0
0
0
0
0
0
0
0
0
0
0
0
0
0
0
0
0
0
0
0
0
0
0
0
0
0
0
0
0
0
0
0
0
0
0
0
0
0
0
0
0
0
0
0
0
0
0
0
0
0
0
0
0
0
0
0
0
0
0
0
0
0
0
0
0
0
0
0
0
0
0
0
0
0
0
0
0
0
0
0
0
0
0
0
0
0
0
0
0
0
0
0
0
0
0
0
0
0
0
0
0
0
0
0
0
0
0
0
0
0
0
0
0
0
0
0
0
0
0
0
0
0
0
0
0
0
0
0
0
0
0
0
0
0
0
0
0
0
0
0
0
0
0
0
0
0
0
0
0
0
0
0
0
0
0
0
0
0
0
0
0
0
0
0
0
0
0
0
0
0
0
0
0
0
0
0
0
0
0
0
0
0
0
0
0
0
0
0
0
0
0
0
0
0
0
0
0
0
0
0
0
0
0
0
0
0
0
0
0
0
0
0
0
0
0
0
0
0
0
0
0
0
0
0
0
0
0
0
0
0
0
0
0
0
0
0
0
0
0
0
0
0
0
0
0
0
0
0
0
0
0
0
0
0
0
0
0
0
0
0
0
0
0
0
0
0
0
0
0
0
0
0
0
0
0
0
0
0
0
0
0
0
0
0
0
0
0
0
0
0
0
0
0
0
0
0
0
0
0
0
0
0
0
0
0
0
0
0
0
0
0
0
0
0
0
0
0
0
0
0
0
0
0
0
0
0
0
0
0
0
0
0
0
0
0
0
0
0
0
0
0
0
0
0
0
0
0
0
0
0
0
0
0
0
0
0
0
0
0
0
0
0
0
0
0
0
0
0
0
0
0
0
0
0
0
0
0
0
0
0
0
0
0
0
0
0
0
0
0
0
0
0
0
0
0
0
0
0
0
0
0
0
0
0
0
0
0
0
0
0
0
0
0
0
0
0
0
0
0
0
0
0
0
0
0
0
0
0
0
0
0
0
0
0
0
0
0
0
0
0
0
0
0
0
0
0
0
0
0
0
0
0
0
0
0
0
0
0
0
0
0
0
0
0
0
0
0
0
0
0
0
0
0
0
0
0
0
0
0
0
0
0
0
0
0
0
0
0
0
0
0
0
0
0
0
0
0
0
0
0
0
0
0
0
0
0
0
0
0
0
0
0
0
0
0
0
0
0
0
0
0
0
0
0
0
0
0
0
0
0
0
0
0
0
0
0
0
0
0
0
0
0
0
0
0
0
0
0
0
0
0
0
0
0
0
0
0
0
0
0
0
0
0
0
0
0
0
0
0
0
0
0
0
0
0
0
0
0
0
0
0
0
0
0
0
0
0
0
0
0
0
0
0
0
0
0
0
0
0
0
0
0
0
0
0
0
0
0
0
0
0
0
0
0
0
0
0
0
0
0
0
0
0
0
0
0
0
0
0
0
0
0
0
0
0
0
0
0
0
0
0
0
0
0
0
0
0
0
0
0
0
0
0
0
0
0
0
0
0
0
0
0
0
0
0
0
0
0
0
0
0
0
0
0
0
0
0
0
0
0
0
0
0
0
0
0
0
0
0
0
0
0
0
0
0
0
0
0
0
0
0
0
0
0
0
0
0
0
0
0
0
0
0
0
0
0
0
0
0
0
0
0
0
0
0
0
0
0
0
0
0
0
0
0
0
0
0
0
0
0
0
0
0
0
0
0
0
0
0
0
0
0
0
0
0
0
0
0
0
0
0
0
0
0
0
0
0
0
0
0
0
0
0
0
0
0
0
0
0
0
0
0
0
0
0
0
0
0
0
0
0
0
0
0
0
0
0
0
0
0
0
0
0
0
0
0
0
0
0
0
0
0
0
0
0
0
0
0
0
0
0
0
0
0
0
0
0
0
0
0
0
0
0
0
0
0
0
0
0
0
0
0
0
0
0
0
0
0
0
0
0
0
0
0
0
0
0
0
0
0
0
0
0
0
0
0
0
0
0
0
0
0
0
0
0
0
0
0
0
0
0
0
0
0
0
0
0
0
0
0
0
0
0
0
0
0
0
0
0
0
0
0
0
0
0
0
0
0
0
0
0
0
0
0
0
0
0
0
0
0
0
0
0
0
0
0
0
0
0
0
0
0
0
0
0
0
0
0
0
0
0
0
0
0
0
0
0
0
0
0
0
0
0
0
0
0
0
0
0
0
0
0
0
0
0
0
0
0
0
0
0
0
0
0
0
0
0
0
0
0
0
0
0
0
0
0
0
0
0
0
0
0
0
0
0
0
0
0
0
0
0
0
0
0
0
0
0
0
0
0
0
0
0
0
0
0
0
0
0
0
0
0
0
0
0
0
0
0
0
0
0
0
0
0
0
0
0
0
0
0
0
0
0
0
0
0
0
0
0
0
0
0
0
0
0
0
0
0
0
0
0
0
0
0
0
0
0
0
0
0
0
0
0
0
0
0
0
0
0
0
0
0
0
0
0
0
0
0
0
0
0
0
0
0
0
0
0
0
0
0
0
0
0
0
0
0
0
0
0
0
0
0
0
0
0
0
0
0
0
0
0
0
0
0
0
0
0
0
0
0
0
0
0
0
0
0
0
0
0
0
0
0
0
0
0
0
0
0
0
0
0
0
0
0
0
0
0
0
0
0
0
0
0
0
0
0
0
0
0
0
0
0
0
0
0
0
0
0
0
0
0
0
0
0
0
0
0
0
0
0
0
0
0
0
0
0
0
0
0
0
0
0
0
0
0
0
0
0
0
0
0
0
0
0
0
0
0
0
0
0
0
0
0
0
0
0
0
0
0
0
0
0
0
0
0
0
0
0
0
0
0
0
0
0
0
0
0
0
0
0
0
0
0
0
0
0
0
0
0
0
0
0
0
0
0
0
0
0
0
0
0
0
0
0
0
0
0
0
0
0
0
0
0
0
0
0
0
0
0
0
0
0
0
0
0
0
0
0
0
0
0
0
0
0
0
0
0
0
0
0
0
0
0
0
0
0
0
0
0
0
0
0
0
0
0
0
0
0
0
0
0
0
0
0
0
0
0
0
0
0
0
0
0
0
0
0
0
0
0
0
0
0
0
0
0
0
0
0
0
0
0
0
0
0
0
0
0
0
0
0
0
0
0
0
0
0
0
0
0
0
0
0
0
0
0
0
0
0
0
0
0
0
0
0
0
0
0
0
0
0
0
0
0
0
0
0
0
0
0
0
0
0
0
0
0
0
0
0
0
0
0
0
0
0
0
0
0
0
0
0
0
0
0
0
0
0
0
0
0
0
0
0
0
0
0
0
0
0
0
0
0
0
0
0
0
0
0
0
0
0
0
0
0
0
0
0
0
0
0
0
0
0
0
0
0
0
0
0
0
0
0
0
0
0
0
0
0
0
0
0
0
0
0
0
0
0
0
0
0
0
0
0
0
0
0
0
0
0
0
0
0
0
0
0
0
0
0
0
0
0
0
0
0
0
0
0
0
0
0
0
0
0
0
0
0
0
0
0
0
0
0
0
0
0
0
0
0
0
0
0
0
0
0
0
0
0
0
0
0
0
0
0
0
0
0
0
0
0
0
0
0
0
0
0
0
0
0
0
0
0
0
0
0
0
0
0
0
0
0
0
0
0
0
0
0
0
0
0
0
0
0
0
0
0
0
0
0
0
0
0
0
0
0
0
0
0
0
0
0
0
0
0
0
0
0
0
0
0
0
0
0
0
0
0
0
0
0
0
0
0
0
0
0
0
0
0
0
0
0
0
0
0
0
0
0
0
0
0
0
0
0
0
0
0
0
0
0
0
0
0
0
0
0
0
0
0
0
0
0
0
0
0
0
0
0
0
0
0
0
0
0
0
0
0
0
0
0
0
0
0
0
0
0
0
0
0
0
0
0
0
0
0
0
0
0
0
0
0
0
0
0
0
0
0
0
0
0
0
0
0
0
0
0
0
0
0
0
0
0
0
0
0
0
0
0
0
0
0
0
0
0
0
0
0
0
0
0
0
0
0
0
0
0
0
0
0
0
0
0
0
0
0
0
0
0
0
0
0
0
0
0
0
0
0
0
0
0
0
0
0
0
0
0
0
0
0
0
0
0
0
0
0
0
0
0
0
0
0
0
0
0
0
0
0
0
0
0
0
0
0
0
0
0
0
0
0
0
0
0
0
0
0
0
0
0
0
0
0
0
0
0
0
0
0
0
0
0
0
0
0
0
0
0
0
0
0
0
0
0
0
0
0
0
0
0
0
0
0
0
0
0
0
0
0
0
0
0
0
0
0
0
0
0
0
0
0
0
0
0
0
0
0
0
0
0
0
0
0
0
0
0
0
0
0
0
0
0
0
0
0
0
0
0
0
0
0
0
0
0
0
0
0
0
0
0
0
0
0
0
0
0
0
0
0
0
0
0
0
0
0
0
0
0
0
0
0
0
0
0
0
0
0
0
0
0
0
0
0
0
0
0
0
0
0
0
0
0
0
0
0
0
0
0
0
0
0
0
0
0
0
0
0
0
0
0
0
0
0
0
0
0
0
0
0
0
0
0
0
0
0
0
0
0
0
0
0
0
0
0
0
0
0
0
0
0
0
0
0
0
0
0
0
0
0
0
0
0
0
0
0
0
0
0
0
0
0
0
0
0
0
0
0
0
0
0
0
0
0
0
0
0
0
0
0
0
0
0
0
0
0
0
0
0
0
0
0
0
0
0
0
0
0
0
0
0
0
0
0
0
0
0
0
0
0
0
0
0
0
0
0
0
0
0
0
0
0
0
0
0
0
0
0
0
0
0
0
0
0
0
0
0
0
0
0
0
0
0
0
0
0
0
0
0
0
0
0
0
0
0
0
0
0
0
0
0
0
0
0
0
0
0
0
0
0
0
0
0
0
0
0
0
0
0
0
0
0
0
0
0
0
0
0
0
0
0
0
0
0
0
0
0
0
0
0
0
0
0
0
0
0
0
0
0
0
0
0
0
0
0
0
0
0
0
0
0
0
0
0
0
0
0
0
0
0
0
0
0
0
0
0
0
0
0
0
0
0
0
0
0
0
0
0
0
0
0
0
0
0
0
0
0
0
0
0
0
0
0
0
0
0
0
0
0
0
0
0
0
0
0
0
0
0
0
0
0
0
0
0
0
0
0
0
0
0
0
0
0
0
0
0
0
0
0
0
0
0
0
0
0
0
0
0
0
0
0
0
0
0
0
0
0
0
0
0
0
0
0
0
0
0
0
0
0
0
0
0
0
0
0
0
0
0
0
0
0
0
0
0
0
0
0
0
0
0
0
0
0
0
0
0
0
0
0
0
0
0
0
0
0
0
0
0
0
0
0
0
0
0
0
0
0
0
0
0
0
0
0
0
0
0
0
0
0
0
0
0
0
0
0
0
0
0
0
0
0
0
0
0
0
0
0
0
0
0
0
0
0
0
0
0
0
0
0
0
0
0
0
0
0
0
0
0
0
0
0
0
0
0
0
0
0
0
0
0
0
0
0
0
0
0
0
0
0
0
0
0
0
0
0
0
0
0
0
0
0
0
0
0
0
0
0
0
0
0
0
0
0
0
0
0
0
0
0
0
0
0
0
0
0
0
0
0
0
0
0
0
0
0
0
0
0
0
0
0
0
0
0
0
0
0
0
0
0
0
0
0
0
0
0
0
0
0
0
0
0
0
0
0
0
0
0
0
0
0
0
0
0
0
0
0
0
0
0
0
0
0
0
0
0
0
0
0
0
0
0
0
0
0
0
0
0
0
0
0
0
0
0
0
0
0
0
0
0
0
0
0
0
0
0
0
0
0
0
0
0
0
0
0
0
0
0
0
0
0
0
0
0
0
0
0
0
0
0
0
0
0
0
0
0
0
0
0
0
0
0
0
0
0
0
0
0
0
0
0
0
0
0
0
0
0
0
0
0
0
0
0
0
0
0
0
0
0
0
0
0
0
0
0
0
0
0
0
0
0
0
0
0
0
0
0
0
0
0
0
0
0
0
0
0
0
0
0
0
0
0
0
0
0
0
0
0
0
0
0
0
0
0
0
0
0
0
0
0
0
0
0
0
0
0
0
0
0
0
0
0
0
0
0
0
0
0
0
0
0
0
0
0
0
0
0
0
0
0
0
0
0
0
0
0
0
0
0
0
0
0
0
0
0
0
0
0
0
0
0
0
0
0
0
0
0
0
0
0
0
0
0
0
0
0
0
0
0
0
0
0
0
0
0
0
0
0
0
0
0
0
0
0
0
0
0
0
0
0
0
0
0
0
0
0
0
0
0
0
0
0
0
0
0
0
0
0
0
0
0
0
0
0
0
0
0
0
0
0
0
0
0
0
0
0
0
0
0
0
0
0
0
0
0
0
0
0
0
0
0
0
0
0
0
0
0
0
0
0
0
0
0
0
0
0
0
0
0
0
0
0
0
0
0
0
0
0
0
0
0
0
0
0
0
0
0
0
0
0
0
0
0
0
0
0
0
0
0
0
0
0
0
0
0
0
0
0
0
0
0
0
0
0
0
0
0
0
0
0
0
0
0
0
0
0
0
0
0
0
0
0
0
0
0
0
0
0
0
0
0
0
0
0
0
0
0
0
0
0
0
0
0
0
0
0
0
0
0
0
0
0
0
0
0
0
0
0
0
0
0
0
0
0
0
0
0
0
0
0
0
0
0
0
0
0
0
0
0
0
0
0
0
0
0
0
0
0
0
0
0
0
0
0
0
0
0
0
0
0
0
0
0
0
0
0
0
0
0
0
0
0
0
0
0
0
0
0
0
0
0
0
0
0
0
0
0
0
0
0
0
0
0
0
0
0
0
0
0
0
0
0
0
0
0
0
0
0
0
0
0
0
0
0
0
0
0
0
0
0
0
0
0
0
0
0
0
0
0
0
0
0
0
0
0
0
0
0
0
0
0
0
0
0
0
0
0
0
0
0
0
0
0
0
0
0
0
0
0
0
0
0
0
0
0
0
0
0
0
0
0
0
0
0
0
0
0
0
0
0
0
0
0
0
0
0
0
0
0
0
0
0
0
0
0
0
0
0
0
0
0
0
0
0
0
0
0
0
0
0
0
0
0
0
0
0
0
0
0
0
0
0
0
0
0
0
0
0
0
0
0
0
0
0
0
0
0
0
0
0
0
0
0
0
0
0
0
0
0
0
0
0
0
0
0
0
0
0
0
0
0
0
0
0
0
0
0
0
0
0
0
0
0
0
0
0
0
0
0
0
0
0
0
0
0
0
0
0
0
0
0
0
0
0
0
0
0
0
0
0
0
0
0
0
0
0
0
0
0
0
0
0
0
0
0
0
0
0
0
0
0
0
0
0
0
0
0
0
0
0
0
0
0
0
0
0
0
0
0
0
0
0
0
0
0
0
0
0
0
0
0
0
0
0
0
0
0
0
0
0
0
0
0
0
0
0
0
0
0
0
0
0
0
0
0
0
0
0
0
0
0
0
0
0
0
0
0
0
0
0
0
0
0
0
0
0
0
0
0
0
0
0
0
0
0
0
0
0
0
0
0
0
0
0
0
0
0
0
0
0
0
0
0
0
0
0
0
0
0
0
0
0
0
0
0
0
0
0
0
0
0
0
0
0
0
0
0
0
0
0
0
0
0
0
0
0
0
0
0
0
0
0
0
0
0
0
0
0
0
0
0
0
0
0
0
0
0
0
0
0
0
0
0
0
0
0
0
0
0
0
0
0
0
0
0
0
0
0
0
0
0
0
0
0
0
0
0
0
0
0
0
0
0
0
0
0
0
0
0
0
0
0
0
0
0
0
0
0
0
0
0
0
0
0
0
0
0
0
0
0
0
0
0
0
0
0
0
0
0
0
0
0
0
0
0
0
0
0
0
0
0
0
0
0
0
0
0
0
0
0
0
0
0
0
0
0
0
0
0
0
0
0
0
0
0
0
0
0
0
0
0
0
0
0
0
0
0
0
0
0
0
0
0
0
0
0
0
0
0
0
0
0
0
0
0
0
0
0
0
0
0
0
0
0
0
0
0
0
0
0
0
0
0
0
0
0
0
0
0
0
0
0
0
0
0
0
0
0
0
0
0
0
0
0
0
0
0
0
0
0
0
0
0
0
0
0
0
0
0
0
0
0
0
0
0
0
0
0
0
0
0
0
0
0
0
0
0
0
0
0
0
0
0
0
0
0
0
0
0
0
0
0
0
0
0
0
0
0
0
0
0
0
0
0
0
0
0
0
0
0
0
0
0
0
0
0
0
0
0
0
0
0
0
0
0
0
0
0
0
0
0
0
0
0
0
0
0
0
0
0
0
0
0
0
0
0
0
0
0
0
0
0
0
0
0
0
0
0
0
0
0
0
0
0
0
0
0
0
0
0
0
0
0
0
0
0
0
0
0
0
0
0
0
0
0
0
0
0
0
0
0
0
0
0
0
0
0
0
0
0
0
0
0
0
0
0
0
0
0
0
0
0
0
0
0
0
0
0
0
0
0
0
0
0
0
0
0
0
0
0
0
0
0
0
0
0
0
0
0
0
0
0
0
0
0
0
0
0
0
0
0
0
0
0
0
0
0
0
0
0
0
0
0
0
0
0
0
0
0
0
0
0
0
0
0
0
0
0
0
0
0
0
0
0
0
0
0
0
0
0
0
0
0
0
0
0
0
0
0
0
0
0
0
0
0
0
0
0
0
0
0
0
0
0
0
0
0
0
0
0
0
0
0
0
0
0
0
0
0
0
0
0
0
0
0
0
0
0
0
0
0
0
0
0
0
0
0
0
0
0
0
0
0
0
0
0
0
0
0
0
0
0
0
0
0
0
0
0
0
0
0
0
0
0
0
0
0
0
0
0
0
0
0
0
0
0
0
0
0
0
0
0
0
0
0
0
0
0
0
0
0
0
0
0
0
0
0
0
0
0
0
0
0
0
0
0
0
0
0
0
0
0
0
0
0
0
0
0
0
0
0
0
0
0
0
0
0
0
0
0
0
0
0
0
0
0
0
0
0
0
0
0
0
0
0
0
0
0
0
0
0
0
0
0
0
0
0
0
0
0
0
0
0
0
0
0
0
0
0
0
0
0
0
0
0
0
0
0
0
0
0
0
0
0
0
0
0
0
0
0
0
0
0
0
0
0
0
0
0
0
0
0
0
0
0
0
0
0
0
0
0
0
0
0
0
0
0
0
0
0
0
0
0
0
0
0
0
0
0
0
0
0
0
0
0
0
0
0
0
0
0
0
0
0
0
0
0
0
0
0
0
0
0
0
0
0
0
0
0
0
0
0
0
0
0
0
0
0
0
0
0
0
0
0
0
0
0
0
0
0
0
0
0
0
0
0
0
0
0
0
0
0
0
0
0
0
0
0
0
0
0
0
0
0
0
0
0
0
0
0
0
0
0
0
0
0
0
0
0
0
0
0
0
0
0
0
0
0
0
0
0
0
0
0
0
0
0
0
0
0
0
0
0
0
0
0
0
0
0
0
0
0
0
0
0
0
0
0
0
0
0
0
0
0
0
0
0
0
0
0
0
0
0
0
0
0
0
0
0
0
0
0
0
0
0
0
0
0
0
0
0
0
0
0
0
0
0
0
0
0
0
0
0
0
0
0
0
0
0
0
0
0
0
0
0
0
0
0
0
0
0
0
0
0
0
0
0
0
0
0
0
0
0
0
0
0
0
0
0
0
0
0
0
0
0
0
0
0
0
0
0
0
0
0
0
0
0
0
0
0
0
0
0
0
0
0
0
0
0
0
0
0
0
0
0
0
0
0
0
0
0
0
0
0
0
0
0
0
0
0
0
0
0
0
0
0
0
0
0
0
0
0
0
0
0
0
0
0
0
0
0
0
0
0
0
0
0
0
0
0
0
0
0
0
0
0
0
0
0
0
0
0
0
0
0
0
0
0
0
0
0
0
0
0
0
0
0
0
0
0
0
0
0
0
0
0
0
0
0
0
0
0
0
0
0
0
0
0
0
0
0
0
0
0
0
0
0
0
0
0
0
0
0
0
0
0
0
0
0
0
0
0
0
0
0
0
0
0
0
0
0
0
0
0
0
0
0
0
0
0
0
0
0
0
0
0
0
0
0
0
0
0
0
0
0
0
0
0
0
0
0
0
0
0
0
0
0
0
0
0
0
0
0
0
0
0
0
0
0
0
0
0
0
0
0
0
0
0
0
0
0
0
0
0
0
0
0
0
0
0
0
0
0
0
0
0
0
0
0
0
0
0
0
0
0
0
0
0
0
0
0
0
0
0
0
0
0
0
0
0
0
0
0
0
0
0
0
0
0
0
0
0
0
0
0
0
0
0
0
0
0
0
0
0
0
0
0
0
0
0
0
0
0
0
0
0
0
0
0
0
0
0
0
0
0
0
0
0
0
0
0
0
0
0
0
0
0
0
0
0
0
0
0
0
0
0
0
0
0
0
0
0
0
0
0
0
0
0
0
0
0
0
0
0
0
0
0
0
0
0
0
0
0
0
0
0
0
0
0
0
0
0
0
0
0
0
0
0
0
0
0
0
0
0
0
0
0
0
0
0
0
0
0
0
0
0
0
0
0
0
0
0
0
0
0
0
0
0
0
0
0
0
0
0
0
0
0
0
0
0
0
0
0
0
0
0
0
0
0
0
0
0
0
0
0
0
0
0
0
0
0
0
0
0
0
0
0
0
0
0
0
0
0
0
0
0
0
0
0
0
0
0
0
0
0
0
0
0
0
0
0
0
0
0
0
0
0
0
0
0
0
0
0
0
0
0
0
0
0
0
0
0
0
0
0
0
0
0
0
0
0
0
0
0
0
0
0
0
0
0
0
0
0
0
0
0
0
0
0
0
0
0
0
0
0
0
0
0
0
0
0
0
0
0
0
0
0
0
0
0
0
0
0
0
0
0
0
0
0
0
0
0
0
0
0
0
0
0
0
0
0
0
0
0
0
0
0
0
0
0
0
0
0
0
0
0
0
0
0
0
0
0
0
0
0
0
0
0
0
0
0
0
0
0
0
0
0
0
0
0
0
0
0
0
0
0
0
0
0
0
0
0
0
0
0
0
0
0
0
0
0
0
0
0
0
0
0
0
0
0
0
0
0
0
0
0
0
0
0
0
0
0
0
0
0
0
0
0
0
0
0
0
0
0
0
0
0
0
0
0
0
0
0
0
0
0
0
0
0
0
0
0
0
0
0
0
0
0
0
0
0
0
0
0
0
0
0
0
0
0
0
0
0
0
0
0
0
0
0
0
0
0
0
0
0
0
0
0
0
0
0
0
0
0
0
0
0
0
0
0
0
0
0
0
0
0
0
0
0
0
0
0
0
0
0
0
0
0
0
0
0
0
0
0
0
0
0
0
0
0
0
0
0
0
0
0
0
0
0
0
0
0
0
0
0
0
0
0
0
0
0
0
0
0
0
0
0
0
0
0
0
0
0
0
0
0
0
0
0
0
0
0
0
0
0
0
0
0
0
0
0
0
0
0
0
0
0
0
0
0
0
0
0
0
0
0
0
0
0
0
0
0
0
0
0
0
0
0
0
0
0
0
0
0
0
0
0
0
0
0
0
0
0
0
0
0
0
0
0
0
0
0
0
0
0
0
0
0
0
0
0
0
0
0
0
0
0
0
0
0
0
0
0
0
0
0
0
0
0
0
0
0
0
0
0
0
0
0
0
0
0
0
0
0
0
0
0
0
0
0
0
0
0
0
0
0
0
0
0
0
0
0
0
0
0
0
0
0
0
0
0
0
0
0
0
0
0
0
0
0
0
0
0
0
0
0
0
0
0
0
0
0
0
0
0
0
0
0
0
0
0
0
0
0
0
0
0
0
0
0
0
0
0
0
0
0
0
0
0
0
0
0
0
0
0
0
0
0
0
0
0
0
0
0
0
0
0
0
0
0
0
0
0
0
0
0
0
0
0
0
0
0
0
0
0
0
0
0
0
0
0
0
0
0
0
0
0
0
0
0
0
0
0
0
0
0
0
0
0
0
0
0
0
0
0
0
0
0
0
0
0
0
0
0
0
0
0
0
0
0
0
0
0
0
0
0
0
0
0
0
0
0
0
0
0
0
0
0
0
0
0
0
0
0
0
0
0
0
0
0
0
0
0
0
0
0
0
0
0
0
0
0
0
0
0
0
0
0
0
0
0
0
0
0
0
0
0
0
0
0
0
0
0
0
0
0
0
0
0
0
0
0
0
0
0
0
0
0
0
0
0
0
0
0
0
0
0
0
0
0
0
0
0
0
0
0
0
0
0
0
0
0
0
0
0
0
0
0
0
0
0
0
0
0
0
0
0
0
0
0
0
0
0
0
0
0
0
0
0
0
0
0
0
0
0
0
0
0
0
0
0
0
0
0
0
0
0
0
0
0
0
0
0
0
0
0
0
0
0
0
0
0
0
0
0
0
0
0
0
0
0
0
0
0
0
0
0
0
0
0
0
0
0
0
0
0
0
0
0
0
0
0
0
0
0
0
0
0
0
0
0
0
0
0
0
0
0
0
0
0
0
0
0
0
0
0
0
0
0
0
0
0
0
0
0
0
0
0
0
0
0
0
0
0
0
0
0
0
0
0
0
0
0
0
0
0
0
0
0
0
0
0
0
0
0
0
0
0
0
0
0
0
0
0
0
0
0
0
0
0
0
0
0
0
0
0
0
0
0
0
0
0
0
0
0
0
0
0
0
0
0
0
0
0
0
0
0
0
0
0
0
0
0
0
0
0
0
0
0
0
0
0
0
0
0
0
0
0
0
0
0
0
0
0
0
0
0
0
0
0
0
0
0
0
0
0
0
0
0
0
0
0
0
0
0
0
0
0
0
0
0
0
0
0
0
0
0
0
0
0
0
0
0
0
0
0
0
0
0
0
0
0
0
0
0
0
0
0
0
0
0
0
0
0
0
0
0
0
0
0
0
0
0
0
0
0
0
0
0
0
0
0
0
0
0
0
0
0
0
0
0
0
0
0
0
0
0
0
0
0
0
0
0
0
0
0
0
0
0
0
0
0
0
0
0
0
0
0
0
0
0
0
0
0
0
0
0
0
0
0
0
0
0
0
0
0
0
0
0
0
0
0
0
0
0
0
0
0
0
0
0
0
0
0
0
0
0
0
0
0
0
0
0
0
0
0
0
0
0
0
0
0
0
0
0
0
0
0
0
0
0
0
0
0
0
0
0
0
0
0
0
0
0
0
0
0
0
0
0
0
0
0
0
0
0
0
0
0
0
0
0
0
0
0
0
0
0
0
0
0
0
0
0
0
0
0
0
0
0
0
0
0
0
0
0
0
0
0
0
0
0
0
0
0
0
0
0
0
0
0
0
0
0
0
0
0
0
0
0
0
0
0
0
0
0
0
0
0
0
0
0
0
0
0
0
0
0
0
0
0
0
0
0
0
0
0
0
0
0
0
0
0
0
0
0
0
0
0
0
0
0
0
0
0
0
0
0
0
0
0
0
0
0
0
0
0
0
0
0
0
0
0
0
0
0
0
0
0
0
0
0
0
0
0
0
0
0
0
0
0
0
0
0
0
0
0
0
0
0
0
0
0
0
0
0
0
0
0
0
0
0
0
0
0
0
0
0
0
0
0
0
0
0
0
0
0
0
0
0
0
0
0
0
0
0
0
0
0
0
0
0
0
0
0
0
0
0
0
0
0
0
0
0
0
0
0
0
0
0
0
0
0
0
0
0
0
0
0
0
0
0
0
0
0
0
0
0
0
0
0
0
0
0
0
0
0
0
0
0
0
0
0
0
0
0
0
0
0
0
0
0
0
0
0
0
0
0
0
0
0
0
0
0
0
0
0
0
0
0
0
0
0
0
0
0
0
0
0
0
0
0
0
0
0
0
0
0
0
0
0
0
0
0
0
0
0
0
0
0
0
0
0
0
0
0
0
0
0
0
0
0
0
0
0
0
0
0
0
0
0
0
0
0
0
0
0
0
0
0
0
0
0
0
0
0
0
0
0
0
0
0
0
0
0
0
0
0
0
0
0
0
0
0
0
0
0
0
0
0
0
0
0
0
0
0
0
0
0
0
0
0
0
0
0
0
0
0
0
0
0
0
0
0
0
0
0
0
0
0
0
0
0
0
0
0
0
0
0
0
0
0
0
0
0
0
0
0
0
0
0
0
0
0
0
0
0
0
0
0
0
0
0
0
0
0
0
0
0
0
0
0
0
0
0
0
0
0
0
0
0
0
0
0
0
0
0
0
0
0
0
0
0
0
0
0
0
0
0
0
0
0
0
0
0
0
0
0
0
0
0
0
0
0
0
0
0
0
0
0
0
0
0
0
0
0
0
0
0
0
0
0
0
0
0
0
0
0
0
0
0
0
0
0
0
0
0
0
0
0
0
0
0
0
0
0
0
0
0
0
0
0
0
0
0
0
0
0
0
0
0
0
0
0
0
0
0
0
0
0
0
0
0
0
0
0
0
0
0
0
0
0
0
0
0
0
0
0
0
0
0
0
0
0
0
0
0
0
0
0
0
0
0
0
0
0
0
0
0
0
0
0
0
0
0
0
0
0
0
0
0
0
0
0
0
0
0
0
0
0
0
0
0
0
0
0
0
0
0
0
0
0
0
0
0
0
0
0
0
0
0
0
0
0
0
0
0
0
0
0
0
0
0
0
0
0
0
0
0
0
0
0
0
0
0
0
0
0
0
0
0
0
0
0
0
0
0
0
0
0
0
0
0
0
0
0
0
0
0
0
0
0
0
0
0
0
0
0
0
0
0
0
0
0
0
0
0
0
0
0
0
0
0
0
0
0
0
0
0
0
0
0
0
0
0
0
0
0
0
0
0
0
0
0
0
0
0
0
0
0
0
0
0
0
0
0
0
0
0
0
0
0
0
0
0
0
0
0
0
0
0
0
0
0
0
0
0
0
0
0
0
0
0
0
0
0
0
0
0
0
0
0
0
0
0
0
0
0
0
0
0
0
0
0
0
0
0
0
0
0
0
0
0
0
0
0
0
0
0
0
0
0
0
0
0
0
0
0
0
0
0
0
0
0
0
0
0
0
0
0
0
0
0
0
0
0
0
0
0
0
0
0
0
0
0
0
0
0
0
0
0
0
0
0
0
0
0
0
0
0
0
0
0
0
0
0
0
0
0
0
0
0
0
0
0
0
0
0
0
0
0
0
0
0
0
0
0
0
0
0
0
0
0
0
0
0
0
0
0
0
0
0
0
0
0
0
0
0
0
0
0
0
0
0
0
0
0
0
0
0
0
0
0
0
0
0
0
0
0
0
0
0
0
0
0
0
0
0
0
0
0
0
0
0
0
0
0
0
0
0
0
0
0
0
0
0
0
0
0
0
0
0
0
0
0
0
0
0
0
0
0
0
0
0
0
0
0
0
0
0
0
0
0
0
0
0
0
0
0
0
0
0
0
0
0
0
0
0
0
0
0
0
0
0
0
0
0
0
0
0
0
0
0
0
0
0
0
0
0
0
0
0
0
0
0
0
0
0
0
0
0
0
0
0
0
0
0
0
0
0
0
0
0
0
0
0
0
0
0
0
0
0
0
0
0
0
0
0
0
0
0
0
0
0
0
0
0
0
0
0
0
0
0
0
0
0
0
0
0
0
0
0
0
0
0
0
0
0
0
0
0
0
0
0
0
0
0
0
0
0
0
0
0
0
0
0
0
0
0
0
0
0
0
0
0
0
0
0
0
0
0
0
0
0
0
0
0
0
0
0
0
0
0
0
0
0
0
0
0
0
0
0
0
0
0
0
0
0
0
0
0
0
0
0
0
0
0
0
0
0
0
0
0
0
0
0
0
0
0
0
0
0
0
0
0
0
0
0
0
0
0
0
0
0
0
0
0
0
0
0
0
0
0
0
0
0
0
0
0
0
0
0
0
0
0
0
0
0
0
0
0
0
0
0
0
0
0
0
0
0
0
0
0
0
0
0
0
0
0
0
0
0
0
0
0
0
0
0
0
0
0
0
0
0
0
0
0
0
0
0
0
0
0
0
0
0
0
0
0
0
0
0
0
0
0
0
0
0
0
0
0
0
0
0
0
0
0
0
0
0
0
0
0
0
0
0
0
0
0
0
0
0
0
0
0
0
0
0
0
0
0
0
0
0
0
0
0
0
0
0
0
0
0
0
0
0
0
0
0
0
0
0
0
0
0
0
0
0
0
0
0
0
0
0
0
0
0
0
0
0
0
0
0
0
0
0
0
0
0
0
0
0
0
0
0
0
0
0
0
0
0
0
0
0
0
0
0
0
0
0
0
0
0
0
0
0
0
0
0
0
0
0
0
0
0
0
0
0
0
0
0
0
0
0
0
0
0
0
0
0
0
0
0
0
0
0
0
0
0
0
0
0
0
0
0
0
0
0
0
0
0
0
0
0
0
0
0
0
0
0
0
0
0
0
0
0
0
0
0
0
0
0
0
0
0
0
0
0
0
0
0
0
0
0
0
0
0
0
0
0
0
0
0
0
0
0
0
0
0
0
0
0
0
0
0
0
0
0
0
0
0
0
0
0
0
0
0
0
0
0
0
0
0
0
0
0
0
0
0
0
0
0
0
0
0
0
0
0
0
0
0
0
0
0
0
0
0
0
0
0
0
0
0
0
0
0
0
0
0
0
0
0
0
0
0
0
0
0
0
0
0
0
0
0
0
0
0
0
0
0
0
0
0
0
0
0
0
0
0
0
0
0
0
0
0
0
0
0
0
0
0
0
0
0
0
0
0
0
0
0
0
0
0
0
0
0
0
0
0
0
0
0
0
0
0
0
0
0
0
0
0
0
0
0
0
0
0
0
0
0
0
0
0
0
0
0
0
0
0
0
0
0
0
0
0
0
0
0
0
0
0
0
0
0
0
0
0
0
0
0
0
0
0
0
0
0
0
0
0
0
0
0
0
0
0
0
0
0
0
0
0
0
0
0
0
0
0
0
0
0
0
0
0
0
0
0
0
0
0
0
0
0
0
0
0
0
0
0
0
0
0
0
0
0
0
0
0
0
0
0
0
0
0
0
0
0
0
0
0
0
0
0
0
0
0
0
0
0
0
0
0
0
0
0
0
0
0
0
0
0
0
0
0
0
0
0
0
0
0
0
0
0
0
0
0
0
0
0
0
0
0
0
0
0
0
0
0
0
0
0
0
0
0
0
0
0
0
0
0
0
0
0
0
0
0
0
0
0
0
0
0
0
0
0
0
0
0
0
0
0
0
0
0
0
0
0
0
0
0
0
0
0
0
0
0
0
0
0
0
0
0
0
0
0
0
0
0
0
0
0
0
0
0
0
0
0
0
0
0
0
0
0
0
0
0
0
0
0
0
0
0
0
0
0
0
0
0
0
0
0
0
0
0
0
0
0
0
0
0
0
0
0
0
0
0
0
0
0
0
0
0
0
0
0
0
0
0
0
0
0
0
0
0
0
0
0
0
0
0
0
0
0
0
0
0
0
0
0
0
0
0
0
0
0
0
0
0
0
0
0
0
0
0
0
0
0
0
0
0
0
0
0
0
0
0
0
0
0
0
0
0
0
0
0
0
0
0
0
0
0
0
0
0
0
0
0
0
0
0
0
0
0
0
0
0
0
0
0
0
0
0
0
0
0
0
0
0
0
0
0
0
0
0
0
0
0
0
0
0
0
0
0
0
0
0
0
0
0
0
0
0
0
0
0
0
0
0
0
0
0
0
0
0
0
0
0
0
0
0
0
0
0
0
0
0
0
0
0
0
0
0
0
0
0
0
0
0
0
0
0
0
0
0
0
0
0
0
0
0
0
0
0
0
0
0
0
0
0
0
0
0
0
0
0
0
0
0
0
0
0
0
0
0
0
0
0
0
0
0
0
0
0
0
0
0
0
0
0
0
0
0
0
0
0
0
0
0
0
0
0
0
0
0
0
0
0
0
0
0
0
0
0
0
0
0
0
0
0
0
0
0
0
0
0
0
0
0
0
0
0
0
0
0
0
0
0
0
0
0
0
0
0
0
0
0
0
0
0
0
0
0
0
0
0
0
0
0
0
0
0
0
0
0
0
0
0
0
0
0
0
0
0
0
0
0
0
0
0
0
0
0
0
0
0
0
0
0
0
0
0
0
0
0
0
0
0
0
0
0
0
0
0
0
0
0
0
0
0
0
0
0
0
0
0
0
0
0
0
0
0
0
0
0
0
0
0
0
0
0
0
0
0
0
0
0
0
0
0
0
0
0
0
0
0
0
0
0
0
0
0
0
0
0
0
0
0
0
0
0
0
0
0
0
0
0
0
0
0
0
0
0
0
0
0
0
0
0
0
0
0
0
0
0
0
0
0
0
0
0
0
0
0
0
0
0
0
0
0
0
0
0
0
0
0
0
0
0
0
0
0
0
0
0
0
0
0
0
0
0
0
0
0
0
0
0
0
0
0
0
0
0
0
0
0
0
0
0
0
0
0
0
0
0
0
0
0
0
0
0
0
0
0
0
0
0
0
0
0
0
0
0
0
0
0
0
0
0
0
0
0
0
0
0
0
0
0
0
0
0
0
0
0
0
0
0
0
0
0
0
0
0
0
0
0
0
0
0
0
0
0
0
0
0
0
0
0
0
0
0
0
0
0
0
0
0
0
0
0
0
0
0
0
0
0
0
0
0
0
0
0
0
0
0
0
0
0
0
0
0
0
0
0
0
0
0
0
0
0
0
0
0
0
0
0
0
0
0
0
0
0
0
0
0
0
0
0
0
0
0
0
0
0
0
0
0
0
0
0
0
0
0
0
0
0
0
0
0
0
0
0
0
0
0
0
0
0
0
0
0
0
0
0
0
0
0
0
0
0
0
0
0
0
0
0
0
0
0
0
0
0
0
0
0
0
0
0
0
0
0
0
0
0
0
0
0
0
0
0
0
0
0
0
0
0
0
0
0
0
0
0
0
0
0
0
0
0
0
0
0
0
0
0
0
0
0
0
0
0
0
0
0
0
0
0
0
0
0
0
0
0
0
0
0
0
0
0
0
0
0
0
0
0
0
0
0
0
0
0
0
0
0
0
0
0
0
0
0
0
0
0
0
0
0
0
0
0
0
0
0
0
0
0
0
0
0
0
0
0
0
0
0
0
0
0
0
0
0
0
0
0
0
0
0
0
0
0
0
0
0
0
0
0
0
0
0
0
0
0
0
0
0
0
0
0
0
0
0
0
0
0
0
0
0
0
0
0
0
0
0
0
0
0
0
0
0
0
0
0
0
0
0
0
0
0
0
0
0
0
0
0
0
0
0
0
0
0
0
0
0
0
0
0
0
0
0
0
0
0
0
0
0
0
0
0
0
0
0
0
0
0
0
0
0
0
0
0
0
0
0
0
0
0
0
0
0
0
0
0
0
0
0
0
0
0
0
0
0
0
0
0
0
0
0
0
0
0
0
0
0
0
0
0
0
0
0
0
0
0
0
0
0
0
0
0
0
0
0
0
0
0
0
0
0
0
0
0
0
0
0
0
0
0
0
0
0
0
0
0
0
0
0
0
0
0
0
0
0
0
0
0
0
0
0
0
0
0
0
0
0
0
0
0
0
0
0
0
0
0
0
0
0
0
0
0
0
0
0
0
0
0
0
0
0
0
0
0
0
0
0
0
0
0
0
0
0
0
0
0
0
0
0
0
0
0
0
0
0
0
0
0
0
0
0
0
0
0
0
0
0
0
0
0
0
0
0
0
0
0
0
0
0
0
0
0
0
0
0
0
0
0
0
0
0
0
0
0
0
0
0
0
0
0
0
0
0
0
0
0
0
0
0
0
0
0
0
0
0
0
0
0
0
0
0
0
0
0
0
0
0
0
0
0
0
0
0
0
0
0
0
0
0
0
0
0
0
0
0
0
0
0
0
0
0
0
0
0
0
0
0
0
0
0
0
0
0
0
0
0
0
0
0
0
0
0
0
0
0
0
0
0
0
0
0
0
0
0
0
0
0
0
0
0
0
0
0
0
0
0
0
0
0
0
0
0
0
0
0
0
0
0
0
0
0
0
0
0
0
0
0
0
0
0
0
0
0
0
0
0
0
0
0
0
0
0
0
0
0
0
0
0
0
0
0
0
0
0
0
0
0
0
0
0
0
0
0
0
0
0
0
0
0
0
0
0
0
0
0
0
0
0
0
0
0
0
0
0
0
0
0
0
0
0
0
0
0
0
0
0
0
0
0
0
0
0
0
0
0
0
0
0
0
0
0
0
0
0
0
0
0
0
0
0
0
0
0
0
0
0
0
0
0
0
0
0
0
0
0
0
0
0
0
0
0
0
0
0
0
0
0
0
0
0
0
0
0
0
0
0
0
0
0
0
0
0
0
0
0
0
0
0
0
0
0
0
0
0
0
0
0
0
0
0
0
0
0
0
0
0
0
0
0
0
0
0
0
0
0
0
0
0
0
0
0
0
0
0
0
0
0
0
0
0
0
0
0
0
0
0
0
0
0
0
0
0
0
0
0
0
0
0
0
0
0
0
0
0
0
0
0
0
0
0
0
0
0
0
0
0
0
0
0
0
0
0
0
0
0
0
0
0
0
0
0
0
0
0
0
0
0
0
0
0
0
0
0
0
0
0
0
0
0
0
0
0
0
0
0
0
0
0
0
0
0
0
0
0
0
0
0
0
0
0
0
0
0
0
0
0
0
0
0
0
0
0
0
0
0
0
0
0
0
0
0
0
0
0
0
0
0
0
0
0
0
0
0
0
0
0
0
0
0
0
0
0
0
0
0
0
0
0
0
0
0
0
0
0
0
0
0
0
0
0
0
0
0
0
0
0
0
0
0
0
0
0
0
0
0
0
0
0
0
0
0
0
0
0
0
0
0
0
0
0
0
0
0
0
0
0
0
0
0
0
0
0
0
0
0
0
0
0
0
0
0
0
0
0
0
0
0
0
0
0
0
0
0
0
0
0
0
0
0
0
0
0
0
0
0
0
0
0
0
0
0
0
0
0
0
0
0
0
0
0
0
0
0
0
0
0
0
0
0
0
0
0
0
0
0
0
0
0
0
0
0
0
0
0
0
0
0
0
0
0
0
0
0
0
0
0
0
0
0
0
0
0
0
0
0
0
0
0
0
0
0
0
0
0
0
0
0
0
0
0
0
0
0
0
0
0
0
0
0
0
0
0
0
0
0
0
0
0
0
0
0
0
0
0
0
0
0
0
0
0
0
0
0
0
0
0
0
0
0
0
0
0
0
0
0
0
0
0
0
0
0
0
0
0
0
0
0
0
0
0
0
0
0
0
0
0
0
0
0
0
0
0
0
0
0
0
0
0
0
0
0
0
0
0
0
0
0
0
0
0
0
0
0
0
0
0
0
0
0
0
0
0
0
0
0
0
0
0
0
0
0
0
0
0
0
0
0
0
0
0
0
0
0
0
0
0
0
0
0
0
0
0
0
0
0
0
0
0
0
0
0
0
0
0
0
0
0
0
0
0
0
0
0
0
0
0
0
0
0
0
0
0
0
0
0
0
0
0
0
0
0
0
0
0
0
0
0
0
0
0
0
0
0
0
0
0
0
0
0
0
0
0
0
0
0
0
0
0
0
0
0
0
0
0
0
0
0
0
0
0
0
0
0
0
0
0
0
0
0
0
0
0
0
0
0
0
0
0
0
0
0
0
0
0
0
0
0
0
0
0
0
0
0
0
0
0
0
0
0
0
0
0
0
0
0
0
0
0
0
0
0
0
0
0
0
0
0
0
0
0
0
0
0
0
0
0
0
0
0
0
0
0
0
0
0
0
0
0
0
0
0
0
0
0
0
0
0
0
0
0
0
0
0
0
0
0
0
0
0
0
0
0
0
0
0
0
0
0
0
0
0
0
0
0
0
0
0
0
0
0
0
0
0
0
0
0
0
0
0
0
0
0
0
0
0
0
0
0
0
0
0
0
0
0
0
0
0
0
0
0
0
0
0
0
0
0
0
0
0
0
0
0
0
0
0
0
0
0
0
0
0
0
0
0
0
0
0
0
0
0
0
0
0
0
0
0
0
0
0
0
0
0
0
0
0
0
0
0
0
0
0
0
0
0
0
0
0
0
0
0
0
0
0
0
0
0
0
0
0
0
0
0
0
0
0
0
0
0
0
0
0
0
0
0
0
0
0
0
0
0
0
0
0
0
0
0
0
0
0
0
0
0
0
0
0
0
0
0
0
0
0
0
0
0
0
0
0
0
0
0
0
0
0
0
0
0
0
0
0
0
0
0
0
0
0
0
0
0
0
0
0
0
0
0
0
0
0
0
0
0
0
0
0
0
0
0
0
0
0
0
0
0
0
0
0
0
0
0
0
0
0
0
0
0
0
0
0
0
0
0
0
0
0
0
0
0
0
0
0
0
0
0
0
0
0
0
0
0
0
0
0
0
0
0
0
0
0
0
0
0
0
0
0
0
0
0
0
0
0
0
0
0
0
0
0
0
0
0
0
0
0
0
0
0
0
0
0
0
0
0
0
0
0
0
0
0
0
0
0
0
0
0
0
0
0
0
0
0
0
0
0
0
0
0
0
0
0
0
0
0
0
0
0
0
0
0
0
0
0
0
0
0
0
0
0
0
0
0
0
0
0
0
0
0
0
0
0
0
0
0
0
0
0
0
0
0
0
0
0
0
0
0
0
0
0
0
0
0
0
0
0
0
0
0
0
0
0
0
0
0
0
0
0
0
0
0
0
0
0
0
0
0
0
0
0
0
0
0
0
0
0
0
0
0
0
0
0
0
0
0
0
0
0
0
0
0
0
0
0
0
0
0
0
0
0
0
0
0
0
0
0
0
0
0
0
0
0
0
0
0
0
0
0
0
0
0
0
0
0
0
0
0
0
0
0
0
0
0
0
0
0
0
0
0
0
0
0
0
0
0
0
0
0
0
0
0
0
0
0
0
0
0
0
0
0
0
0
0
0
0
0
0
0
0
0
0
0
0
0
0
0
0
0
0
0
0
0
0
0
0
0
0
0
0
0
0
0
0
0
0
0
0
0
0
0
0
0
0
0
0
0
0
0
0
0
0
0
0
0
0
0
0
0
0
0
0
0
0
0
0
0
0
0
0
0
0
0
0
0
0
0
0
0
0
0
0
0
0
0
0
0
0
0
0
0
0
0
0
0
0
0
0
0
0
0
0
0
0
0
0
0
0
0
0
0
0
0
0
0
0
0
0
0
0
0
0
0
0
0
0
0
0
0
0
0
0
0
0
0
0
0
0
0
0
0
0
0
0
0
0
0
0
0
0
0
0
0
0
0
0
0
0
0
0
0
0
0
0
0
0
0
0
0
0
0
0
0
0
0
0
0
0
0
0
0
0
0
0
0
0
0
0
0
0
0
0
0
0
0
0
0
0
0
0
0
0
0
0
0
0
0
0
0
0
0
0
0
0
0
0
0
0
0
0
0
0
0
0
0
0
0
0
0
0
0
0
0
0
0
0
0
0
0
0
0
0
0
0
0
0
0
0
0
0
0
0
0
0
0
0
0
0
0
0
0
0
0
0
0
0
0
0
0
0
0
0
0
0
0
0
0
0
0
0
0
0
0
0
0
0
0
0
0
0
0
0
0
0
0
0
0
0
0
0
0
0
0
0
0
0
0
0
0
0
0
0
0
0
0
0
0
0
0
0
0
0
0
0
0
0
0
0
0
0
0
0
0
0
0
0
0
0
0
0
0
0
0
0
0
0
0
0
0
0
0
0
0
0
0
0
0
0
0
0
0
0
0
0
0
0
0
0
0
0
0
0
0
0
0
0
0
0
0
0
0
0
0
0
0
0
0
0
0
0
0
0
0
0
0
0
0
0
0
0
0
0
0
0
0
0
0
0
0
0
0
0
0
0
0
0
0
0
0
0
0
0
0
0
0
0
0
0
0
0
0
0
0
0
0
0
0
0
0
0
0
0
0
0
0
0
0
0
0
0
0
0
0
0
0
0
0
0
0
0
0
0
0
0
0
0
0
0
0
0
0
0
0
0
0
0
0
0
0
0
0
0
0
0
0
0
0
0
0
0
0
0
0
0
0
0
0
0
0
0
0
0
0
0
0
0
0
0
0
0
0
0
0
0
0
0
0
0
0
0
0
0
0
0
0
0
0
0
0
0
0
0
0
0
0
0
0
0
0
0
0
0
0
0
0
0
0
0
0
0
0
0
0
0
0
0
0
0
0
0
0
0
0
0
0
0
0
0
0
0
0
0
0
0
0
0
0
0
0
0
0
0
0
0
0
0
0
0
0
0
0
0
0
0
0
0
0
0
0
0
0
0
0
0
0
0
0
0
0
0
0
0
0
0
0
0
0
0
0
0
0
0
0
0
0
0
0
0
0
0
0
0
0
0
0
0
0
0
0
0
0
0
0
0
0
0
0
0
0
0
0
0
0
0
0
0
0
0
0
0
0
0
0
0
0
0
0
0
0
0
0
0
0
0
0
0
0
0
0
0
0
0
0
0
0
0
0
0
0
0
0
0
0
0
0
0
0
0
0
0
0
0
0
0
0
0
0
0
0
0
0
0
0
0
0
0
0
0
0
0
0
0
0
0
0
0
0
0
0
0
0
0
0
0
0
0
0
0
0
0
0
0
0
0
0
0
0
0
0
0
0
0
0
0
0
0
0
0
0
0
0
0
0
0
0
0
0
0
0
0
0
0
0
0
0
0
0
0
0
0
0
0
0
0
0
0
0
0
0
0
0
0
0
0
0
0
0
0
0
0
0
0
0
0
0
0
0
0
0
0
0
0
0
0
0
0
0
0
0
0
0
0
0
0
0
0
0
0
0
0
0
0
0
0
0
0
0
0
0
0
0
0
0
0
0
0
0
0
0
0
0
0
0
0
0
0
0
0
0
0
0
0
0
0
0
0
0
0
0
0
0
0
0
0
0
0
0
0
0
0
0
0
0
0
0
0
0
0
0
0
0
0
0
0
0
0
0
0
0
0
0
0
0
0
0
0
0
0
0
0
0
0
0
0
0
0
0
0
0
0
0
0
0
0
0
0
0
0
0
0
0
0
0
0
0
0
0
0
0
0
0
0
0
0
0
0
0
0
0
0
0
0
0
0
0
0
0
0
0
0
0
0
0
0
0
0
0
0
0
0
0
0
0
0
0
0
0
0
0
0
0
0
0
0
0
0
0
0
0
0
0
0
0
0
0
0
0
0
0
0
0
0
0
0
0
0
0
0
0
0
0
0
0
0
0
0
0
0
0
0
0
0
0
0
0
0
0
0
0
0
0
0
0
0
0
0
0
0
0
0
0
0
0
0
0
0
0
0
0
0
0
0
0
0
0
0
0
0
0
0
0
0
0
0
0
0
0
0
0
0
0
0
0
0
0
0
0
0
0
0
0
0
0
0
0
0
0
0
0
0
0
0
0
0
0
0
0
0
0
0
0
0
0
0
0
0
0
0
0
0
0
0
0
0
0
0
0
0
0
0
0
0
0
0
0
0
0
0
0
0
0
0
0
0
0
0
0
0
0
0
0
0
0
0
0
0
0
0
0
0
0
0
0
0
0
0
0
0
0
0
0
0
0
0
0
0
0
0
0
0
0
0
0
0
0
0
0
0
0
0
0
0
0
0
0
0
0
0
0
0
0
0
0
0
0
0
0
0
0
0
0
0
0
0
0
0
0
0
0
0
0
0
0
0
0
0
0
0
0
0
0
0
0
0
0
0
0
0
0
0
0
0
0
0
0
0
0
0
0
0
0
0
0
0
0
0
0
0
0
0
0
0
0
0
0
0
0
0
0
0
0
0
0
0
0
0
0
0
0
0
0
0
0
0
0
0
0
0
0
0
0
0
0
0
0
0
0
0
0
0
0
0
0
0
0
0
0
0
0
0
0
0
0
0
0
0
0
0
0
0
0
0
0
0
0
0
0
0
0
0
0
0
0
0
0
0
0
0
0
0
0
0
0
0
0
0
0
0
0
0
0
0
0
0
0
0
0
0
0
0
0
0
0
0
0
0
0
0
0
0
0
0
0
0
0
0
0
0
0
0
0
0
0
0
0
0
0
0
0
0
0
0
0
0
0
0
0
0
0
0
0
0
0
0
0
0
0
0
0
0
0
0
0
0
0
0
0
0
0
0
0
0
0
0
0
0
0
0
0
0
0
0
0
0
0
0
0
0
0
0
0
0
0
0
0
0
0
0
0
0
0
0
0
0
0
0
0
0
0
0
0
0
0
0
0
0
0
0
0
0
0
0
0
0
0
0
0
0
0
0
0
0
0
0
0
0
0
0
0
0
0
0
0
0
0
0
0
0
0
0
0
0
0
0
0
0
0
0
0
0
0
0
0
0
0
0
0
0
0
0
0
0
0
0
0
0
0
0
0
0
0
0
0
0
0
0
0
0
0
0
0
0
0
0
0
0
0
0
0
0
0
0
0
0
0
0
0
0
0
0
0
0
0
0
0
0
0
0
0
0
0
0
0
0
0
0
0
0
0
0
0
0
0
0
0
0
0
0
0
0
0
0
0
0
0
0
0
0
0
0
0
0
0
0
0
0
0
0
0
0
0
0
0
0
0
0
0
0
0
0
0
0
0
0
0
0
0
0
0
0
0
0
0
0
0
0
0
0
0
0
0
0
0
0
0
0
0
0
0
0
0
0
0
0
0
0
0
0
0
0
0
0
0
0
0
0
0
0
0
0
0
0
0
0
0
0
0
0
0
0
0
0
0
0
0
0
0
0
0
0
0
0
0
0
0
0
0
0
0
0
0
0
0
0
0
0
0
0
0
0
0
0
0
0
0
0
0
0
0
0
0
0
0
0
0
0
0
0
0
0
0
0
0
0
0
0
0
0
0
0
0
0
0
0
0
0
0
0
0
0
0
0
0
0
0
0
0
0
0
0
0
0
0
0
0
0
0
0
0
0
0
0
0
0
0
0
0
0
0
0
0
0
0
0
0
0
0
0
0
0
0
0
0
0
0
0
0
0
0
0
0
0
0
0
0
0
0
0
0
0
0
0
0
0
0
0
0
0
0
0
0
0
0
0
0
0
0
0
0
0
0
0
0
0
0
0
0
0
0
0
0
0
0
0
0
0
0
0
0
0
0
0
0
0
0
0
0
0
0
0
0
0
0
0
0
0
0
0
0
0
0
0
0
0
0
0
0
0
0
0
0
0
0
0
0
0
0
0
0
0
0
0
0
0
0
0
0
0
0
0
0
0
0
0
0
0
0
0
0
0
0
0
0
0
0
0
0
0
0
0
0
0
0
0
0
0
0
0
0
0
0
0
0
0
0
0
0
0
0
0
0
0
0
0
0
0
0
0
0
0
0
0
0
0
0
0
0
0
0
0
0
0
0
0
0
0
0
0
0
0
0
0
0
0
0
0
0
0
0
0
0
0
0
0
0
0
0
0
0
0
0
0
0
0
0
0
0
0
0
0
0
0
0
0
0
0
0
0
0
0
0
0
0
0
0
0
0
0
0
0
0
0
0
0
0
0
0
0
0
0
0
0
0
0
0
0
0
0
0
0
0
0
0
0
0
0
0
0
0
0
0
0
0
0
0
0
0
0
0
0
0
0
0
0
0
0
0
0
0
0
0
0
0
0
0
0
0
0
0
0
0
0
0
0
0
0
0
0
0
0
0
0
0
0
0
0
0
0
0
0
0
0
0
0
0
0
0
0
0
0
0
0
0
0
0
0
0
0
0
0
0
0
0
0
0
0
0
0
0
0
0
0
0
0
0
0
0
0
0
0
0
0
0
0
0
0
0
0
0
0
0
0
0
0
0
0
0
0
0
0
0
0
0
0
0
0
0
0
0
0
0
0
0
0
0
0
0
0
0
0
0
0
0
0
0
0
0
0
0
0
0
0
0
0
0
0
0
0
0
0
0
0
0
0
0
0
0
0
0
0
0
0
0
0
0
0
0
0
0
0
0
0
0
0
0
0
0
0
0
0
0
0
0
0
0
0
0
0
0
0
0
0
0
0
0
0
0
0
0
0
0
0
0
0
0
0
0
0
0
0
0
0
0
0
0
0
0
0
0
0
0
0
0
0
0
0
0
0
0
0
0
0
0
0
0
0
0
0
0
0
0
0
0
0
0
0
0
0
0
0
0
0
0
0
0
0
0
0
0
0
0
0
0
0
0
0
0
0
0
0
0
0
0
0
0
0
0
0
0
0
0
0
0
0
0
0
0
0
0
0
0
0
0
0
0
0
0
0
0
0
0
0
0
0
0
0
0
0
0
0
0
0
0
0
0
0
0
0
0
0
0
0
0
0
0
0
0
0
0
0
0
0
0
0
0
0
0
0
0
0
0
0
0
0
0
0
0
0
0
0
0
0
0
0
0
0
0
0
0
0
0
0
0
0
0
0
0
0
0
0
0
0
0
0
0
0
0
0
0
0
0
0
0
0
0
0
0
0
0
0
0
0
0
0
0
0
0
0
0
0
0
0
0
0
0
0
0
0
0
0
0
0
0
0
0
0
0
0
0
0
0
0
0
0
0
0
0
0
0
0
0
0
0
0
0
0
0
0
0
0
0
0
0
0
0
0
0
0
0
0
0
0
0
0
0
0
0
0
0
0
0
0
0
0
0
0
0
0
0
0
0
0
0
0
0
0
0
0
0
0
0
0
0
0
0
0
0
0
0
0
0
0
0
0
0
0
0
0
0
0
0
0
0
0
0
0
0
0
0
0
0
0
0
0
0
0
0
0
0
0
0
0
0
0
0
0
0
0
0
0
0
0
0
0
0
0
0
0
0
0
0
0
0
0
0
0
0
0
0
0
0
0
0
0
0
0
0
0
0
0
0
0
0
0
0
0
0
0
0
0
0
0
0
0
0
0
0
0
0
0
0
0
0
0
0
0
0
0
0
0
0
0
0
0
0
0
0
0
0
0
0
0
0
0
0
0
0
0
0
0
0
0
0
0
0
0
0
0
0
0
0
0
0
0
0
0
0
0
0
0
0
0
0
0
0
0
0
0
0
0
0
0
0
0
0
0
0
0
0
0
0
0
0
0
0
0
0
0
0
0
0
0
0
0
0
0
0
0
0
0
0
0
0
0
0
0
0
0
0
0
0
0
0
0
0
0
0
0
0
0
0
0
0
0
0
0
0
0
0
0
0
0
0
0
0
0
0
0
0
0
0
0
0
0
0
0
0
0
0
0
0
0
0
0
0
0
0
0
0
0
0
0
0
0
0
0
0
0
0
0
0
0
0
0
0
0
0
0
0
0
0
0
0
0
0
0
0
0
0
0
0
0
0
0
0
0
0
0
0
0
0
0
0
0
0
0
0
0
0
0
0
0
0
0
0
0
0
0
0
0
0
0
0
0
0
0
0
0
0
0
0
0
0
0
0
0
0
0
0
0
0
0
0
0
0
0
0
0
0
0
0
0
0
0
0
0
0
0
0
0
0
0
0
0
0
0
0
0
0
0
0
0
0
0
0
0
0
0
0
0
0
0
0
0
0
0
0
0
0
0
0
0
0
0
0
0
0
0
0
0
0
0
0
0
0
0
0
0
0
0
0
0
0
0
0
0
0
0
0
0
0
0
0
0
0
0
0
0
0
0
0
0
0
0
0
0
0
0
0
0
0
0
0
0
0
0
0
0
0
0
0
0
0
0
0
0
0
0
0
0
0
0
0
0
0
0
0
0
0
0
0
0
0
0
0
0
0
0
0
0
0
0
0
0
0
0
0
0
0
0
0
0
0
0
0
0
0
0
0
0
0
0
0
0
0
0
0
0
0
0
0
0
0
0
0
0
0
0
0
0
0
0
0
0
0
0
0
0
0
0
0
0
0
0
0
0
0
0
0
0
0
0
0
0
0
0
0
0
0
0
0
0
0
0
0
0
0
0
0
0
0
0
0
0
0
0
0
0
0
0
0
0
0
0
0
0
0
0
0
0
0
0
0
0
0
0
0
0
0
0
0
0
0
0
0
0
0
0
0
0
0
0
0
0
0
0
0
0
0
0
0
0
0
0
0
0
0
0
0
0
0
0
0
0
0
0
0
0
0
0
0
0
0
0
0
0
0
0
0
0
0
0
0
0
0
0
0
0
0
0
0
0
0
0
0
0
0
0
0
0
0
0
0
0
0
0
0
0
0
0
0
0
0
0
0
0
0
0
0
0
0
0
0
0
0
0
0
0
0
0
0
0
0
0
0
0
0
0
0
0
0
0
0
0
0
0
0
0
0
0
0
0
0
0
0
0
0
0
0
0
0
0
0
0
0
0
0
0
0
0
0
0
0
0
0
0
0
0
0
0
0
0
0
0
0
0
0
0
0
0
0
0
0
0
0
0
0
0
0
0
0
0
0
0
0
0
0
0
0
0
0
0
0
0
0
0
0
0
0
0
0
0
0
0
0
0
0
0
0
0
0
0
0
0
0
0
0
0
0
0
0
0
0
0
0
0
0
0
0
0
0
0
0
0
0
0
0
0
0
0
0
0
0
0
0
0
0
0
0
0
0
0
0
0
0
0
0
0
0
0
0
0
0
0
0
0
0
0
0
0
0
0
0
0
0
0
0
0
0
0
0
0
0
0
0
0
0
0
0
0
0
0
0
0
0
0
0
0
0
0
0
0
0
0
0
0
0
0
0
0
0
0
0
0
0
0
0
0
0
0
0
0
0
0
0
0
0
0
0
0
0
0
0
0
0
0
0
0
0
0
0
0
0
0
0
0
0
0
0
0
0
0
0
0
0
0
0
0
0
0
0
0
0
0
0
0
0
0
0
0
0
0
0
0
0
0
0
0
0
0
0
0
0
0
0
0
0
0
0
0
0
0
0
0
0
0
0
0
0
0
0
0
0
0
0
0
0
0
0
0
0
0
0
0
0
0
0
0
0
0
0
0
0
0
0
0
0
0
0
0
0
0
0
0
0
0
0
0
0
0
0
0
0
0
0
0
0
0
0
0
0
0
0
0
0
0
0
0
0
0
0
0
0
0
0
0
0
0
0
0
0
0
0
0
0
0
0
0
0
0
0
0
0
0
0
0
0
0
0
0
0
0
0
0
0
0
0
0
0
0
0
0
0
0
0
0
0
0
0
0
0
0
0
0
0
0
0
0
0
0
0
0
0
0
0
0
0
0
0
0
0
0
0
0
0
0
0
0
0
0
0
0
0
0
0
0
0
0
0
0
0
0
0
0
0
0
0
0
0
0
0
0
0
0
0
0
0
0
0
0
0
0
0
0
0
0
0
0
0
0
0
0
0
0
0
0
0
0
0
0
0
0
0
0
0
0
0
0
0
0
0
0
0
0
0
0
0
0
0
0
0
0
0
0
0
0
0
0
0
0
0
0
0
0
0
0
0
0
0
0
0
0
0
0
0
0
0
0
0
0
0
0
0
0
0
0
0
0
0
0
0
0
0
0
0
0
0
0
0
0
0
0
0
0
0
0
0
0
0
0
0
0
0
0
0
0
0
0
0
0
0
0
0
0
0
0
0
0
0
0
0
0
0
0
0
0
0
0
0
0
0
0
0
0
0
0
0
0
0
0
0
0
0
0
0
0
0
0
0
0
0
0
0
0
0
0
0
0
0
0
0
0
0
0
0
0
0
0
0
0
0
0
0
0
0
0
0
0
0
0
0
0
0
0
0
0
0
0
0
0
0
0
0
0
0
0
0
0
0
0
0
0
0
0
0
0
0
0
0
0
0
0
0
0
0
0
0
0
0
0
0
0
0
0
0
0
0
0
0
0
0
0
0
0
0
0
0
0
0
0
0
0
0
0
0
0
0
0
0
0
0
0
0
0
0
0
0
0
0
0
0
0
0
0
0
0
0
0
0
0
0
0
0
0
0
0
0
0
0
0
0
0
0
0
0
0
0
0
0
0
0
0
0
0
0
0
0
0
0
0
0
0
0
0
0
0
0
0
0
0
0
0
0
0
0
0
0
0
0
0
0
0
0
0
0
0
0
0
0
0
0
0
0
0
0
0
0
0
0
0
0
0
0
0
0
0
0
0
0
0
0
0
0
0
0
0
0
0
0
0
0
0
0
0
0
0
0
0
0
0
0
0
0
0
0
0
0
0
0
0
0
0
0
0
0
0
0
0
0
0
0
0
0
0
0
0
0
0
0
0
0
0
0
0
0
0
0
0
0
0
0
0
0
0
0
0
0
0
0
0
0
0
0
0
0
0
0
0
0
0
0
0
0
0
0
0
0
0
0
0
0
0
0
0
0
0
0
0
0
0
0
0
0
0
0
0
0
0
0
0
0
0
0
0
0
0
0
0
0
0
0
0
0
0
0
0
0
0
0
0
0
0
0
0
0
0
0
0
0
0
0
0
0
0
0
0
0
0
0
0
0
0
0
0
0
0
0
0
0
0
0
0
0
0
0
0
0
0
0
0
0
0
0
0
0
0
0
0
0
0
0
0
0
0
0
0
0
0
0
0
0
0
0
0
0
0
0
0
0
0
0
0
0
0
0
0
0
0
0
0
0
0
0
0
0
0
0
0
0
0
0
0
0
0
0
0
0
0
0
0
0
0
0
0
0
0
0
0
0
0
0
0
0
0
0
0
0
0
0
0
0
0
0
0
0
0
0
0
0
0
0
0
0
0
0
0
0
0
0
0
0
0
0
0
0
0
0
0
0
0
0
0
0
0
0
0
0
0
0
0
0
0
0
0
0
0
0
0
0
0
0
0
0
0
0
0
0
0
0
0
0
0
0
0
0
0
0
0
0
0
0
0
0
0
0
0
0
0
0
0
0
0
0
0
0
0
0
0
0
0
0
0
0
0
0
0
0
0
0
0
0
0
0
0
0
0
0
0
0
0
0
0
0
0
0
0
0
0
0
0
0
0
0
0
0
0
0
0
0
0
0
0
0
0
0
0
0
0
0
0
0
0
0
0
0
0
0
0
0
0
0
0
0
0
0
0
0
0
0
0
0
0
0
0
0
0
0
0
0
0
0
0
0
0
0
0
0
0
0
0
0
0
0
0
0
0
0
0
0
0
0
0
0
0
0
0
0
0
0
0
0
0
0
0
0
0
0
0
0
0
0
0
0
0
0
0
0
0
0
0
0
0
0
0
0
0
0
0
0
0
0
0
0
0
0
0
0
0
0
0
0
0
0
0
0
0
0
0
0
0
0
0
0
0
0
0
0
0
0
0
0
0
0
0
0
0
0
0
0
0
0
0
0
0
0
0
0
0
0
0
0
0
0
0
0
0
0
0
0
0
0
0
0
0
0
0
0
0
0
0
0
0
0
0
0
0
0
0
0
0
0
0
0
0
0
0
0
0
0
0
0
0
0
0
0
0
0
0
0
0
0
0
0
0
0
0
0
0
0
0
0
0
0
0
0
0
0
0
0
0
0
0
0
0
0
0
0
0
0
0
0
0
0
0
0
0
0
0
0
0
0
0
0
0
0
0
0
0
0
0
0
0
0
0
0
0
0
0
0
0
0
0
0
0
0
0
0
0
0
0
0
0
0
0
0
0
0
0
0
0
0
0
0
0
0
0
0
0
0
0
0
0
0
0
0
0
0
0
0
0
0
0
0
0
0
0
0
0
0
0
0
0
0
0
0
0
0
0
0
0
0
0
0
0
0
0
0
0
0
0
0
0
0
0
0
0
0
0
0
0
0
0
0
0
0
0
0
0
0
0
0
0
0
0
0
0
0
0
0
0
0
0
0
0
0
0
0
0
0
0
0
0
0
0
0
0
0
0
0
0
0
0
0
0
0
0
0
0
0
0
0
0
0
0
0
0
0
0
0
0
0
0
0
0
0
0
0
0
0
0
0
0
0
0
0
0
0
0
0
0
0
0
0
0
0
0
0
0
0
0
0
0
0
0
0
0
0
0
0
0
0
0
0
0
0
0
0
0
0
0
0
0
0
0
0
0
0
0
0
0
0
0
0
0
0
0
0
0
0
0
0
0
0
0
0
0
0
0
0
0
0
0
0
0
0
0
0
0
0
0
0
0
0
0
0
0
0
0
0
0
0
0
0
0
0
0
0
0
0
0
0
0
0
0
0
0
0
0
0
0
0
0
0
0
0
0
0
0
0
0
0
0
0
0
0
0
0
0
0
0
0
0
0
0
0
0
0
0
0
0
0
0
0
0
0
0
0
0
0
0
0
0
0
0
0
0
0
0
0
0
0
0
0
0
0
0
0
0
0
0
0
0
0
0
0
0
0
0
0
0
0
0
0
0
0
0
0
0
0
0
0
0
0
0
0
0
0
0
0
0
0
0
0
0
0
0
0
0
0
0
0
0
0
0
0
0
0
0
0
0
0
0
0
0
0
0
0
0
0
0
0
0
0
0
0
0
0
0
0
0
0
0
0
0
0
0
0
0
0
0
0
0
0
0
0
0
0
0
0
0
0
0
0
0
0
0
0
0
0
0
0
0
0
0
0
0
0
0
0
0
0
0
0
0
0
0
0
0
0
0
0
0
0
0
0
0
0
0
0
0
0
0
0
0
0
0
0
0
0
0
0
0
0
0
0
0
0
0
0
0
0
0
0
0
0
0
0
0
0
0
0
0
0
0
0
0
0
0
0
0
0
0
0
0
0
0
0
0
0
0
0
0
0
0
0
0
0
0
0
0
0
0
0
0
0
0
0
0
0
0
0
0
0
0
0
0
0
0
0
0
0
0
0
0
0
0
0
0
0
0
0
0
0
0
0
0
0
0
0
0
0
0
0
0
0
0
0
0
0
0
0
0
0
0
0
0
0
0
0
0
0
0
0
0
0
0
0
0
0
0
0
0
0
0
0
0
0
0
0
0
0
0
0
0
0
0
0
0
0
0
0
0
0
0
0
0
0
0
0
0
0
0
0
0
0
0
0
0
0
0
0
0
0
0
0
0
0
0
0
0
0
0
0
0
0
0
0
0
0
0
0
0
0
0
0
0
0
0
0
0
0
0
0
0
0
0
0
0
0
0
0
0
0
0
0
0
0
0
0
0
0
0
0
0
0
0
0
0
0
0
0
0
0
0
0
0
0
0
0
0
0
0
0
0
0
0
0
0
0
0
0
0
0
0
0
0
0
0
0
0
0
0
0
0
0
0
0
0
0
0
0
0
0
0
0
0
0
0
0
0
0
0
0
0
0
0
0
0
0
0
0
0
0
0
0
0
0
0
0
0
0
0
0
0
0
0
0
0
0
0
0
0
0
0
0
0
0
0
0
0
0
0
0
0
0
0
0
0
0
0
0
0
0
0
0
0
0
0
0
0
0
0
0
0
0
0
0
0
0
0
0
0
0
0
0
0
0
0
0
0
0
0
0
0
0
0
0
0
0
0
0
0
0
0
0
0
0
0
0
0
0
0
0
0
0
0
0
0
0
0
0
0
0
0
0
0
0
0
0
0
0
0
0
0
0
0
0
0
0
0
0
0
0
0
0
0
0
0
0
0
0
0
0
0
0
0
0
0
0
0
0
0
0
0
0
0
0
0
0
0
0
0
0
0
0
0
0
0
0
0
0
0
0
0
0
0
0
0
0
0
0
0
0
0
0
0
0
0
0
0
0
0
0
0
0
0
0
0
0
0
0
0
0
0
0
0
0
0
0
0
0
0
0
0
0
0
0
0
0
0
0
0
0
0
0
0
0
0
0
0
0
0
0
0
0
0
0
0
0
0
0
0
0
0
0
0
0
0
0
0
0
0
0
0
0
0
0
0
0
0
0
0
0
0
0
0
0
0
0
0
0
0
0
0
0
0
0
0
0
0
0
0
0
0
0
0
0
0
0
0
0
0
0
0
0
0
0
0
0
0
0
0
0
0
0
0
0
0
0
0
0
0
0
0
0
0
0
0
0
0
0
0
0
0
0
0
0
0
0
0
0
0
0
0
0
0
0
0
0
0
0
0
0
0
0
0
0
0
0
0
0
0
0
0
0
0
0
0
0
0
0
0
0
0
0
0
0
0
0
0
0
0
0
0
0
0
0
0
0
0
0
0
0
0
0
0
0
0
0
0
0
0
0
0
0
0
0
0
0
0
0
0
0
0
0
0
0
0
0
0
0
0
0
0
0
0
0
0
0
0
0
0
0
0
0
0
0
0
0
0
0
0
0
0
0
0
0
0
0
0
0
0
0
0
0
0
0
0
0
0
0
0
0
0
0
0
0
0
0
0
0
0
0
0
0
0
0
0
0
0
0
0
0
0
0
0
0
0
0
0
0
0
0
0
0
0
0
0
0
0
0
0
0
0
0
0
0
0
0
0
0
0
0
0
0
0
0
0
0
0
0
0
0
0
0
0
0
0
0
0
0
0
0
0
0
0
0
0
0
0
0
0
0
0
0
0
0
0
0
0
0
0
0
0
0
0
0
0
0
0
0
0
0
0
0
0
0
0
0
0
0
0
0
0
0
0
0
0
0
0
0
0
0
0
0
0
0
0
0
0
0
0
0
0
0
0
0
0
0
0
0
0
0
0
0
0
0
0
0
0
0
0
0
0
0
0
0
0
0
0
0
0
0
0
0
0
0
0
0
0
0
0
0
0
0
0
0
0
0
0
0
0
0
0
0
0
0
0
0
0
0
0
0
0
0
0
0
0
0
0
0
0
0
0
0
0
0
0
0
0
0
0
0
0
0
0
0
0
0
0
0
0
0
0
0
0
0
0
0
0
0
0
0
0
0
0
0
0
0
0
0
0
0
0
0
0
0
0
0
0
0
0
0
0
0
0
0
0
0
0
0
0
0
0
0
0
0
0
0
0
0
0
0
0
0
0
0
0
0
0
0
0
0
0
0
0
0
0
0
0
0
0
0
0
0
0
0
0
0
0
0
0
0
0
0
0
0
0
0
0
0
0
0
0
0
0
0
0
0
0
0
0
0
0
0
0
0
0
0
0
0
0
0
0
0
0
0
0
0
0
0
0
0
0
0
0
0
0
0
0
0
0
0
0
0
0
0
0
0
0
0
0
0
0
0
0
0
0
0
0
0
0
0
0
0
0
0
0
0
0
0
0
0
0
0
0
0
0
0
0
0
0
0
0
0
0
0
0
0
0
0
0
0
0
0
0
0
0
0
0
0
0
0
0
0
0
0
0
0
0
0
0
0
0
0
0
0
0
0
0
0
0
0
0
0
0
0
0
0
0
0
0
0
0
0
0
0
0
0
0
0
0
0
0
0
0
0
0
0
0
0
0
0
0
0
0
0
0
0
0
0
0
0
0
0
0
0
0
0
0
0
0
0
0
0
0
0
0
0
0
0
0
0
0
0
0
0
0
0
0
0
0
0
0
0
0
0
0
0
0
0
0
0
0
0
0
0
0
0
0
0
0
0
0
0
0
0
0
0
0
0
0
0
0
0
0
0
0
0
0
0
0
0
0
0
0
0
0
0
0
0
0
0
0
0
0
0
0
0
0
0
0
0
0
0
0
0
0
0
0
0
0
0
0
0
0
0
0
0
0
0
0
0
0
0
0
0
0
0
0
0
0
0
0
0
0
0
0
0
0
0
0
0
0
0
0
0
0
0
0
0
0
0
0
0
0
0
0
0
0
0
0
0
0
0
0
0
0
0
0
0
0
0
0
0
0
0
0
0
0
0
0
0
0
0
0
0
0
0
0
0
0
0
0
0
0
0
0
0
0
0
0
0
0
0
0
0
0
0
0
0
0
0
0
0
0
0
0
0
0
0
0
0
0
0
0
0
0
0
0
0
0
0
0
0
0
0
0
0
0
0
0
0
0
0
0
0
0
0
0
0
0
0
0
0
0
0
0
0
0
0
0
0
0
0
0
0
0
0
0
0
0
0
0
0
0
0
0
0
0
0
0
0
0
0
0
0
0
0
0
0
0
0
0
0
0
0
0
0
0
0
0
0
0
0
0
0
0
0
0
0
0
0
0
0
0
0
0
0
0
0
0
0
0
0
0
0
0
0
0
0
0
0
0
0
0
0
0
0
0
0
0
0
0
0
0
0
0
0
0
0
0
0
0
0
0
0
0
0
0
0
0
0
0
0
0
0
0
0
0
0
0
0
0
0
0
0
0
0
0
0
0
0
0
0
0
0
0
0
0
0
0
0
0
0
0
0
0
0
0
0
0
0
0
0
0
0
0
0
0
0
0
0
0
0
0
0
0
0
0
0
0
0
0
0
0
0
0
0
0
0
0
0
0
0
0
0
0
0
0
0
0
0
0
0
0
0
0
0
0
0
0
0
0
0
0
0
0
0
0
0
0
0
0
0
0
0
0
0
0
0
0
0
0
0
0
0
0
0
0
0
0
0
0
0
0
0
0
0
0
0
0
0
0
0
0
0
0
0
0
0
0
0
0
0
0
0
0
0
0
0
0
0
0
0
0
0
0
0
0
0
0
0
0
0
0
0
0
0
0
0
0
0
0
0
0
0
0
0
0
0
0
0
0
0
0
0
0
0
0
0
0
0
0
0
0
0
0
0
0
0
0
0
0
0
0
0
0
0
0
0
0
0
0
0
0
0
0
0
0
0
0
0
0
0
0
0
0
0
0
0
0
0
0
0
0
0
0
0
0
0
0
0
0
0
0
0
0
0
0
0
0
0
0
0
0
0
0
0
0
0
0
0
0
0
0
0
0
0
0
0
0
0
0
0
0
0
0
0
0
0
0
0
0
0
0
0
0
0
0
0
0
0
0
0
0
0
0
0
0
0
0
0
0
0
0
0
0
0
0
0
0
0
0
0
0
0
0
0
0
0
0
0
0
0
0
0
0
0
0
0
0
0
0
0
0
0
0
0
0
0
0
0
0
0
0
0
0
0
0
0
0
0
0
0
0
0
0
0
0
0
0
0
0
0
0
0
0
0
0
0
0
0
0
0
0
0
0
0
0
0
0
0
0
0
0
0
0
0
0
0
0
0
0
0
0
0
0
0
0
0
0
0
0
0
0
0
0
0
0
0
0
0
0
0
0
0
0
0
0
0
0
0
0
0
0
0
0
0
0
0
0
0
0
0
0
0
0
0
0
0
0
0
0
0
0
0
0
0
0
0
0
0
0
0
0
0
0
0
0
0
0
0
0
0
0
0
0
0
0
0
0
0
0
0
0
0
0
0
0
0
0
0
0
0
0
0
0
0
0
0
0
0
0
0
0
0
0
0
0
0
0
0
0
0
0
0
0
0
0
0
0
0
0
0
0
0
0
0
0
0
0
0
0
0
0
0
0
0
0
0
0
0
0
0
0
0
0
0
0
0
0
0
0
0
0
0
0
0
0
0
0
0
0
0
0
0
0
0
0
0
0
0
0
0
0
0
0
0
0
0
0
0
0
0
0
0
0
0
0
0
0
0
0
0
0
0
0
0
0
0
0
0
0
0
0
0
0
0
0
0
0
0
0
0
0
0
0
0
0
0
0
0
0
0
0
0
0
0
0
0
0
0
0
0
0
0
0
0
0
0
0
0
0
0
0
0
0
0
0
0
0
0
0
0
0
0
0
0
0
0
0
0
0
0
0
0
0
0
0
0
0
0
0
0
0
0
0
0
0
0
0
0
0
0
0
0
0
0
0
0
0
0
0
0
0
0
0
0
0
0
0
0
0
0
0
0
0
0
0
0
0
0
0
0
0
0
0
0
0
0
0
0
0
0
0
0
0
0
0
0
0
0
0
0
0
0
0
0
0
0
0
0
0
0
0
0
0
0
0
0
0
0
0
0
0
0
0
0
0
0
0
0
0
0
0
0
0
0
0
0
0
0
0
0
0
0
0
0
0
0
0
0
0
0
0
0
0
0
0
0
0
0
0
0
0
0
0
0
0
0
0
0
0
0
0
0
0
0
0
0
0
0
0
0
0
0
0
0
0
0
0
0
0
0
0
0
0
0
0
0
0
0
0
0
0
0
0
0
0
0
0
0
0
0
0
0
0
0
0
0
0
0
0
0
0
0
0
0
0
0
0
0
0
0
0
0
0
0
0
0
0
0
0
0
0
0
0
0
0
0
0
0
0
0
0
0
0
0
0
0
0
0
0
0
0
0
0
0
0
0
0
0
0
0
0
0
0
0
0
0
0
0
0
0
0
0
0
0
0
0
0
0
0
0
0
0
0
0
0
0
0
0
0
0
0
0
0
0
0
0
0
0
0
0
0
0
0
0
0
0
0
0
0
0
0
0
0
0
0
0
0
0
0
0
0
0
0
0
0
0
0
0
0
0
0
0
0
0
0
0
0
0
0
0
0
0
0
0
0
0
0
0
0
0
0
0
0
0
0
0
0
0
0
0
0
0
0
0
0
0
0
0
0
0
0
0
0
0
0
0
0
0
0
0
0
0
0
0
0
0
0
0
0
0
0
0
0
0
0
0
0
0
0
0
0
0
0
0
0
0
0
0
0
0
0
0
0
0
0
0
0
0
0
0
0
0
0
0
0
0
0
0
0
0
0
0
0
0
0
0
0
0
0
0
0
0
0
0
0
0
0
0
0
0
0
0
0
0
0
0
0
0
0
0
0
0
0
0
0
0
0
0
0
0
0
0
0
0
0
0
0
0
0
0
0
0
0
0
0
0
0
0
0
0
0
0
0
0
0
0
0
0
0
0
0
0
0
0
0
0
0
0
0
0
0
0
0
0
0
0
0
0
0
0
0
0
0
0
0
0
0
0
0
0
0
0
0
0
0
0
0
0
0
0
0
0
0
0
0
0
0
0
0
0
0
0
0
0
0
0
0
0
0
0
0
0
0
0
0
0
0
0
0
0
0
0
0
0
0
0
0
0
0
0
0
0
0
0
0
0
0
0
0
0
0
0
0
0
0
0
0
0
0
0
0
0
0
0
0
0
0
0
0
0
0
0
0
0
0
0
0
0
0
0
0
0
0
0
0
0
0
0
0
0
0
0
0
0
0
0
0
0
0
0
0
0
0
0
0
0
0
0
0
0
0
0
0
0
0
0
0
0
0
0
0
0
0
0
0
0
0
0
0
0
0
0
0
0
0
0
0
0
0
0
0
0
0
0
0
0
0
0
0
0
0
0
0
0
0
0
0
0
0
0
0
0
0
0
0
0
0
0
0
0
0
0
0
0
0
0
0
0
0
0
0
0
0
0
0
0
0
0
0
0
0
0
0
0
0
0
0
0
0
0
0
0
0
0
0
0
0
0
0
0
0
0
0
0
0
0
0
0
0
0
0
0
0
0
0
0
0
0
0
0
0
0
0
0
0
0
0
0
0
0
0
0
0
0
0
0
0
0
0
0
0
0
0
0
0
0
0
0
0
0
0
0
0
0
0
0
0
0
0
0
0
0
0
0
0
0
0
0
0
0
0
0
0
0
0
0
0
0
0
0
0
0
0
0
0
0
0
0
0
0
0
0
0
0
0
0
0
0
0
0
0
0
0
0
0
0
0
0
0
0
0
0
0
0
0
0
0
0
0
0
0
0
0
0
0
0
0
0
0
0
0
0
0
0
0
0
0
0
0
0
0
0
0
0
0
0
0
0
0
0
0
0
0
0
0
0
0
0
0
0
0
0
0
0
0
0
0
0
0
0
0
0
0
0
0
0
0
0
0
0
0
0
0
0
0
0
0
0
0
0
0
0
0
0
0
0
0
0
0
0
0
0
0
0
0
0
0
0
0
0
0
0
0
0
0
0
0
0
0
0
0
0
0
0
0
0
0
0
0
0
0
0
0
0
0
0
0
0
0
0
0
0
0
0
0
0
0
0
0
0
0
0
0
0
0
0
0
0
0
0
0
0
0
0
0
0
0
0
0
0
0
0
0
0
0
0
0
0
0
0
0
0
0
0
0
0
0
0
0
0
0
0
0
0
0
0
0
0
0
0
0
0
0
0
0
0
0
0
0
0
0
0
0
0
0
0
0
0
0
0
0
0
0
0
0
0
0
0
0
0
0
0
0
0
0
0
0
0
0
0
0
0
0
0
0
0
0
0
0
0
0
0
0
0
0
0
0
0
0
0
0
0
0
0
0
0
0
0
0
0
0
0
0
0
0
0
0
0
0
0
0
0
0
0
0
0
0
0
0
0
0
0
0
0
0
0
0
0
0
0
0
0
0
0
0
0
0
0
0
0
0
0
0
0
0
0
0
0
0
0
0
0
0
0
0
0
0
0
0
0
0
0
0
0
0
0
0
0
0
0
0
0
0
0
0
0
0
0
0
0
0
0
0
0
0
0
0
0
0
0
0
0
0
0
0
0
0
0
0
0
0
0
0
0
0
0
0
0
0
0
0
0
0
0
0
0
0
0
0
0
0
0
0
0
0
0
0
0
0
0
0
0
0
0
0
0
0
0
0
0
0
0
0
0
0
0
0
0
0
0
0
0
0
0
0
0
0
0
0
0
0
0
0
0
0
0
0
0
0
0
0
0
0
0
0
0
0
0
0
0
0
0
0
0
0
0
0
0
0
0
0
0
0
0
0
0
0
0
0
0
0
0
0
0
0
0
0
0
0
0
0
0
0
0
0
0
0
0
0
0
0
0
0
0
0
0
0
0
0
0
0
0
0
0
0
0
0
0
0
0
0
0
0
0
0
0
0
0
0
0
0
0
0
0
0
0
0
0
0
0
0
0
0
0
0
0
0
0
0
0
0
0
0
0
0
0
0
0
0
0
0
0
0
0
0
0
0
0
0
0
0
0
0
0
0
0
0
0
0
0
0
0
0
0
0
0
0
0
0
0
0
0
0
0
0
0
0
0
0
0
0
0
0
0
0
0
0
0
0
0
0
0
0
0
0
0
0
0
0
0
0
0
0
0
0
0
0
0
0
0
0
0
0
0
0
0
0
0
0
0
0
0
0
0
0
0
0
0
0
0
0
0
0
0
0
0
0
0
0
0
0
0
0
0
0
0
0
0
0
0
0
0
0
0
0
0
0
0
0
0
0
0
0
0
0
0
0
0
0
0
0
0
0
0
0
0
0
0
0
0
0
0
0
0
0
0
0
0
0
0
0
0
0
0
0
0
0
0
0
0
0
0
0
0
0
0
0
0
0
0
0
0
0
0
0
0
0
0
0
0
0
0
0
0
0
0
0
0
0
0
0
0
0
0
0
0
0
0
0
0
0
0
0
0
0
0
0
0
0
0
0
0
0
0
0
0
0
0
0
0
0
0
0
0
0
0
0
0
0
0
0
0
0
0
0
0
0
0
0
0
0
0
0
0
0
0
0
0
0
0
0
0
0
0
0
0
0
0
0
0
0
0
0
0
0
0
0
0
0
0
0
0
0
0
0
0
0
0
0
0
0
0
0
0
0
0
0
0
0
0
0
0
0
0
0
0
0
0
0
0
0
0
0
0
0
0
0
0
0
0
0
0
0
0
0
0
0
0
0
0
0
0
0
0
0
0
0
0
0
0
0
0
0
0
0
0
0
0
0
0
0
0
0
0
0
0
0
0
0
0
0
0
0
0
0
0
0
0
0
0
0
0
0
0
0
0
0
0
0
0
0
0
0
0
0
0
0
0
0
0
0
0
0
0
0
0
0
0
0
0
0
0
0
0
0
0
0
0
0
0
0
0
0
0
0
0
0
0
0
0
0
0
0
0
0
0
0
0
0
0
0
0
0
0
0
0
0
0
0
0
0
0
0
0
0
0
0
0
0
0
0
0
0
0
0
0
0
0
0
0
0
0
0
0
0
0
0
0
0
0
0
0
0
0
0
0
0
0
0
0
0
0
0
0
0
0
0
0
0
0
0
0
0
0
0
0
0
0
0
0
0
0
0
0
0
0
0
0
0
0
0
0
0
0
0
0
0
0
0
0
0
0
0
0
0
0
0
0
0
0
0
0
0
0
0
0
0
0
0
0
0
0
0
0
0
0
0
0
0
0
0
0
0
0
0
0
0
0
0
0
0
0
0
0
0
0
0
0
0
0
0
0
0
0
0
0
0
0
0
0
0
0
0
0
0
0
0
0
0
0
0
0
0
0
0
0
0
0
0
0
0
0
0
0
0
0
0
0
0
0
0
0
0
0
0
0
0
0
0
0
0
0
0
0
0
0
0
0
0
0
0
0
0
0
0
0
0
0
0
0
0
0
0
0
0
0
0
0
0
0
0
0
0
0
0
0
0
0
0
0
0
0
0
0
0
0
0
0
0
0
0
0
0
0
0
0
0
0
0
0
0
0
0
0
0
0
0
0
0
0
0
0
0
0
0
0
0
0
0
0
0
0
0
0
0
0
0
0
0
0
0
0
0
0
0
0
0
0
0
0
0
0
0
0
0
0
0
0
0
0
0
0
0
0
0
0
0
0
0
0
0
0
0
0
0
0
0
0
0
0
0
0
0
0
0
0
0
0
0
0
0
0
0
0
0
0
0
0
0
0
0
0
0
0
0
0
0
0
0
0
0
0
0
0
0
0
0
0
0
0
0
0
0
0
0
0
0
0
0
0
0
0
0
0
0
0
0
0
0
0
0
0
0
0
0
0
0
0
0
0
0
0
0
0
0
0
0
0
0
0
0
0
0
0
0
0
0
0
0
0
0
0
0
0
0
0
0
0
0
0
0
0
0
0
0
0
0
0
0
0
0
0
0
0
0
0
0
0
0
0
0
0
0
0
0
0
0
0
0
0
0
0
0
0
0
0
0
0
0
0
0
0
0
0
0
0
0
0
0
0
0
0
0
0
0
0
0
0
0
0
0
0
0
0
0
0
0
0
0
0
0
0
0
0
0
0
0
0
0
0
0
0
0
0
0
0
0
0
0
0
0
0
0
0
0
0
0
0
0
0
0
0
0
0
0
0
0
0
0
0
0
0
0
0
0
0
0
0
0
0
0
0
0
0
0
0
0
0
0
0
0
0
0
0
0
0
0
0
0
0
0
0
0
0
0
0
0
0
0
0
0
0
0
0
0
0
0
0
0
0
0
0
0
0
0
0
0
0
0
0
0
0
0
0
0
0
0
0
0
0
0
0
0
0
0
0
0
0
0
0
0
0
0
0
0
0
0
0
0
0
0
0
0
0
0
0
0
0
0
0
0
0
0
0
0
0
0
0
0
0
0
0
0
0
0
0
0
0
0
0
0
0
0
0
0
0
0
0
0
0
0
0
0
0
0
0
0
0
0
0
0
0
0
0
0
0
0
0
0
0
0
0
0
0
0
0
0
0
0
0
0
0
0
0
0
0
0
0
0
0
0
0
0
0
0
0
0
0
0
0
0
0
0
0
0
0
0
0
0
0
0
0
0
0
0
0
0
0
0
0
0
0
0
0
0
0
0
0
0
0
0
0
0
0
0
0
0
0
0
0
0
0
0
0
0
0
0
0
0
0
0
0
0
0
0
0
0
0
0
0
0
0
0
0
0
0
0
0
0
0
0
0
0
0
0
0
0
0
0
0
0
0
0
0
0
0
0
0
0
0
0
0
0
0
0
0
0
0
0
0
0
0
0
0
0
0
0
0
0
0
0
0
0
0
0
0
0
0
0
0
0
0
0
0
0
0
0
0
0
0
0
0
0
0
0
0
0
0
0
0
0
0
0
0
0
0
0
0
0
0
0
0
0
0
0
0
0
0
0
0
0
0
0
0
0
0
0
0
0
0
0
0
0
0
0
0
0
0
0
0
0
0
0
0
0
0
0
0
0
0
0
0
0
0
0
0
0
0
0
0
0
0
0
0
0
0
0
0
0
0
0
0
0
0
0
0
0
0
0
0
0
0
0
0
0
0
0
0
0
0
0
0
0
0
0
0
0
0
0
0
0
0
0
0
0
0
0
0
0
0
0
0
0
0
0
0
0
0
0
0
0
0
0
0
0
0
0
0
0
0
0
0
0
0
0
0
0
0
0
0
0
0
0
0
0
0
0
0
0
0
0
0
0
0
0
0
0
0
0
0
0
0
0
0
0
0
0
0
0
0
0
0
0
0
0
0
0
0
0
0
0
0
0
0
0
0
0
0
0
0
0
0
0
0
0
0
0
0
0
0
0
0
0
0
0
0
0
0
0
0
0
0
0
0
0
0
0
0
0
0
0
0
0
0
0
0
0
0
0
0
0
0
0
0
0
0
0
0
0
0
0
0
0
0
0
0
0
0
0
0
0
0
0
0
0
0
0
0
0
0
0
0
0
0
0
0
0
0
0
0
0
0
0
0
0
0
0
0
0
0
0
0
0
0
0
0
0
0
0
0
0
0
0
0
0
0
0
0
0
0
0
0
0
0
0
0
0
0
0
0
0
0
0
0
0
0
0
0
0
0
0
0
0
0
0
0
0
0
0
0
0
0
0
0
0
0
0
0
0
0
0
0
0
0
0
0
0
0
0
0
0
0
0
0
0
0
0
0
0
0
0
0
0
0
0
0
0
0
0
0
0
0
0
0
0
0
0
0
0
0
0
0
0
0
0
0
0
0
0
0
0
0
0
0
0
0
0
0
0
0
0
0
0
0
0
0
0
0
0
0
0
0
0
0
0
0
0
0
0
0
0
0
0
0
0
0
0
0
0
0
0
0
0
0
0
0
0
0
0
0
0
0
0
0
0
0
0
0
0
0
0
0
0
0
0
0
0
0
0
0
0
0
0
0
0
0
0
0
0
0
0
0
0
0
0
0
0
0
0
0
0
0
0
0
0
0
0
0
0
0
0
0
0
0
0
0
0
0
0
0
0
0
0
0
0
0
0
0
0
0
0
0
0
0
0
0
0
0
0
0
0
0
0
0
0
0
0
0
0
0
0
0
0
0
0
0
0
0
0
0
0
0
0
0
0
0
0
0
0
0
0
0
0
0
0
0
0
0
0
0
0
0
0
0
0
0
0
0
0
0
0
0
0
0
0
0
0
0
0
0
0
0
0
0
0
0
0
0
0
0
0
0
0
0
0
0
0
0
0
0
0
0
0
0
0
0
0
0
0
0
0
0
0
0
0
0
0
0
0
0
0
0
0
0
0
0
0
0
0
0
0
0
0
0
0
0
0
0
0
0
0
0
0
0
0
0
0
0
0
0
0
0
0
0
0
0
0
0
0
0
0
0
0
0
0
0
0
0
0
0
0
0
0
0
0
0
0
0
0
0
0
0
0
0
0
0
0
0
0
0
0
0
0
0
0
0
0
0
0
0
0
0
0
0
0
0
0
0
0
0
0
0
0
0
0
0
0
0
0
0
0
0
0
0
0
0
0
0
0
0
0
0
0
0
0
0
0
0
0
0
0
0
0
0
0
0
0
0
0
0
0
0
0
0
0
0
0
0
0
0
0
0
0
0
0
0
0
0
0
0
0
0
0
0
0
0
0
0
0
0
0
0
0
0
0
0
0
0
0
0
0
0
0
0
0
0
0
0
0
0
0
0
0
0
0
0
0
0
0
0
0
0
0
0
0
0
0
0
0
0
0
0
0
0
0
0
0
0
0
0
0
0
0
0
0
0
0
0
0
0
0
0
0
0
0
0
0
0
0
0
0
0
0
0
0
0
0
0
0
0
0
0
0
0
0
0
0
0
0
0
0
0
0
0
0
0
0
0
0
0
0
0
0
0
0
0
0
0
0
0
0
0
0
0
0
0
0
0
0
0
0
0
0
0
0
0
0
0
0
0
0
0
0
0
0
0
0
0
0
0
0
0
0
0
0
0
0
0
0
0
0
0
0
0
0
0
0
0
0
0
0
0
0
0
0
0
0
0
0
0
0
0
0
0
0
0
0
0
0
0
0
0
0
0
0
0
0
0
0
0
0
0
0
0
0
0
0
0
0
0
0
0
0
0
0
0
0
0
0
0
0
0
0
0
0
0
0
0
0
0
0
0
0
0
0
0
0
0
0
0
0
0
0
0
0
0
0
0
0
0
0
0
0
0
0
0
0
0
0
0
0
0
0
0
0
0
0
0
0
0
0
0
0
0
0
0
0
0
0
0
0
0
0
0
0
0
0
0
0
0
0
0
0
0
0
0
0
0
0
0
0
0
0
0
0
0
0
0
0
0
0
0
0
0
0
0
0
0
0
0
0
0
0
0
0
0
0
0
0
0
0
0
0
0
0
0
0
0
0
0
0
0
0
0
0
0
0
0
0
0
0
0
0
0
0
0
0
0
0
0
0
0
0
0
0
0
0
0
0
0
0
0
0
0
0
0
0
0
0
0
0
0
0
0
0
0
0
0
0
0
0
0
0
0
0
0
0
0
0
0
0
0
0
0
0
0
0
0
0
0
0
0
0
0
0
0
0
0
0
0
0
0
0
0
0
0
0
0
0
0
0
0
0
0
0
0
0
0
0
0
0
0
0
0
0
0
0
0
0
0
0
0
0
0
0
0
0
0
0
0
0
0
0
0
0
0
0
0
0
0
0
0
0
0
0
0
0
0
0
0
0
0
0
0
0
0
0
0
0
0
0
0
0
0
0
0
0
0
0
0
0
0
0
0
0
0
0
0
0
0
0
0
0
0
0
0
0
0
0
0
0
0
0
0
0
0
0
0
0
0
0
0
0
0
0
0
0
0
0
0
0
0
0
0
0
0
0
0
0
0
0
0
0
0
0
0
0
0
0
0
0
0
0
0
0
0
0
0
0
0
0
0
0
0
0
0
0
0
0
0
0
0
0
0
0
0
0
0
0
0
0
0
0
0
0
0
0
0
0
0
0
0
0
0
0
0
0
0
0
0
0
0
0
0
0
0
0
0
0
0
0
0
0
0
0
0
0
0
0
0
0
0
0
0
0
0
0
0
0
0
0
0
0
0
0
0
0
0
0
0
0
0
0
0
0
0
0
0
0
0
0
0
0
0
0
0
0
0
0
0
0
0
0
0
0
0
0
0
0
0
0
0
0
0
0
0
0
0
0
0
0
0
0
0
0
0
0
0
0
0
0
0
0
0
0
0
0
0
0
0
0
0
0
0
0
0
0
0
0
0
0
0
0
0
0
0
0
0
0
0
0
0
0
0
0
0
0
0
0
0
0
0
0
0
0
0
0
0
0
0
0
0
0
0
0
0
0
0
0
0
0
0
0
0
0
0
0
0
0
0
0
0
0
0
0
0
0
0
0
0
0
0
0
0
0
0
0
0
0
0
0
0
0
0
0
0
0
0
0
0
0
0
0
0
0
0
0
0
0
0
0
0
0
0
0
0
0
0
0
0
0
0
0
0
0
0
0
0
0
0
0
0
0
0
0
0
0
0
0
0
0
0
0
0
0
0
0
0
0
0
0
0
0
0
0
0
0
0
0
0
0
0
0
0
0
0
0
0
0
0
0
0
0
0
0
0
0
0
0
0
0
0
0
0
0
0
0
0
0
0
0
0
0
0
0
0
0
0
0
0
0
0
0
0
0
0
0
0
0
0
0
0
0
0
0
0
0
0
0
0
0
0
0
0
0
0
0
0
0
0
0
0
0
0
0
0
0
0
0
0
0
0
0
0
0
0
0
0
0
0
0
0
0
0
0
0
0
0
0
0
0
0
0
0
0
0
0
0
0
0
0
0
0
0
0
0
0
0
0
0
0
0
0
0
0
0
0
0
0
0
0
0
0
0
0
0
0
0
0
0
0
0
0
0
0
0
0
0
0
0
0
0
0
0
0
0
0
0
0
0
0
0
0
0
0
0
0
0
0
0
0
0
0
0
0
0
0
0
0
0
0
0
0
0
0
0
0
0
0
0
0
0
0
0
0
0
0
0
0
0
0
0
0
0
0
0
0
0
0
0
0
0
0
0
0
0
0
0
0
0
0
0
0
0
0
0
0
0
0
0
0
0
0
0
0
0
0
0
0
0
0
0
0
0
0
0
0
0
0
0
0
0
0
0
0
0
0
0
0
0
0
0
0
0
0
0
0
0
0
0
0
0
0
0
0
0
0
0
0
0
0
0
0
0
0
0
0
0
0
0
0
0
0
0
0
0
0
0
0
0
0
0
0
0
0
0
0
0
0
0
0
0
0
0
0
0
0
0
0
0
0
0
0
0
0
0
0
0
0
0
0
0
0
0
0
0
0
0
0
0
0
0
0
0
0
0
0
0
0
0
0
0
0
0
0
0
0
0
0
0
0
0
0
0
0
0
0
0
0
0
0
0
0
0
0
0
0
0
0
0
0
0
0
0
0
0
0
0
0
0
0
0
0
0
0
0
0
0
0
0
0
0
0
0
0
0
0
0
0
0
0
0
0
0
0
0
0
0
0
0
0
0
0
0
0
0
0
0
0
0
0
0
0
0
0
0
0
0
0
0
0
0
0
0
0
0
0
0
0
0
0
0
0
0
0
0
0
0
0
0
0
0
0
0
0
0
0
0
0
0
0
0
0
0
0
0
0
0
0
0
0
0
0
0
0
0
0
0
0
0
0
0
0
0
0
0
0
0
0
0
0
0
0
0
0
0
0
0
0
0
0
0
0
0
0
0
0
0
0
0
0
0
0
0
0
0
0
0
0
0
0
0
0
0
0
0
0
0
0
0
0
0
0
0
0
0
0
0
0
0
0
0
0
0
0
0
0
0
0
0
0
0
0
0
0
0
0
0
0
0
0
0
0
0
0
0
0
0
0
0
0
0
0
0
0
0
0
0
0
0
0
0
0
0
0
0
0
0
0
0
0
0
0
0
0
0
0
0
0
0
0
0
0
0
0
0
0
0
0
0
0
0
0
0
0
0
0
0
0
0
0
0
0
0
0
0
0
0
0
0
0
0
0
0
0
0
0
0
0
0
0
0
0
0
0
0
0
0
0
0
0
0
0
0
0
0
0
0
0
0
0
0
0
0
0
0
0
0
0
0
0
0
0
0
0
0
0
0
0
0
0
0
0
0
0
0
0
0
0
0
0
0
0
0
0
0
0
0
0
0
0
0
0
0
0
0
0
0
0
0
0
0
0
0
0
0
0
0
0
0
0
0
0
0
0
0
0
0
0
0
0
0
0
0
0
0
0
0
0
0
0
0
0
0
0
0
0
0
0
0
0
0
0
0
0
0
0
0
0
0
0
0
0
0
0
0
0
0
0
0
0
0
0
0
0
0
0
0
0
0
0
0
0
0
0
0
0
0
0
0
0
0
0
0
0
0
0
0
0
0
0
0
0
0
0
0
0
0
0
0
0
0
0
0
0
0
0
0
0
0
0
0
0
0
0
0
0
0
0
0
0
0
0
0
0
0
0
0
0
0
0
0
0
0
0
0
0
0
0
0
0
0
0
0
0
0
0
0
0
0
0
0
0
0
0
0
0
0
0
0
0
0
0
0
0
0
0
0
0
0
0
0
0
0
0
0
0
0
0
0
0
0
0
0
0
0
0
0
0
0
0
0
0
0
0
0
0
0
0
0
0
0
0
0
0
0
0
0
0
0
0
0
0
0
0
0
0
0
0
0
0
0
0
0
0
0
0
0
0
0
0
0
0
0
0
0
0
0
0
0
0
0
0
0
0
0
0
0
0
0
0
0
0
0
0
0
0
0
0
0
0
0
0
0
0
0
0
0
0
0
0
0
0
0
0
0
0
0
0
0
0
0
0
0
0
0
0
0
0
0
0
0
0
0
0
0
0
0
0
0
0
0
0
0
0
0
0
0
0
0
0
0
0
0
0
0
0
0
0
0
0
0
0
0
0
0
0
0
0
0
0
0
0
0
0
0
0
0
0
0
0
0
0
0
0
0
0
0
0
0
0
0
0
0
0
0
0
0
0
0
0
0
0
0
0
0
0
0
0
0
0
0
0
0
0
0
0
0
0
0
0
0
0
0
0
0
0
0
0
0
0
0
0
0
0
0
0
0
0
0
0
0
0
0
0
0
0
0
0
0
0
0
0
0
0
0
0
0
0
0
0
0
0
0
0
0
0
0
0
0
0
0
0
0
0
0
0
0
0
0
0
0
0
0
0
0
0
0
0
0
0
0
0
0
0
0
0
0
0
0
0
0
0
0
0
0
0
0
0
0
0
0
0
0
0
0
0
0
0
0
0
0
0
0
0
0
0
0
0
0
0
0
0
0
0
0
0
0
0
0
0
0
0
0
0
0
0
0
0
0
0
0
0
0
0
0
0
0
0
0
0
0
0
0
0
0
0
0
0
0
0
0
0
0
0
0
0
0
0
0
0
0
0
0
0
0
0
0
0
0
0
0
0
0
0
0
0
0
0
0
0
0
0
0
0
0
0
0
0
0
0
0
0
0
0
0
0
0
0
0
0
0
0
0
0
0
0
0
0
0
0
0
0
0
0
0
0
0
0
0
0
0
0
0
0
0
0
0
0
0
0
0
0
0
0
0
0
0
0
0
0
0
0
0
0
0
0
0
0
0
0
0
0
0
0
0
0
0
0
0
0
0
0
0
0
0
0
0
0
0
0
0
0
0
0
0
0
0
0
0
0
0
0
0
0
0
0
0
0
0
0
0
0
0
0
0
0
0
0
0
0
0
0
0
0
0
0
0
0
0
0
0
0
0
0
0
0
0
0
0
0
0
0
0
0
0
0
0
0
0
0
0
0
0
0
0
0
0
0
0
0
0
0
0
0
0
0
0
0
0
0
0
0
0
0
0
0
0
0
0
0
0
0
0
0
0
0
0
0
0
0
0
0
0
0
0
0
0
0
0
0
0
0
0
0
0
0
0
0
0
0
0
0
0
0
0
0
0
0
0
0
0
0
0
0
0
0
0
0
0
0
0
0
0
0
0
0
0
0
0
0
0
0
0
0
0
0
0
0
0
0
0
0
0
0
0
0
0
0
0
0
0
0
0
0
0
0
0
0
0
0
0
0
0
0
0
0
0
0
0
0
0
0
0
0
0
0
0
0
0
0
0
0
0
0
0
0
0
0
0
0
0
0
0
0
0
0
0
0
0
0
0
0
0
0
0
0
0
0
0
0
0
0
0
0
0
0
0
0
0
0
0
0
0
0
0
0
0
0
0
0
0
0
0
0
0
0
0
0
0
0
0
0
0
0
0
0
0
0
0
0
0
0
0
0
0
0
0
0
0
0
0
0
0
0
0
0
0
0
0
0
0
0
0
0
0
0
0
0
0
0
0
0
0
0
0
0
0
0
0
0
0
0
0
0
0
0
0
0
0
0
0
0
0
0
0
0
0
0
0
0
0
0
0
0
0
0
0
0
0
0
0
0
0
0
0
0
0
0
0
0
0
0
0
0
0
0
0
0
0
0
0
0
0
0
0
0
0
0
0
0
0
0
0
0
0
0
0
0
0
0
0
0
0
0
0
0
0
0
0
0
0
0
0
0
0
0
0
0
0
0
0
0
0
0
0
0
0
0
0
0
0
0
0
0
0
0
0
0
0
0
0
0
0
0
0
0
0
0
0
0
0
0
0
0
0
0
0
0
0
0
0
0
0
0
0
0
0
0
0
0
0
0
0
0
0
0
0
0
0
0
0
0
0
0
0
0
0
0
0
0
0
0
0
0
0
0
0
0
0
0
0
0
0
0
0
0
0
0
0
0
0
0
0
0
0
0
0
0
0
0
0
0
0
0
0
0
0
0
0
0
0
0
0
0
0
0
0
0
0
0
0
0
0
0
0
0
0
0
0
0
0
0
0
0
0
0
0
0
0
0
0
0
0
0
0
0
0
0
0
0
0
0
0
0
0
0
0
0
0
0
0
0
0
0
0
0
0
0
0
0
0
0
0
0
0
0
0
0
0
0
0
0
0
0
0
0
0
0
0
0
0
0
0
0
0
0
0
0
0
0
0
0
0
0
0
0
0
0
0
0
0
0
0
0
0
0
0
0
0
0
0
0
0
0
0
0
0
0
0
0
0
0
0
0
0
0
0
0
0
0
0
0
0
0
0
0
0
0
0
0
0
0
0
0
0
0
0
0
0
0
0
0
0
0
0
0
0
0
0
0
0
0
0
0
0
0
0
0
0
0
0
0
0
0
0
0
0
0
0
0
0
0
0
0
0
0
0
0
0
0
0
0
0
0
0
0
0
0
0
0
0
0
0
0
0
0
0
0
0
0
0
0
0
0
0
0
0
0
0
0
0
0
0
0
0
0
0
0
0
0
0
0
0
0
0
0
0
0
0
0
0
0
0
0
0
0
0
0
0
0
0
0
0
0
0
0
0
0
0
0
0
0
0
0
0
0
0
0
0
0
0
0
0
0
0
0
0
0
0
0
0
0
0
0
0
0
0
0
0
0
0
0
0
0
0
0
0
0
0
0
0
0
0
0
0
0
0
0
0
0
0
0
0
0
0
0
0
0
0
0
0
0
0
0
0
0
0
0
0
0
0
0
0
0
0
0
0
0
0
0
0
0
0
0
0
0
0
0
0
0
0
0
0
0
0
0
0
0
0
0
0
0
0
0
0
0
0
0
0
0
0
0
0
0
0
0
0
0
0
0
0
0
0
0
0
0
0
0
0
0
0
0
0
0
0
0
0
0
0
0
0
0
0
0
0
0
0
0
0
0
0
0
0
0
0
0
0
0
0
0
0
0
0
0
0
0
0
0
0
0
0
0
0
0
0
0
0
0
0
0
0
0
0
0
0
0
0
0
0
0
0
0
0
0
0
0
0
0
0
0
0
0
0
0
0
0
0
0
0
0
0
0
0
0
0
0
0
0
0
0
0
0
0
0
0
0
0
0
0
0
0
0
0
0
0
0
0
0
0
0
0
0
0
0
0
0
0
0
0
0
0
0
0
0
0
0
0
0
0
0
0
0
0
0
0
0
0
0
0
0
0
0
0
0
0
0
0
0
0
0
0
0
0
0
0
0
0
0
0
0
0
0
0
0
0
0
0
0
0
0
0
0
0
0
0
0
0
0
0
0
0
0
0
0
0
0
0
0
0
0
0
0
0
0
0
0
0
0
0
0
0
0
0
0
0
0
0
0
0
0
0
0
0
0
0
0
0
0
0
0
0
0
0
0
0
0
0
0
0
0
0
0
0
0
0
0
0
0
0
0
0
0
0
0
0
0
0
0
0
0
0
0
0
0
0
0
0
0
0
0
0
0
0
0
0
0
0
0
0
0
0
0
0
0
0
0
0
0
0
0
0
0
0
0
0
0
0
0
0
0
0
0
0
0
0
0
0
0
0
0
0
0
0
0
0
0
0
0
0
0
0
0
0
0
0
0
0
0
0
0
0
0
0
0
0
0
0
0
0
0
0
0
0
0
0
0
0
0
0
0
0
0
0
0
0
0
0
0
0
0
0
0
0
0
0
0
0
0
0
0
0
0
0
0
0
0
0
0
0
0
0
0
0
0
0
0
0
0
0
0
0
0
0
0
0
0
0
0
0
0
0
0
0
0
0
0
0
0
0
0
0
0
0
0
0
0
0
0
0
0
0
0
0
0
0
0
0
0
0
0
0
0
0
0
0
0
0
0
0
0
0
0
0
0
0
0
0
0
0
0
0
0
0
0
0
0
0
0
0
0
0
0
0
0
0
0
0
0
0
0
0
0
0
0
0
0
0
0
0
0
0
0
0
0
0
0
0
0
0
0
0
0
0
0
0
0
0
0
0
0
0
0
0
0
0
0
0
0
0
0
0
0
0
0
0
0
0
0
0
0
0
0
0
0
0
0
0
0
0
0
0
0
0
0
0
0
0
0
0
0
0
0
0
0
0
0
0
0
0
0
0
0
0
0
0
0
0
0
0
0
0
0
0
0
0
0
0
0
0
0
0
0
0
0
0
0
0
0
0
0
0
0
0
0
0
0
0
0
0
0
0
0
0
0
0
0
0
0
0
0
0
0
0
0
0
0
0
0
0
0
0
0
0
0
0
0
0
0
0
0
0
0
0
0
0
0
0
0
0
0
0
0
0
0
0
0
0
0
0
0
0
0
0
0
0
0
0
0
0
0
0
0
0
0
0
0
0
0
0
0
0
0
0
0
0
0
0
0
0
0
0
0
0
0
0
0
0
0
0
0
0
0
0
0
0
0
0
0
0
0
0
0
0
0
0
0
0
0
0
0
0
0
0
0
0
0
0
0
0
0
0
0
0
0
0
0
0
0
0
0
0
0
0
0
0
0
0
0
0
0
0
0
0
0
0
0
0
0
0
0
0
0
0
0
0
0
0
0
0
0
0
0
0
0
0
0
0
0
0
0
0
0
0
0
0
0
0
0
0
0
0
0
0
0
0
0
0
0
0
0
0
0
0
0
0
0
0
0
0
0
0
0
0
0
0
0
0
0
0
0
0
0
0
0
0
0
0
0
0
0
0
0
0
0
0
0
0
0
0
0
0
0
0
0
0
0
0
0
0
0
0
0
0
0
0
0
0
0
0
0
0
0
0
0
0
0
0
0
0
0
0
0
0
0
0
0
0
0
0
0
0
0
0
0
0
0
0
0
0
0
0
0
0
0
0
0
0
0
0
0
0
0
0
0
0
0
0
0
0
0
0
0
0
0
0
0
0
0
0
0
0
0
0
0
0
0
0
0
0
0
0
0
0
0
0
0
0
0
0
0
0
0
0
0
0
0
0
0
0
0
0
0
0
0
0
0
0
0
0
0
0
0
0
0
0
0
0
0
0
0
0
0
0
0
0
0
0
0
0
0
0
0
0
0
0
0
0
0
0
0
0
0
0
0
0
0
0
0
0
0
0
0
0
0
0
0
0
0
0
0
0
0
0
0
0
0
0
0
0
0
0
0
0
0
0
0
0
0
0
0
0
0
0
0
0
0
0
0
0
0
0
0
0
0
0
0
0
0
0
0
0
0
0
0
0
0
0
0
0
0
0
0
0
0
0
0
0
0
0
0
0
0
0
0
0
0
0
0
0
0
0
0
0
0
0
0
0
0
0
0
0
0
0
0
0
0
0
0
0
0
0
0
0
0
0
0
0
0
0
0
0
0
0
0
0
0
0
0
0
0
0
0
0
0
0
0
0
0
0
0
0
0
0
0
0
0
0
0
0
0
0
0
0
0
0
0
0
0
0
0
0
0
0
0
0
0
0
0
0
0
0
0
0
0
0
0
0
0
0
0
0
0
0
0
0
0
0
0
0
0
0
0
0
0
0
0
0
0
0
0
0
0
0
0
0
0
0
0
0
0
0
0
0
0
0
0
0
0
0
0
0
0
0
0
0
0
0
0
0
0
0
0
0
0
0
0
0
0
0
0
0
0
0
0
0
0
0
0
0
0
0
0
0
0
0
0
0
0
0
0
0
0
0
0
0
0
0
0
0
0
0
0
0
0
0
0
0
0
0
0
0
0
0
0
0
0
0
0
0
0
0
0
0
0
0
0
0
0
0
0
0
0
0
0
0
0
0
0
0
0
0
0
0
0
0
0
0
0
0
0
0
0
0
0
0
0
0
0
0
0
0
0
0
0
0
0
0
0
0
0
0
0
0
0
0
0
0
0
0
0
0
0
0
0
0
0
0
0
0
0
0
0
0
0
0
0
0
0
0
0
0
0
0
0
0
0
0
0
0
0
0
0
0
0
0
0
0
0
0
0
0
0
0
0
0
0
0
0
0
0
0
0
0
0
0
0
0
0
0
0
0
0
0
0
0
0
0
0
0
0
0
0
0
0
0
0
0
0
0
0
0
0
0
0
0
0
0
0
0
0
0
0
0
0
0
0
0
0
0
0
0
0
0
0
0
0
0
0
0
0
0
0
0
0
0
0
0
0
0
0
0
0
0
0
0
0
0
0
0
0
0
0
0
0
0
0
0
0
0
0
0
0
0
0
0
0
0
0
0
0
0
0
0
0
0
0
0
0
0
0
0
0
0
0
0
0
0
0
0
0
0
0
0
0
0
0
0
0
0
0
0
0
0
0
0
0
0
0
0
0
0
0
0
0
0
0
0
0
0
0
0
0
0
0
0
0
0
0
0
0
0
0
0
0
0
0
0
0
0
0
0
0
0
0
0
0
0
0
0
0
0
0
0
0
0
0
0
0
0
0
0
0
0
0
0
0
0
0
0
0
0
0
0
0
0
0
0
0
0
0
0
0
0
0
0
0
0
0
0
0
0
0
0
0
0
0
0
0
0
0
0
0
0
0
0
0
0
0
0
0
0
0
0
0
0
0
0
0
0
0
0
0
0
0
0
0
0
0
0
0
0
0
0
0
0
0
0
0
0
0
0
0
0
0
0
0
0
0
0
0
0
0
0
0
0
0
0
0
0
0
0
0
0
0
0
0
0
0
0
0
0
0
0
0
0
0
0
0
0
0
0
0
0
0
0
0
0
0
0
0
0
0
0
0
0
0
0
0
0
0
0
0
0
0
0
0
0
0
0
0
0
0
0
0
0
0
0
0
0
0
0
0
0
0
0
0
0
0
0
0
0
0
0
0
0
0
0
0
0
0
0
0
0
0
0
0
0
0
0
0
0
0
0
0
0
0
0
0
0
0
0
0
0
0
0
0
0
0
0
0
0
0
0
0
0
0
0
0
0
0
0
0
0
0
0
0
0
0
0
0
0
0
0
0
0
0
0
0
0
0
0
0
0
0
0
0
0
0
0
0
0
0
0
0
0
0
0
0
0
0
0
0
0
0
0
0
0
0
0
0
0
0
0
0
0
0
0
0
0
0
0
0
0
0
0
0
0
0
0
0
0
0
0
0
0
0
0
0
0
0
0
0
0
0
0
0
0
0
0
0
0
0
0
0
0
0
0
0
0
0
0
0
0
0
0
0
0
0
0
0
0
0
0
0
0
0
0
0
0
0
0
0
0
0
0
0
0
0
0
0
0
0
0
0
0
0
0
0
0
0
0
0
0
0
0
0
0
0
0
0
0
0
0
0
0
0
0
0
0
0
0
0
0
0
0
0
0
0
0
0
0
0
0
0
0
0
0
0
0
0
0
0
0
0
0
0
0
0
0
0
0
0
0
0
0
0
0
0
0
0
0
0
0
0
0
0
0
0
0
0
0
0
0
0
0
0
0
0
0
0
0
0
0
0
0
0
0
0
0
0
0
0
0
0
0
0
0
0
0
0
0
0
0
0
0
0
0
0
0
0
0
0
0
0
0
0
0
0
0
0
0
0
0
0
0
0
0
0
0
0
0
0
0
0
0
0
0
0
0
0
0
0
0
0
0
0
0
0
0
0
0
0
0
0
0
0
0
0
0
0
0
0
0
0
0
0
0
0
0
0
0
0
0
0
0
0
0
0
0
0
0
0
0
0
0
0
0
0
0
0
0
0
0
0
0
0
0
0
0
0
0
0
0
0
0
0
0
0
0
0
0
0
0
0
0
0
0
0
0
0
0
0
0
0
0
0
0
0
0
0
0
0
0
0
0
0
0
0
0
0
0
0
0
0
0
0
0
0
0
0
0
0
0
0
0
0
0
0
0
0
0
0
0
0
0
0
0
0
0
0
0
0
0
0
0
0
0
0
0
0
0
0
0
0
0
0
0
0
0
0
0
0
0
0
0
0
0
0
0
0
0
0
0
0
0
0
0
0
0
0
0
0
0
0
0
0
0
0
0
0
0
0
0
0
0
0
0
0
0
0
0
0
0
0
0
0
0
0
0
0
0
0
0
0
0
0
0
0
0
0
0
0
0
0
0
0
0
0
0
0
0
0
0
0
0
0
0
0
0
0
0
0
0
0
0
0
0
0
0
0
0
0
0
0
0
0
0
0
0
0
0
0
0
0
0
0
0
0
0
0
0
0
0
0
0
0
0
0
0
0
0
0
0
0
0
0
0
0
0
0
0
0
0
0
0
0
0
0
0
0
0
0
0
0
0
0
0
0
0
0
0
0
0
0
0
0
0
0
0
0
0
0
0
0
0
0
0
0
0
0
0
0
0
0
0
0
0
0
0
0
0
0
0
0
0
0
0
0
0
0
0
0
0
0
0
0
0
0
0
0
0
0
0
0
0
0
0
0
0
0
0
0
0
0
0
0
0
0
0
0
0
0
0
0
0
0
0
0
0
0
0
0
0
0
0
0
0
0
0
0
0
0
0
0
0
0
0
0
0
0
0
0
0
0
0
0
0
0
0
0
0
0
0
0
0
0
0
0
0
0
0
0
0
0
0
0
0
0
0
0
0
0
0
0
0
0
0
0
0
0
0
0
0
0
0
0
0
0
0
0
0
0
0
0
0
0
0
0
0
0
0
0
0
0
0
0
0
0
0
0
0
0
0
0
0
0
0
0
0
0
0
0
0
0
0
0
0
0
0
0
0
0
0
0
0
0
0
0
0
0
0
0
0
0
0
0
0
0
0
0
0
0
0
0
0
0
0
0
0
0
0
0
0
0
0
0
0
0
0
0
0
0
0
0
0
0
0
0
0
0
0
0
0
0
0
0
0
0
0
0
0
0
0
0
0
0
0
0
0
0
0
0
0
0
0
0
0
0
0
0
0
0
0
0
0
0
0
0
0
0
0
0
0
0
0
0
0
0
0
0
0
0
0
0
0
0
0
0
0
0
0
0
0
0
0
0
0
0
0
0
0
0
0
0
0
0
0
0
0
0
0
0
0
0
0
0
0
0
0
0
0
0
0
0
0
0
0
0
0
0
0
0
0
0
0
0
0
0
0
0
0
0
0
0
0
0
0
0
0
0
0
0
0
0
0
0
0
0
0
0
0
0
0
0
0
0
0
0
0
0
0
0
0
0
0
0
0
0
0
0
0
0
0
0
0
0
0
0
0
0
0
0
0
0
0
0
0
0
0
0
0
0
0
0
0
0
0
0
0
0
0
0
0
0
0
0
0
0
0
0
0
0
0
0
0
0
0
0
0
0
0
0
0
0
0
0
0
0
0
0
0
0
0
0
0
0
0
0
0
0
0
0
0
0
0
0
0
0
0
0
0
0
0
0
0
0
0
0
0
0
0
0
0
0
0
0
0
0
0
0
0
0
0
0
0
0
0
0
0
0
0
0
0
0
0
0
0
0
0
0
0
0
0
0
0
0
0
0
0
0
0
0
0
0
0
0
0
0
0
0
0
0
0
0
0
0
0
0
0
0
0
0
0
0
0
0
0
0
0
0
0
0
0
0
0
0
0
0
0
0
0
0
0
0
0
0
0
0
0
0
0
0
0
0
0
0
0
0
0
0
0
0
0
0
0
0
0
0
0
0
0
0
0
0
0
0
0
0
0
0
0
0
0
0
0
0
0
0
0
0
0
0
0
0
0
0
0
0
0
0
0
0
0
0
0
0
0
0
0
0
0
0
0
0
0
0
0
0
0
0
0
0
0
0
0
0
0
0
0
0
0
0
0
0
0
0
0
0
0
0
0
0
0
0
0
0
0
0
0
0
0
0
0
0
0
0
0
0
0
0
0
0
0
0
0
0
0
0
0
0
0
0
0
0
0
0
0
0
0
0
0
0
0
0
0
0
0
0
0
0
0
0
0
0
0
0
0
0
0
0
0
0
0
0
0
0
0
0
0
0
0
0
0
0
0
0
0
0
0
0
0
0
0
0
0
0
0
0
0
0
0
0
0
0
0
0
0
0
0
0
0
0
0
0
0
0
0
0
0
0
0
0
0
0
0
0
0
0
0
0
0
0
0
0
0
0
0
0
0
0
0
0
0
0
0
0
0
0
0
0
0
0
0
0
0
0
0
0
0
0
0
0
0
0
0
0
0
0
0
0
0
0
0
0
0
0
0
0
0
0
0
0
0
0
0
0
0
0
0
0
0
0
0
0
0
0
0
0
0
0
0
0
0
0
0
0
0
0
0
0
0
0
0
0
0
0
0
0
0
0
0
0
0
0
0
0
0
0
0
0
0
0
0
0
0
0
0
0
0
0
0
0
0
0
0
0
0
0
0
0
0
0
0
0
0
0
0
0
0
0
0
0
0
0
0
0
0
0
0
0
0
0
0
0
0
0
0
0
0
0
0
0
0
0
0
0
0
0
0
0
0
0
0
0
0
0
0
0
0
0
0
0
0
0
0
0
0
0
0
0
0
0
0
0
0
0
0
0
0
0
0
0
0
0
0
0
0
0
0
0
0
0
0
0
0
0
0
0
0
0
0
0
0
0
0
0
0
0
0
0
0
0
0
0
0
0
0
0
0
0
0
0
0
0
0
0
0
0
0
0
0
0
0
0
0
0
0
0
0
0
0
0
0
0
0
0
0
0
0
0
0
0
0
0
0
0
0
0
0
0
0
0
0
0
0
0
0
0
0
0
0
0
0
0
0
0
0
0
0
0
0
0
0
0
0
0
0
0
0
0
0
0
0
0
0
0
0
0
0
0
0
0
0
0
0
0
0
0
0
0
0
0
0
0
0
0
0
0
0
0
0
0
0
0
0
0
0
0
0
0
0
0
0
0
0
0
0
0
0
0
0
0
0
0
0
0
0
0
0
0
0
0
0
0
0
0
0
0
0
0
0
0
0
0
0
0
0
0
0
0
0
0
0
0
0
0
0
0
0
0
0
0
0
0
0
0
0
0
0
0
0
0
0
0
0
0
0
0
0
0
0
0
0
0
0
0
0
0
0
0
0
0
0
0
0
0
0
0
0
0
0
0
0
0
0
0
0
0
0
0
0
0
0
0
0
0
0
0
0
0
0
0
0
0
0
0
0
0
0
0
0
0
0
0
0
0
0
0
0
0
0
0
0
0
0
0
0
0
0
0
0
0
0
0
0
0
0
0
0
0
0
0
0
0
0
0
0
0
0
0
0
0
0
0
0
0
0
0
0
0
0
0
0
0
0
0
0
0
0
0
0
0
0
0
0
0
0
0
0
0
0
0
0
0
0
0
0
0
0
0
0
0
0
0
0
0
0
0
0
0
0
0
0
0
0
0
0
0
0
0
0
0
0
0
0
0
0
0
0
0
0
0
0
0
0
0
0
0
0
0
0
0
0
0
0
0
0
0
0
0
0
0
0
0
0
0
0
0
0
0
0
0
0
0
0
0
0
0
0
0
0
0
0
0
0
0
0
0
0
0
0
0
0
0
0
0
0
0
0
0
0
0
0
0
0
0
0
0
0
0
0
0
0
0
0
0
0
0
0
0
0
0
0
0
0
0
0
0
0
0
0
0
0
0
0
0
0
0
0
0
0
0
0
0
0
0
0
0
0
0
0
0
0
0
0
0
0
0
0
0
0
0
0
0
0
0
0
0
0
0
0
0
0
0
0
0
0
0
0
0
0
0
0
0
0
0
0
0
0
0
0
0
0
0
0
0
0
0
0
0
0
0
0
0
0
0
0
0
0
0
0
0
0
0
0
0
0
0
0
0
0
0
0
0
0
0
0
0
0
0
0
0
0
0
0
0
0
0
0
0
0
0
0
0
0
0
0
0
0
0
0
0
0
0
0
0
0
0
0
0
0
0
0
0
0
0
0
0
0
0
0
0
0
0
0
0
0
0
0
0
0
0
0
0
0
0
0
0
0
0
0
0
0
0
0
0
0
0
0
0
0
0
0
0
0
0
0
0
0
0
0
0
0
0
0
0
0
0
0
0
0
0
0
0
0
0
0
0
0
0
0
0
0
0
0
0
0
0
0
0
0
0
0
0
0
0
0
0
0
0
0
0
0
0
0
0
0
0
0
0
0
0
0
0
0
0
0
0
0
0
0
0
0
0
0
0
0
0
0
0
0
0
0
0
0
0
0
0
0
0
0
0
0
0
0
0
0
0
0
0
0
0
0
0
0
0
0
0
0
0
0
0
0
0
0
0
0
0
0
0
0
0
0
0
0
0
0
0
0
0
0
0
0
0
0
0
0
0
0
0
0
0
0
0
0
0
0
0
0
0
0
0
0
0
0
0
0
0
0
0
0
0
0
0
0
0
0
0
0
0
0
0
0
0
0
0
0
0
0
0
0
0
0
0
0
0
0
0
0
0
0
0
0
0
0
0
0
0
0
0
0
0
0
0
0
0
0
0
0
0
0
0
0
0
0
0
0
0
0
0
0
0
0
0
0
0
0
0
0
0
0
0
0
0
0
0
0
0
0
0
0
0
0
0
0
0
0
0
0
0
0
0
0
0
0
0
0
0
0
0
0
0
0
0
0
0
0
0
0
0
0
0
0
0
0
0
0
0
0
0
0
0
0
0
0
0
0
0
0
0
0
0
0
0
0
0
0
0
0
0
0
0
0
0
0
0
0
0
0
0
0
0
0
0
0
0
0
0
0
0
0
0
0
0
0
0
0
0
0
0
0
0
0
0
0
0
0
0
0
0
0
0
0
0
0
0
0
0
0
0
0
0
0
0
0
0
0
0
0
0
0
0
0
0
0
0
0
0
0
0
0
0
0
0
0
0
0
0
0
0
0
0
0
0
0
0
0
0
0
0
0
0
0
0
0
0
0
0
0
0
0
0
0
0
0
0
0
0
0
0
0
0
0
0
0
0
0
0
0
0
0
0
0
0
0
0
0
0
0
0
0
0
0
0
0
0
0
0
0
0
0
0
0
0
0
0
0
0
0
0
0
0
0
0
0
0
0
0
0
0
0
0
0
0
0
0
0
0
0
0
0
0
0
0
0
0
0
0
0
0
0
0
0
0
0
0
0
0
0
0
0
0
0
0
0
0
0
0
0
0
0
0
0
0
0
0
0
0
0
0
0
0
0
0
0
0
0
0
0
0
0
0
0
0
0
0
0
0
0
0
0
0
0
0
0
0
0
0
0
0
0
0
0
0
0
0
0
0
0
0
0
0
0
0
0
0
0
0
0
0
0
0
0
0
0
0
0
0
0
0
0
0
0
0
0
0
0
0
0
0
0
0
0
0
0
0
0
0
0
0
0
0
0
0
0
0
0
0
0
0
0
0
0
0
0
0
0
0
0
0
0
0
0
0
0
0
0
0
0
0
0
0
0
0
0
0
0
0
0
0
0
0
0
0
0
0
0
0
0
0
0
0
0
0
0
0
0
0
0
0
0
0
0
0
0
0
0
0
0
0
0
0
0
0
0
0
0
0
0
0
0
0
0
0
0
0
0
0
0
0
0
0
0
0
0
0
0
0
0
0
0
0
0
0
0
0
0
0
0
0
0
0
0
0
0
0
0
0
0
0
0
0
0
0
0
0
0
0
0
0
0
0
0
0
0
0
0
0
0
0
0
0
0
0
0
0
0
0
0
0
0
0
0
0
0
0
0
0
0
0
0
0
0
0
0
0
0
0
0
0
0
0
0
0
0
0
0
0
0
0
0
0
0
0
0
0
0
0
0
0
0
0
0
0
0
0
0
0
0
0
0
0
0
0
0
0
0
0
0
0
0
0
0
0
0
0
0
0
0
0
0
0
0
0
0
0
0
0
0
0
0
0
0
0
0
0
0
0
0
0
0
0
0
0
0
0
0
0
0
0
0
0
0
0
0
0
0
0
0
0
0
0
0
0
0
0
0
0
0
0
0
0
0
0
0
0
0
0
0
0
0
0
0
0
0
0
0
0
0
0
0
0
0
0
0
0
0
0
0
0
0
0
0
0
0
0
0
0
0
0
0
0
0
0
0
0
0
0
0
0
0
0
0
0
0
0
0
0
0
0
0
0
0
0
0
0
0
0
0
0
0
0
0
0
0
0
0
0
0
0
0
0
0
0
0
0
0
0
0
0
0
0
0
0
0
0
0
0
0
0
0
0
0
0
0
0
0
0
0
0
0
0
0
0
0
0
0
0
0
0
0
0
0
0
0
0
0
0
0
0
0
0
0
0
0
0
0
0
0
0
0
0
0
0
0
0
0
0
0
0
0
0
0
0
0
0
0
0
0
0
0
0
0
0
0
0
0
0
0
0
0
0
0
0
0
0
0
0
0
0
0
0
0
0
0
0
0
0
0
0
0
0
0
0
0
0
0
0
0
0
0
0
0
0
0
0
0
0
0
0
0
0
0
0
0
0
0
0
0
0
0
0
0
0
0
0
0
0
0
0
0
0
0
0
0
0
0
0
0
0
0
0
0
0
0
0
0
0
0
0
0
0
0
0
0
0
0
0
0
0
0
0
0
0
0
0
0
0
0
0
0
0
0
0
0
0
0
0
0
0
0
0
0
0
0
0
0
0
0
0
0
0
0
0
0
0
0
0
0
0
0
0
0
0
0
0
0
0
0
0
0
0
0
0
0
0
0
0
0
0
0
0
0
0
0
0
0
0
0
0
0
0
0
0
0
0
0
0
0
0
0
0
0
0
0
0
0
0
0
0
0
0
0
0
0
0
0
0
0
0
0
0
0
0
0
0
0
0
0
0
0
0
0
0
0
0
0
0
0
0
0
0
0
0
0
0
0
0
0
0
0
0
0
0
0
0
0
0
0
0
0
0
0
0
0
0
0
0
0
0
0
0
0
0
0
0
0
0
0
0
0
0
0
0
0
0
0
0
0
0
0
0
0
0
0
0
0
0
0
0
0
0
0
0
0
0
0
0
0
0
0
0
0
0
0
0
0
0
0
0
0
0
0
0
0
0
0
0
0
0
0
0
0
0
0
0
0
0
0
0
0
0
0
0
0
0
0
0
0
0
0
0
0
0
0
0
0
0
0
0
0
0
0
0
0
0
0
0
0
0
0
0
0
0
0
0
0
0
0
0
0
0
0
0
0
0
0
0
0
0
0
0
0
0
0
0
0
0
0
0
0
0
0
0
0
0
0
0
0
0
0
0
0
0
0
0
0
0
0
0
0
0
0
0
0
0
0
0
0
0
0
0
0
0
0
0
0
0
0
0
0
0
0
0
0
0
0
0
0
0
0
0
0
0
0
0
0
0
0
0
0
0
0
0
0
0
0
0
0
0
0
0
0
0
0
0
0
0
0
0
0
0
0
0
0
0
0
0
0
0
0
0
0
0
0
0
0
0
0
0
0
0
0
0
0
0
0
0
0
0
0
0
0
0
0
0
0
0
0
0
0
0
0
0
0
0
0
0
0
0
0
0
0
0
0
0
0
0
0
0
0
0
0
0
0
0
0
0
0
0
0
0
0
0
0
0
0
0
0
0
0
0
0
0
0
0
0
0
0
0
0
0
0
0
0
0
0
0
0
0
0
0
0
0
0
0
0
0
0
0
0
0
0
0
0
0
0
0
0
0
0
0
0
0
0
0
0
0
0
0
0
0
0
0
0
0
0
0
0
0
0
0
0
0
0
0
0
0
0
0
0
0
0
0
0
0
0
0
0
0
0
0
0
0
0
0
0
0
0
0
0
0
0
0
0
0
0
0
0
0
0
0
0
0
0
0
0
0
0
0
0
0
0
0
0
0
0
0
0
0
0
0
0
0
0
0
0
0
0
0
0
0
0
0
0
0
0
0
0
0
0
0
0
0
0
0
0
0
0
0
0
0
0
0
0
0
0
0
0
0
0
0
0
0
0
0
0
0
0
0
0
0
0
0
0
0
0
0
0
0
0
0
0
0
0
0
0
0
0
0
0
0
0
0
0
0
0
0
0
0
0
0
0
0
0
0
0
0
0
0
0
0
0
0
0
0
0
0
0
0
0
0
0
0
0
0
0
0
0
0
0
0
0
0
0
0
0
0
0
0
0
0
0
0
0
0
0
0
0
0
0
0
0
0
0
0
0
0
0
0
0
0
0
0
0
0
0
0
0
0
0
0
0
0
0
0
0
0
0
0
0
0
0
0
0
0
0
0
0
0
0
0
0
0
0
0
0
0
0
0
0
0
0
0
0
0
0
0
0
0
0
0
0
0
0
0
0
0
0
0
0
0
0
0
0
0
0
0
0
0
0
0
0
0
0
0
0
0
0
0
0
0
0
0
0
0
0
0
0
0
0
0
0
0
0
0
0
0
0
0
0
0
0
0
0
0
0
0
0
0
0
0
0
0
0
0
0
0
0
0
0
0
0
0
0
0
0
0
0
0
0
0
0
0
0
0
0
0
0
0
0
0
0
0
0
0
0
0
0
0
0
0
0
0
0
0
0
0
0
0
0
0
0
0
0
0
0
0
0
0
0
0
0
0
0
0
0
0
0
0
0
0
0
0
0
0
0
0
0
0
0
0
0
0
0
0
0
0
0
0
0
0
0
0
0
0
0
0
0
0
0
0
0
0
0
0
0
0
0
0
0
0
0
0
0
0
0
0
0
0
0
0
0
0
0
0
0
0
0
0
0
0
0
0
0
0
0
0
0
0
0
0
0
0
0
0
0
0
0
0
0
0
0
0
0
0
0
0
0
0
0
0
0
0
0
0
0
0
0
0
0
0
0
0
0
0
0
0
0
0
0
0
0
0
0
0
0
0
0
0
0
0
0
0
0
0
0
0
0
0
0
0
0
0
0
0
0
0
0
0
0
0
0
0
0
0
0
0
0
0
0
0
0
0
0
0
0
0
0
0
0
0
0
0
0
0
0
0
0
0
0
0
0
0
0
0
0
0
0
0
0
0
0
0
0
0
0
0
0
0
0
0
0
0
0
0
0
0
0
0
0
0
0
0
0
0
0
0
0
0
0
0
0
0
0
0
0
0
0
0
0
0
0
0
0
0
0
0
0
0
0
0
0
0
0
0
0
0
0
0
0
0
0
0
0
0
0
0
0
0
0
0
0
0
0
0
0
0
0
0
0
0
0
0
0
0
0
0
0
0
0
0
0
0
0
0
0
0
0
0
0
0
0
0
0
0
0
0
0
0
0
0
0
0
0
0
0
0
0
0
0
0
0
0
0
0
0
0
0
0
0
0
0
0
0
0
0
0
0
0
0
0
0
0
0
0
0
0
0
0
0
0
0
0
0
0
0
0
0
0
0
0
0
0
0
0
0
0
0
0
0
0
0
0
0
0
0
0
0
0
0
0
0
0
0
0
0
0
0
0
0
0
0
0
0
0
0
0
0
0
0
0
0
0
0
0
0
0
0
0
0
0
0
0
0
0
0
0
0
0
0
0
0
0
0
0
0
0
0
0
0
0
0
0
0
0
0
0
0
0
0
0
0
0
0
0
0
0
0
0
0
0
0
0
0
0
0
0
0
0
0
0
0
0
0
0
0
0
0
0
0
0
0
0
0
0
0
0
0
0
0
0
0
0
0
0
0
0
0
0
0
0
0
0
0
0
0
0
0
0
0
0
0
0
0
0
0
0
0
0
0
0
0
0
0
0
0
0
0
0
0
0
0
0
0
0
0
0
0
0
0
0
0
0
0
0
0
0
0
0
0
0
0
0
0
0
0
0
0
0
0
0
0
0
0
0
0
0
0
0
0
0
0
0
0
0
0
0
0
0
0
0
0
0
0
0
0
0
0
0
0
0
0
0
0
0
0
0
0
0
0
0
0
0
0
0
0
0
0
0
0
0
0
0
0
0
0
0
0
0
0
0
0
0
0
0
0
0
0
0
0
0
0
0
0
0
0
0
0
0
0
0
0
0
0
0
0
0
0
0
0
0
0
0
0
0
0
0
0
0
0
0
0
0
0
0
0
0
0
0
0
0
0
0
0
0
0
0
0
0
0
0
0
0
0
0
0
0
0
0
0
0
0
0
0
0
0
0
0
0
0
0
0
0
0
0
0
0
0
0
0
0
0
0
0
0
0
0
0
0
0
0
0
0
0
0
0
0
0
0
0
0
0
0
0
0
0
0
0
0
0
0
0
0
0
0
0
0
0
0
0
0
0
0
0
0
0
0
0
0
0
0
0
0
0
0
0
0
0
0
0
0
0
0
0
0
0
0
0
0
0
0
0
0
0
0
0
0
0
0
0
0
0
0
0
0
0
0
0
0
0
0
0
0
0
0
0
0
0
0
0
0
0
0
0
0
0
0
0
0
0
0
0
0
0
0
0
0
0
0
0
0
0
0
0
0
0
0
0
0
0
0
0
0
0
0
0
0
0
0
0
0
0
0
0
0
0
0
0
0
0
0
0
0
0
0
0
0
0
0
0
0
0
0
0
0
0
0
0
0
0
0
0
0
0
0
0
0
0
0
0
0
0
0
0
0
0
0
0
0
0
0
0
0
0
0
0
0
0
0
0
0
0
0
0
0
0
0
0
0
0
0
0
0
0
0
0
0
0
0
0
0
0
0
0
0
0
0
0
0
0
0
0
0
0
0
0
0
0
0
0
0
0
0
0
0
0
0
0
0
0
0
0
0
0
0
0
0
0
0
0
0
0
0
0
0
0
0
0
0
0
0
0
0
0
0
0
0
0
0
0
0
0
0
0
0
0
0
0
0
0
0
0
0
0
0
0
0
0
0
0
0
0
0
0
0
0
0
0
0
0
0
0
0
0
0
0
0
0
0
0
0
0
0
0
0
0
0
0
0
0
0
0
0
0
0
0
0
0
0
0
0
0
0
0
0
0
0
0
0
0
0
0
0
0
0
0
0
0
0
0
0
0
0
0
0
0
0
0
0
0
0
0
0
0
0
0
0
0
0
0
0
0
0
0
0
0
0
0
0
0
0
0
0
0
0
0
0
0
0
0
0
0
0
0
0
0
0
0
0
0
0
0
0
0
0
0
0
0
0
0
0
0
0
0
0
0
0
0
0
0
0
0
0
0
0
0
0
0
0
0
0
0
0
0
0
0
0
0
0
0
0
0
0
0
0
0
0
0
0
0
0
0
0
0
0
0
0
0
0
0
0
0
0
0
0
0
0
0
0
0
0
0
0
0
0
0
0
0
0
0
0
0
0
0
0
0
0
0
0
0
0
0
0
0
0
0
0
0
0
0
0
0
0
0
0
0
0
0
0
0
0
0
0
0
0
0
0
0
0
0
0
0
0
0
0
0
0
0
0
0
0
0
0
0
0
0
0
0
0
0
0
0
0
0
0
0
0
0
0
0
0
0
0
0
0
0
0
0
0
0
0
0
0
0
0
0
0
0
0
0
0
0
0
0
0
0
0
0
0
0
0
0
0
0
0
0
0
0
0
0
0
0
0
0
0
0
0
0
0
0
0
0
0
0
0
0
0
0
0
0
0
0
0
0
0
0
0
0
0
0
0
0
0
0
0
0
0
0
0
0
0
0
0
0
0
0
0
0
0
0
0
0
0
0
0
0
0
0
0
0
0
0
0
0
0
0
0
0
0
0
0
0
0
0
0
0
0
0
0
0
0
0
0
0
0
0
0
0
0
0
0
0
0
0
0
0
0
0
0
0
0
0
0
0
0
0
0
0
0
0
0
0
0
0
0
0
0
0
0
0
0
0
0
0
0
0
0
0
0
0
0
0
0
0
0
0
0
0
0
0
0
0
0
0
0
0
0
0
0
0
0
0
0
0
0
0
0
0
0
0
0
0
0
0
0
0
0
0
0
0
0
0
0
0
0
0
0
0
0
0
0
0
0
0
0
0
0
0
0
0
0
0
0
0
0
0
0
0
0
0
0
0
0
0
0
0
0
0
0
0
0
0
0
0
0
0
0
0
0
0
0
0
0
0
0
0
0
0
0
0
0
0
0
0
0
0
0
0
0
0
0
0
0
0
0
0
0
0
0
0
0
0
0
0
0
0
0
0
0
0
0
0
0
0
0
0
0
0
0
0
0
0
0
0
0
0
0
0
0
0
0
0
0
0
0
0
0
0
0
0
0
0
0
0
0
0
0
0
0
0
0
0
0
0
0
0
0
0
0
0
0
0
0
0
0
0
0
0
0
0
0
0
0
0
0
0
0
0
0
0
0
0
0
0
0
0
0
0
0
0
0
0
0
0
0
0
0
0
0
0
0
0
0
0
0
0
0
0
0
0
0
0
0
0
0
0
0
0
0
0
0
0
0
0
0
0
0
0
0
0
0
0
0
0
0
0
0
0
0
0
0
0
0
0
0
0
0
0
0
0
0
0
0
0
0
0
0
0
0
0
0
0
0
0
0
0
0
0
0
0
0
0
0
0
0
0
0
0
0
0
0
0
0
0
0
0
0
0
0
0
0
0
0
0
0
0
0
0
0
0
0
0
0
0
0
0
0
0
0
0
0
0
0
0
0
0
0
0
0
0
0
0
0
0
0
0
0
0
0
0
0
0
0
0
0
0
0
0
0
0
0
0
0
0
0
0
0
0
0
0
0
0
0
0
0
0
0
0
0
0
0
0
0
0
0
0
0
0
0
0
0
0
0
0
0
0
0
0
0
0
0
0
0
0
0
0
0
0
0
0
0
0
0
0
0
0
0
0
0
0
0
0
0
0
0
0
0
0
0
0
0
0
0
0
0
0
0
0
0
0
0
0
0
0
0
0
0
0
0
0
0
0
0
0
0
0
0
0
0
0
0
0
0
0
0
0
0
0
0
0
0
0
0
0
0
0
0
0
0
0
0
0
0
0
0
0
0
0
0
0
0
0
0
0
0
0
0
0
0
0
0
0
0
0
0
0
0
0
0
0
0
0
0
0
0
0
0
0
0
0
0
0
0
0
0
0
0
0
0
0
0
0
0
0
0
0
0
0
0
0
0
0
0
0
0
0
0
0
0
0
0
0
0
0
0
0
0
0
0
0
0
0
0
0
0
0
0
0
0
0
0
0
0
0
0
0
0
0
0
0
0
0
0
0
0
0
0
0
0
0
0
0
0
0
0
0
0
0
0
0
0
0
0
0
0
0
0
0
0
0
0
0
0
0
0
0
0
0
0
0
0
0
0
0
0
0
0
0
0
0
0
0
0
0
0
0
0
0
0
0
0
0
0
0
0
0
0
0
0
0
0
0
0
0
0
0
0
0
0
0
0
0
0
0
0
0
0
0
0
0
0
0
0
0
0
0
0
0
0
0
0
0
0
0
0
0
0
0
0
0
0
0
0
0
0
0
0
0
0
0
0
0
0
0
0
0
0
0
0
0
0
0
0
0
0
0
0
0
0
0
0
0
0
0
0
0
0
0
0
0
0
0
0
0
0
0
0
0
0
0
0
0
0
0
0
0
0
0
0
0
0
0
0
0
0
0
0
0
0
0
0
0
0
0
0
0
0
0
0
0
0
0
0
0
0
0
0
0
0
0
0
0
0
0
0
0
0
0
0
0
0
0
0
0
0
0
0
0
0
0
0
0
0
0
0
0
0
0
0
0
0
0
0
0
0
0
0
0
0
0
0
0
0
0
0
0
0
0
0
0
0
0
0
0
0
0
0
0
0
0
0
0
0
0
0
0
0
0
0
0
0
0
0
0
0
0
0
0
0
0
0
0
0
0
0
0
0
0
0
0
0
0
0
0
0
0
0
0
0
0
0
0
0
0
0
0
0
0
0
0
0
0
0
0
0
0
0
0
0
0
0
0
0
0
0
0
0
0
0
0
0
0
0
0
0
0
0
0
0
0
0
0
0
0
0
0
0
0
0
0
0
0
0
0
0
0
0
0
0
0
0
0
0
0
0
0
0
0
0
0
0
0
0
0
0
0
0
0
0
0
0
0
0
0
0
0
0
0
0
0
0
0
0
0
0
0
0
0
0
0
0
0
0
0
0
0
0
0
0
0
0
0
0
0
0
0
0
0
0
0
0
0
0
0
0
0
0
0
0
0
0
0
0
0
0
0
0
0
0
0
0
0
0
0
0
0
0
0
0
0
0
0
0
0
0
0
0
0
0
0
0
0
0
0
0
0
0
0
0
0
0
0
0
0
0
0
0
0
0
0
0
0
0
0
0
0
0
0
0
0
0
0
0
0
0
0
0
0
0
0
0
0
0
0
0
0
0
0
0
0
0
0
0
0
0
0
0
0
0
0
0
0
0
0
0
0
0
0
0
0
0
0
0
0
0
0
0
0
0
0
0
0
0
0
0
0
0
0
0
0
0
0
0
0
0
0
0
0
0
0
0
0
0
0
0
0
0
0
0
0
0
0
0
0
0
0
0
0
0
0
0
0
0
0
0
0
0
0
0
0
0
0
0
0
0
0
0
0
0
0
0
0
0
0
0
0
0
0
0
0
0
0
0
0
0
0
0
0
0
0
0
0
0
0
0
0
0
0
0
0
0
0
0
0
0
0
0
0
0
0
0
0
0
0
0
0
0
0
0
0
0
0
0
0
0
0
0
0
0
0
0
0
0
0
0
0
0
0
0
0
0
0
0
0
0
0
0
0
0
0
0
0
0
0
0
0
0
0
0
0
0
0
0
0
0
0
0
0
0
0
0
0
0
0
0
0
0
0
0
0
0
0
0
0
0
0
0
0
0
0
0
0
0
0
0
0
0
0
0
0
0
0
0
0
0
0
0
0
0
0
0
0
0
0
0
0
0
0
0
0
0
0
0
0
0
0
0
0
0
0
0
0
0
0
0
0
0
0
0
0
0
0
0
0
0
0
0
0
0
0
0
0
0
0
0
0
0
0
0
0
0
0
0
0
0
0
0
0
0
0
0
0
0
0
0
0
0
0
0
0
0
0
0
0
0
0
0
0
0
0
0
0
0
0
0
0
0
0
0
0
0
0
0
0
0
0
0
0
0
0
0
0
0
0
0
0
0
0
0
0
0
0
0
0
0
0
0
0
0
0
0
0
0
0
0
0
0
0
0
0
0
0
0
0
0
0
0
0
0
0
0
0
0
0
0
0
0
0
0
0
0
0
0
0
0
0
0
0
0
0
0
0
0
0
0
0
0
0
0
0
0
0
0
0
0
0
0
0
0
0
0
0
0
0
0
0
0
0
0
0
0
0
0
0
0
0
0
0
0
0
0
0
0
0
0
0
0
0
0
0
0
0
0
0
0
0
0
0
0
0
0
0
0
0
0
0
0
0
0
0
0
0
0
0
0
0
0
0
0
0
0
0
0
0
0
0
0
0
0
0
0
0
0
0
0
0
0
0
0
0
0
0
0
0
0
0
0
0
0
0
0
0
0
0
0
0
0
0
0
0
0
0
0
0
0
0
0
0
0
0
0
0
0
0
0
0
0
0
0
0
0
0
0
0
0
0
0
0
0
0
0
0
0
0
0
0
0
0
0
0
0
0
0
0
0
0
0
0
0
0
0
0
0
0
0
0
0
0
0
0
0
0
0
0
0
0
0
0
0
0
0
0
0
0
0
0
0
0
0
0
0
0
0
0
0
0
0
0
0
0
0
0
0
0
0
0
0
0
0
0
0
0
0
0
0
0
0
0
0
0
0
0
0
0
0
0
0
0
0
0
0
0
0
0
0
0
0
0
0
0
0
0
0
0
0
0
0
0
0
0
0
0
0
0
0
0
0
0
0
0
0
0
0
0
0
0
0
0
0
0
0
0
0
0
0
0
0
0
0
0
0
0
0
0
0
0
0
0
0
0
0
0
0
0
0
0
0
0
0
0
0
0
0
0
0
0
0
0
0
0
0
0
0
0
0
0
0
0
0
0
0
0
0
0
0
0
0
0
0
0
0
0
0
0
0
0
0
0
0
0
0
0
0
0
0
0
0
0
0
0
0
0
0
0
0
0
0
0
0
0
0
0
0
0
0
0
0
0
0
0
0
0
0
0
0
0
0
0
0
0
0
0
0
0
0
0
0
0
0
0
0
0
0
0
0
0
0
0
0
0
0
0
0
0
0
0
0
0
0
0
0
0
0
0
0
0
0
0
0
0
0
0
0
0
0
0
0
0
0
0
0
0
0
0
0
0
0
0
0
0
0
0
0
0
0
0
0
0
0
0
0
0
0
0
0
0
0
0
0
0
0
0
0
0
0
0
0
0
0
0
0
0
0
0
0
0
0
0
0
0
0
0
0
0
0
0
0
0
0
0
0
0
0
0
0
0
0
0
0
0
0
0
0
0
0
0
0
0
0
0
0
0
0
0
0
0
0
0
0
0
0
0
0
0
0
0
0
0
0
0
0
0
0
0
0
0
0
0
0
0
0
0
0
0
0
0
0
0
0
0
0
0
0
0
0
0
0
0
0
0
0
0
0
0
0
0
0
0
0
0
0
0
0
0
0
0
0
0
0
0
0
0
0
0
0
0
0
0
0
0
0
0
0
0
0
0
0
0
0
0
0
0
0
0
0
0
0
0
0
0
0
0
0
0
0
0
0
0
0
0
0
0
0
0
0
0
0
0
0
0
0
0
0
0
0
0
0
0
0
0
0
0
0
0
0
0
0
0
0
0
0
0
0
0
0
0
0
0
0
0
0
0
0
0
0
0
0
0
0
0
0
0
0
0
0
0
0
0
0
0
0
0
0
0
0
0
0
0
0
0
0
0
0
0
0
0
0
0
0
0
0
0
0
0
0
0
0
0
0
0
0
0
0
0
0
0
0
0
0
0
0
0
0
0
0
0
0
0
0
0
0
0
0
0
0
0
0
0
0
0
0
0
0
0
0
0
0
0
0
0
0
0
0
0
0
0
0
0
0
0
0
0
0
0
0
0
0
0
0
0
0
0
0
0
0
0
0
0
0
0
0
0
0
0
0
0
0
0
0
0
0
0
0
0
0
0
0
0
0
0
0
0
0
0
0
0
0
0
0
0
0
0
0
0
0
0
0
0
0
0
0
0
0
0
0
0
0
0
0
0
0
0
0
0
0
0
0
0
0
0
0
0
0
0
0
0
0
0
0
0
0
0
0
0
0
0
0
0
0
0
0
0
0
0
0
0
0
0
0
0
0
0
0
0
0
0
0
0
0
0
0
0
0
0
0
0
0
0
0
0
0
0
0
0
0
0
0
0
0
0
0
0
0
0
0
0
0
0
0
0
0
0
0
0
0
0
0
0
0
0
0
0
0
0
0
0
0
0
0
0
0
0
0
0
0
0
0
0
0
0
0
0
0
0
0
0
0
0
0
0
0
0
0
0
0
0
0
0
0
0
0
0
0
0
0
0
0
0
0
0
0
0
0
0
0
0
0
0
0
0
0
0
0
0
0
0
0
0
0
0
0
0
0
0
0
0
0
0
0
0
0
0
0
0
0
0
0
0
0
0
0
0
0
0
0
0
0
0
0
0
0
0
0
0
0
0
0
0
0
0
0
0
0
0
0
0
0
0
0
0
0
0
0
0
0
0
0
0
0
0
0
0
0
0
0
0
0
0
0
0
0
0
0
0
0
0
0
0
0
0
0
0
0
0
0
0
0
0
0
0
0
0
0
0
0
0
0
0
0
0
0
0
0
0
0
0
0
0
0
0
0
0
0
0
0
0
0
0
0
0
0
0
0
0
0
0
0
0
0
0
0
0
0
0
0
0
0
0
0
0
0
0
0
0
0
0
0
0
0
0
0
0
0
0
0
0
0
0
0
0
0
0
0
0
0
0
0
0
0
0
0
0
0
0
0
0
0
0
0
0
0
0
0
0
0
0
0
0
0
0
0
0
0
0
0
0
0
0
0
0
0
0
0
0
0
0
0
0
0
0
0
0
0
0
0
0
0
0
0
0
0
0
0
0
0
0
0
0
0
0
0
0
0
0
0
0
0
0
0
0
0
0
0
0
0
0
0
0
0
0
0
0
0
0
0
0
0
0
0
0
0
0
0
0
0
0
0
0
0
0
0
0
0
0
0
0
0
0
0
0
0
0
0
0
0
0
0
0
0
0
0
0
0
0
0
0
0
0
0
0
0
0
0
0
0
0
0
0
0
0
0
0
0
0
0
0
0
0
0
0
0
0
0
0
0
0
0
0
0
0
0
0
0
0
0
0
0
0
0
0
0
0
0
0
0
0
0
0
0
0
0
0
0
0
0
0
0
0
0
0
0
0
0
0
0
0
0
0
0
0
0
0
0
0
0
0
0
0
0
0
0
0
0
0
0
0
0
0
0
0
0
0
0
0
0
0
0
0
0
0
0
0
0
0
0
0
0
0
0
0
0
0
0
0
0
0
0
0
0
0
0
0
0
0
0
0
0
0
0
0
0
0
0
0
0
0
0
0
0
0
0
0
0
0
0
0
0
0
0
0
0
0
0
0
0
0
0
0
0
0
0
0
0
0
0
0
0
0
0
0
0
0
0
0
0
0
0
0
0
0
0
0
0
0
0
0
0
0
0
0
0
0
0
0
0
0
0
0
0
0
0
0
0
0
0
0
0
0
0
0
0
0
0
0
0
0
0
0
0
0
0
0
0
0
0
0
0
0
0
0
0
0
0
0
0
0
0
0
0
0
0
0
0
0
0
0
0
0
0
0
0
0
0
0
0
0
0
0
0
0
0
0
0
0
0
0
0
0
0
0
0
0
0
0
0
0
0
0
0
0
0
0
0
0
0
0
0
0
0
0
0
0
0
0
0
0
0
0
0
0
0
0
0
0
0
0
0
0
0
0
0
0
0
0
0
0
0
0
0
0
0
0
0
0
0
0
0
0
0
0
0
0
0
0
0
0
0
0
0
0
0
0
0
0
0
0
0
0
0
0
0
0
0
0
0
0
0
0
0
0
0
0
0
0
0
0
0
0
0
0
0
0
0
0
0
0
0
0
0
0
0
0
0
0
0
0
0
0
0
0
0
0
0
0
0
0
0
0
0
0
0
0
0
0
0
0
0
0
0
0
0
0
0
0
0
0
0
0
0
0
0
0
0
0
0
0
0
0
0
0
0
0
0
0
0
0
0
0
0
0
0
0
0
0
0
0
0
0
0
0
0
0
0
0
0
0
0
0
0
0
0
0
0
0
0
0
0
0
0
0
0
0
0
0
0
0
0
0
0
0
0
0
0
0
0
0
0
0
0
0
0
0
0
0
0
0
0
0
0
0
0
0
0
0
0
0
0
0
0
0
0
0
0
0
0
0
0
0
0
0
0
0
0
0
0
0
0
0
0
0
0
0
0
0
0
0
0
0
0
0
0
0
0
0
0
0
0
0
0
0
0
0
0
0
0
0
0
0
0
0
0
0
0
0
0
0
0
0
0
0
0
0
0
0
0
0
0
0
0
0
0
0
0
0
0
0
0
0
0
0
0
0
0
0
0
0
0
0
0
0
0
0
0
0
0
0
0
0
0
0
0
0
0
0
0
0
0
0
0
0
0
0
0
0
0
0
0
0
0
0
0
0
0
0
0
0
0
0
0
0
0
0
0
0
0
0
0
0
0
0
0
0
0
0
0
0
0
0
0
0
0
0
0
0
0
0
0
0
0
0
0
0
0
0
0
0
0
0
0
0
0
0
0
0
0
0
0
0
0
0
0
0
0
0
0
0
0
0
0
0
0
0
0
0
0
0
0
0
0
0
0
0
0
0
0
0
0
0
0
0
0
0
0
0
0
0
0
0
0
0
0
0
0
0
0
0
0
0
0
0
0
0
0
0
0
0
0
0
0
0
0
0
0
0
0
0
0
0
0
0
0
0
0
0
0
0
0
0
0
0
0
0
0
0
0
0
0
0
0
0
0
0
0
0
0
0
0
0
0
0
0
0
0
0
0
0
0
0
0
0
0
0
0
0
0
0
0
0
0
0
0
0
0
0
0
0
0
0
0
0
0
0
0
0
0
0
0
0
0
0
0
0
0
0
0
0
0
0
0
0
0
0
0
0
0
0
0
0
0
0
0
0
0
0
0
0
0
0
0
0
0
0
0
0
0
0
0
0
0
0
0
0
0
0
0
0
0
0
0
0
0
0
0
0
0
0
0
0
0
0
0
0
0
0
0
0
0
0
0
0
0
0
0
0
0
0
0
0
0
0
0
0
0
0
0
0
0
0
0
0
0
0
0
0
0
0
0
0
0
0
0
0
0
0
0
0
0
0
0
0
0
0
0
0
0
0
0
0
0
0
0
0
0
0
0
0
0
0
0
0
0
0
0
0
0
0
0
0
0
0
0
0
0
0
0
0
0
0
0
0
0
0
0
0
0
0
0
0
0
0
0
0
0
0
0
0
0
0
0
0
0
0
0
0
0
0
0
0
0
0
0
0
0
0
0
0
0
0
0
0
0
0
0
0
0
0
0
0
0
0
0
0
0
0
0
0
0
0
0
0
0
0
0
0
0
0
0
0
0
0
0
0
0
0
0
0
0
0
0
0
0
0
0
0
0
0
0
0
0
0
0
0
0
0
0
0
0
0
0
0
0
0
0
0
0
0
0
0
0
0
0
0
0
0
0
0
0
0
0
0
0
0
0
0
0
0
0
0
0
0
0
0
0
0
0
0
0
0
0
0
0
0
0
0
0
0
0
0
0
0
0
0
0
0
0
0
0
0
0
0
0
0
0
0
0
0
0
0
0
0
0
0
0
0
0
0
0
0
0
0
0
0
0
0
0
0
0
0
0
0
0
0
0
0
0
0
0
0
0
0
0
0
0
0
0
0
0
0
0
0
0
0
0
0
0
0
0
0
0
0
0
0
0
0
0
0
0
0
0
0
0
0
0
0
0
0
0
0
0
0
0
0
0
0
0
0
0
0
0
0
0
0
0
0
0
0
0
0
0
0
0
0
0
0
0
0
0
0
0
0
0
0
0
0
0
0
0
0
0
0
0
0
0
0
0
0
0
0
0
0
0
0
0
0
0
0
0
0
0
0
0
0
0
0
0
0
0
0
0
0
0
0
0
0
0
0
0
0
0
0
0
0
0
0
0
0
0
0
0
0
0
0
0
0
0
0
0
0
0
0
0
0
0
0
0
0
0
0
0
0
0
0
0
0
0
0
0
0
0
0
0
0
0
0
0
0
0
0
0
0
0
0
0
0
0
0
0
0
0
0
0
0
0
0
0
0
0
0
0
0
0
0
0
0
0
0
0
0
0
0
0
0
0
0
0
0
0
0
0
0
0
0
0
0
0
0
0
0
0
0
0
0
0
0
0
0
0
0
0
0
0
0
0
0
0
0
0
0
0
0
0
0
0
0
0
0
0
0
0
0
0
0
0
0
0
0
0
0
0
0
0
0
0
0
0
0
0
0
0
0
0
0
0
0
0
0
0
0
0
0
0
0
0
0
0
0
0
0
0
0
0
0
0
0
0
0
0
0
0
0
0
0
0
0
0
0
0
0
0
0
0
0
0
0
0
0
0
0
0
0
0
0
0
0
0
0
0
0
0
0
0
0
0
0
0
0
0
0
0
0
0
0
0
0
0
0
0
0
0
0
0
0
0
0
0
0
0
0
0
0
0
0
0
0
0
0
0
0
0
0
0
0
0
0
0
0
0
0
0
0
0
0
0
0
0
0
0
0
0
0
0
0
0
0
0
0
0
0
0
0
0
0
0
0
0
0
0
0
0
0
0
0
0
0
0
0
0
0
0
0
0
0
0
0
0
0
0
0
0
0
0
0
0
0
0
0
0
0
0
0
0
0
0
0
0
0
0
0
0
0
0
0
0
0
0
0
0
0
0
0
0
0
0
0
0
0
0
0
0
0
0
0
0
0
0
0
0
0
0
0
0
0
0
0
0
0
0
0
0
0
0
0
0
0
0
0
0
0
0
0
0
0
0
0
0
0
0
0
0
0
0
0
0
0
0
0
0
0
0
0
0
0
0
0
0
0
0
0
0
0
0
0
0
0
0
0
0
0
0
0
0
0
0
0
0
0
0
0
0
0
0
0
0
0
0
0
0
0
0
0
0
0
0
0
0
0
0
0
0
0
0
0
0
0
0
0
0
0
0
0
0
0
0
0
0
0
0
0
0
0
0
0
0
0
0
0
0
0
0
0
0
0
0
0
0
0
0
0
0
0
0
0
0
0
0
0
0
0
0
0
0
0
0
0
0
0
0
0
0
0
0
0
0
0
0
0
0
0
0
0
0
0
0
0
0
0
0
0
0
0
0
0
0
0
0
0
0
0
0
0
0
0
0
0
0
0
0
0
0
0
0
0
0
0
0
0
0
0
0
0
0
0
0
0
0
0
0
0
0
0
0
0
0
0
0
0
0
0
0
0
0
0
0
0
0
0
0
0
0
0
0
0
0
0
0
0
0
0
0
0
0
0
0
0
0
0
0
0
0
0
0
0
0
0
0
0
0
0
0
0
0
0
0
0
0
0
0
0
0
0
0
0
0
0
0
0
0
0
0
0
0
0
0
0
0
0
0
0
0
0
0
0
0
0
0
0
0
0
0
0
0
0
0
0
0
0
0
0
0
0
0
0
0
0
0
0
0
0
0
0
0
0
0
0
0
0
0
0
0
0
0
0
0
0
0
0
0
0
0
0
0
0
0
0
0
0
0
0
0
0
0
0
0
0
0
0
0
0
0
0
0
0
0
0
0
0
0
0
0
0
0
0
0
0
0
0
0
0
0
0
0
0
0
0
0
0
0
0
0
0
0
0
0
0
0
0
0
0
0
0
0
0
0
0
0
0
0
0
0
0
0
0
0
0
0
0
0
0
0
0
0
0
0
0
0
0
0
0
0
0
0
0
0
0
0
0
0
0
0
0
0
0
0
0
0
0
0
0
0
0
0
0
0
0
0
0
0
0
0
0
0
0
0
0
0
0
0
0
0
0
0
0
0
0
0
0
0
0
0
0
0
0
0
0
0
0
0
0
0
0
0
0
0
0
0
0
0
0
0
0
0
0
0
0
0
0
0
0
0
0
0
0
0
0
0
0
0
0
0
0
0
0
0
0
0
0
0
0
0
0
0
0
0
0
0
0
0
0
0
0
0
0
0
0
0
0
0
0
0
0
0
0
0
0
0
0
0
0
0
0
0
0
0
0
0
0
0
0
0
0
0
0
0
0
0
0
0
0
0
0
0
0
0
0
0
0
0
0
0
0
0
0
0
0
0
0
0
0
0
0
0
0
0
0
0
0
0
0
0
0
0
0
0
0
0
0
0
0
0
0
0
0
0
0
0
0
0
0
0
0
0
0
0
0
0
0
0
0
0
0
0
0
0
0
0
0
0
0
0
0
0
0
0
0
0
0
0
0
0
0
0
0
0
0
0
0
0
0
0
0
0
0
0
0
0
0
0
0
0
0
0
0
0
0
0
0
0
0
0
0
0
0
0
0
0
0
0
0
0
0
0
0
0
0
0
0
0
0
0
0
0
0
0
0
0
0
0
0
0
0
0
0
0
0
0
0
0
0
0
0
0
0
0
0
0
0
0
0
0
0
0
0
0
0
0
0
0
0
0
0
0
0
0
0
0
0
0
0
0
0
0
0
0
0
0
0
0
0
0
0
0
0
0
0
0
0
0
0
0
0
0
0
0
0
0
0
0
0
0
0
0
0
0
0
0
0
0
0
0
0
0
0
0
0
0
0
0
0
0
0
0
0
0
0
0
0
0
0
0
0
0
0
0
0
0
0
0
0
0
0
0
0
0
0
0
0
0
0
0
0
0
0
0
0
0
0
0
0
0
0
0
0
0
0
0
0
0
0
0
0
0
0
0
0
0
0
0
0
0
0
0
0
0
0
0
0
0
0
0
0
0
0
0
0
0
0
0
0
0
0
0
0
0
0
0
0
0
0
0
0
0
0
0
0
0
0
0
0
0
0
0
0
0
0
0
0
0
0
0
0
0
0
0
0
0
0
0
0
0
0
0
0
0
0
0
0
0
0
0
0
0
0
0
0
0
0
0
0
0
0
0
0
0
0
0
0
0
0
0
0
0
0
0
0
0
0
0
0
0
0
0
0
0
0
0
0
0
0
0
0
0
0
0
0
0
0
0
0
0
0
0
0
0
0
0
0
0
0
0
0
0
0
0
0
0
0
0
0
0
0
0
0
0
0
0
0
0
0
0
0
0
0
0
0
0
0
0
0
0
0
0
0
0
0
0
0
0
0
0
0
0
0
0
0
0
0
0
0
0
0
0
0
0
0
0
0
0
0
0
0
0
0
0
0
0
0
0
0
0
0
0
0
0
0
0
0
0
0
0
0
0
0
0
0
0
0
0
0
0
0
0
0
0
0
0
0
0
0
0
0
0
0
0
0
0
0
0
0
0
0
0
0
0
0
0
0
0
0
0
0
0
0
0
0
0
0
0
0
0
0
0
0
0
0
0
0
0
0
0
0
0
0
0
0
0
0
0
0
0
0
0
0
0
0
0
0
0
0
0
0
0
0
0
0
0
0
0
0
0
0
0
0
0
0
0
0
0
0
0
0
0
0
0
0
0
0
0
0
0
0
0
0
0
0
0
0
0
0
0
0
0
0
0
0
0
0
0
0
0
0
0
0
0
0
0
0
0
0
0
0
0
0
0
0
0
0
0
0
0
0
0
0
0
0
0
0
0
0
0
0
0
0
0
0
0
0
0
0
0
0
0
0
0
0
0
0
0
0
0
0
0
0
0
0
0
0
0
0
0
0
0
0
0
0
0
0
0
0
0
0
0
0
0
0
0
0
0
0
0
0
0
0
0
0
0
0
0
0
0
0
0
0
0
0
0
0
0
0
0
0
0
0
0
0
0
0
0
0
0
0
0
0
0
0
0
0
0
0
0
0
0
0
0
0
0
0
0
0
0
0
0
0
0
0
0
0
0
0
0
0
0
0
0
0
0
0
0
0
0
0
0
0
0
0
0
0
0
0
0
0
0
0
0
0
0
0
0
0
0
0
0
0
0
0
0
0
0
0
0
0
0
0
0
0
0
0
0
0
0
0
0
0
0
0
0
0
0
0
0
0
0
0
0
0
0
0
0
0
0
0
0
0
0
0
0
0
0
0
0
0
0
0
0
0
0
0
0
0
0
0
0
0
0
0
0
0
0
0
0
0
0
0
0
0
0
0
0
0
0
0
0
0
0
0
0
0
0
0
0
0
0
0
0
0
0
0
0
0
0
0
0
0
0
0
0
0
0
0
0
0
0
0
0
0
0
0
0
0
0
0
0
0
0
0
0
0
0
0
0
0
0
0
0
0
0
0
0
0
0
0
0
0
0
0
0
0
0
0
0
0
0
0
0
0
0
0
0
0
0
0
0
0
0
0
0
0
0
0
0
0
0
0
0
0
0
0
0
0
0
0
0
0
0
0
0
0
0
0
0
0
0
0
0
0
0
0
0
0
0
0
0
0
0
0
0
0
0
0
0
0
0
0
0
0
0
0
0
0
0
0
0
0
0
0
0
0
0
0
0
0
0
0
0
0
0
0
0
0
0
0
0
0
0
0
0
0
0
0
0
0
0
0
0
0
0
0
0
0
0
0
0
0
0
0
0
0
0
0
0
0
0
0
0
0
0
0
0
0
0
0
0
0
0
0
0
0
0
0
0
0
0
0
0
0
0
0
0
0
0
0
0
0
0
0
0
0
0
0
0
0
0
0
0
0
0
0
0
0
0
0
0
0
0
0
0
0
0
0
0
0
0
0
0
0
0
0
0
0
0
0
0
0
0
0
0
0
0
0
0
0
0
0
0
0
0
0
0
0
0
0
0
0
0
0
0
0
0
0
0
0
0
0
0
0
0
0
0
0
0
0
0
0
0
0
0
0
0
0
0
0
0
0
0
0
0
0
0
0
0
0
0
0
0
0
0
0
0
0
0
0
0
0
0
0
0
0
0
0
0
0
0
0
0
0
0
0
0
0
0
0
0
0
0
0
0
0
0
0
0
0
0
0
0
0
0
0
0
0
0
0
0
0
0
0
0
0
0
0
0
0
0
0
0
0
0
0
0
0
0
0
0
0
0
0
0
0
0
0
0
0
0
0
0
0
0
0
0
0
0
0
0
0
0
0
0
0
0
0
0
0
0
0
0
0
0
0
0
0
0
0
0
0
0
0
0
0
0
0
0
0
0
0
0
0
0
0
0
0
0
0
0
0
0
0
0
0
0
0
0
0
0
0
0
0
0
0
0
0
0
0
0
0
0
0
0
0
0
0
0
0
0
0
0
0
0
0
0
0
0
0
0
0
0
0
0
0
0
0
0
0
0
0
0
0
0
0
0
0
0
0
0
0
0
0
0
0
0
0
0
0
0
0
0
0
0
0
0
0
0
0
0
0
0
0
0
0
0
0
0
0
0
0
0
0
0
0
0
0
0
0
0
0
0
0
0
0
0
0
0
0
0
0
0
0
0
0
0
0
0
0
0
0
0
0
0
0
0
0
0
0
0
0
0
0
0
0
0
0
0
0
0
0
0
0
0
0
0
0
0
0
0
0
0
0
0
0
0
0
0
0
0
0
0
0
0
0
0
0
0
0
0
0
0
0
0
0
0
0
0
0
0
0
0
0
0
0
0
0
0
0
0
0
0
0
0
0
0
0
0
0
0
0
0
0
0
0
0
0
0
0
0
0
0
0
0
0
0
0
0
0
0
0
0
0
0
0
0
0
0
0
0
0
0
0
0
0
0
0
0
0
0
0
0
0
0
0
0
0
0
0
0
0
0
0
0
0
0
0
0
0
0
0
0
0
0
0
0
0
0
0
0
0
0
0
0
0
0
0
0
0
0
0
0
0
0
0
0
0
0
0
0
0
0
0
0
0
0
0
0
0
0
0
0
0
0
0
0
0
0
0
0
0
0
0
0
0
0
0
0
0
0
0
0
0
0
0
0
0
0
0
0
0
0
0
0
0
0
0
0
0
0
0
0
0
0
0
0
0
0
0
0
0
0
0
0
0
0
0
0
0
0
0
0
0
0
0
0
0
0
0
0
0
0
0
0
0
0
0
0
0
0
0
0
0
0
0
0
0
0
0
0
0
0
0
0
0
0
0
0
0
0
0
0
0
0
0
0
0
0
0
0
0
0
0
0
0
0
0
0
0
0
0
0
0
0
0
0
0
0
0
0
0
0
0
0
0
0
0
0
0
0
0
0
0
0
0
0
0
0
0
0
0
0
0
0
0
0
0
0
0
0
0
0
0
0
0
0
0
0
0
0
0
0
0
0
0
0
0
0
0
0
0
0
0
0
0
0
0
0
0
0
0
0
0
0
0
0
0
0
0
0
0
0
0
0
0
0
0
0
0
0
0
0
0
0
0
0
0
0
0
0
0
0
0
0
0
0
0
0
0
0
0
0
0
0
0
0
0
0
0
0
0
0
0
0
0
0
0
0
0
0
0
0
0
0
0
0
0
0
0
0
0
0
0
0
0
0
0
0
0
0
0
0
0
0
0
0
0
0
0
0
0
0
0
0
0
0
0
0
0
0
0
0
0
0
0
0
0
0
0
0
0
0
0
0
0
0
0
0
0
0
0
0
0
0
0
0
0
0
0
0
0
0
0
0
0
0
0
0
0
0
0
0
0
0
0
0
0
0
0
0
0
0
0
0
0
0
0
0
0
0
0
0
0
0
0
0
0
0
0
0
0
0
0
0
0
0
0
0
0
0
0
0
0
0
0
0
0
0
0
0
0
0
0
0
0
0
0
0
0
0
0
0
0
0
0
0
0
0
0
0
0
0
0
0
0
0
0
0
0
0
0
0
0
0
0
0
0
0
0
0
0
0
0
0
0
0
0
0
0
0
0
0
0
0
0
0
0
0
0
0
0
0
0
0
0
0
0
0
0
0
0
0
0
0
0
0
0
0
0
0
0
0
0
0
0
0
0
0
0
0
0
0
0
0
0
0
0
0
0
0
0
0
0
0
0
0
0
0
0
0
0
0
0
0
0
0
0
0
0
0
0
0
0
0
0
0
0
0
0
0
0
0
0
0
0
0
0
0
0
0
0
0
0
0
0
0
0
0
0
0
0
0
0
0
0
0
0
0
0
0
0
0
0
0
0
0
0
0
0
0
0
0
0
0
0
0
0
0
0
0
0
0
0
0
0
0
0
0
0
0
0
0
0
0
0
0
0
0
0
0
0
0
0
0
0
0
0
0
0
0
0
0
0
0
0
0
0
0
0
0
0
0
0
0
0
0
0
0
0
0
0
0
0
0
0
0
0
0
0
0
0
0
0
0
0
0
0
0
0
0
0
0
0
0
0
0
0
0
0
0
0
0
0
0
0
0
0
0
0
0
0
0
0
0
0
0
0
0
0
0
0
0
0
0
0
0
0
0
0
0
0
0
0
0
0
0
0
0
0
0
0
0
0
0
0
0
0
0
0
0
0
0
0
0
0
0
0
0
0
0
0
0
0
0
0
0
0
0
0
0
0
0
0
0
0
0
0
0
0
0
0
0
0
0
0
0
0
0
0
0
0
0
0
0
0
0
0
0
0
0
0
0
0
0
0
0
0
0
0
0
0
0
0
0
0
0
0
0
0
0
0
0
0
0
0
0
0
0
0
0
0
0
0
0
0
0
0
0
0
0
0
0
0
0
0
0
0
0
0
0
0
0
0
0
0
0
0
0
0
0
0
0
0
0
0
0
0
0
0
0
0
0
0
0
0
0
0
0
0
0
0
0
0
0
0
0
0
0
0
0
0
0
0
0
0
0
0
0
0
0
0
0
0
0
0
0
0
0
0
0
0
0
0
0
0
0
0
0
0
0
0
0
0
0
0
0
0
0
0
0
0
0
0
0
0
0
0
0
0
0
0
0
0
0
0
0
0
0
0
0
0
0
0
0
0
0
0
0
0
0
0
0
0
0
0
0
0
0
0
0
0
0
0
0
0
0
0
0
0
0
0
0
0
0
0
0
0
0
0
0
0
0
0
0
0
0
0
0
0
0
0
0
0
0
0
0
0
0
0
0
0
0
0
0
0
0
0
0
0
0
0
0
0
0
0
0
0
0
0
0
0
0
0
0
0
0
0
0
0
0
0
0
0
0
0
0
0
0
0
0
0
0
0
0
0
0
0
0
0
0
0
0
0
0
0
0
0
0
0
0
0
0
0
0
0
0
0
0
0
0
0
0
0
0
0
0
0
0
0
0
0
0
0
0
0
0
0
0
0
0
0
0
0
0
0
0
0
0
0
0
0
0
0
0
0
0
0
0
0
0
0
0
0
0
0
0
0
0
0
0
0
0
0
0
0
0
0
0
0
0
0
0
0
0
0
0
0
0
0
0
0
0
0
0
0
0
0
0
0
0
0
0
0
0
0
0
0
0
0
0
0
0
0
0
0
0
0
0
0
0
0
0
0
0
0
0
0
0
0
0
0
0
0
0
0
0
0
0
0
0
0
0
0
0
0
0
0
0
0
0
0
0
0
0
0
0
0
0
0
0
0
0
0
0
0
0
0
0
0
0
0
0
0
0
0
0
0
0
0
0
0
0
0
0
0
0
0
0
0
0
0
0
0
0
0
0
0
0
0
0
0
0
0
0
0
0
0
0
0
0
0
0
0
0
0
0
0
0
0
0
0
0
0
0
0
0
0
0
0
0
0
0
0
0
0
0
0
0
0
0
0
0
0
0
0
0
0
0
0
0
0
0
0
0
0
0
0
0
0
0
0
0
0
0
0
0
0
0
0
0
0
0
0
0
0
0
0
0
0
0
0
0
0
0
0
0
0
0
0
0
0
0
0
0
0
0
0
0
0
0
0
0
0
0
0
0
0
0
0
0
0
0
0
0
0
0
0
0
0
0
0
0
0
0
0
0
0
0
0
0
0
0
0
0
0
0
0
0
0
0
0
0
0
0
0
0
0
0
0
0
0
0
0
0
0
0
0
0
0
0
0
0
0
0
0
0
0
0
0
0
0
0
0
0
0
0
0
0
0
0
0
0
0
0
0
0
0
0
0
0
0
0
0
0
0
0
0
0
0
0
0
0
0
0
0
0
0
0
0
0
0
0
0
0
0
0
0
0
0
0
0
0
0
0
0
0
0
0
0
0
0
0
0
0
0
0
0
0
0
0
0
0
0
0
0
0
0
0
0
0
0
0
0
0
0
0
0
0
0
0
0
0
0
0
0
0
0
0
0
0
0
0
0
0
0
0
0
0
0
0
0
0
0
0
0
0
0
0
0
0
0
0
0
0
0
0
0
0
0
0
0
0
0
0
0
0
0
0
0
0
0
0
0
0
0
0
0
0
0
0
0
0
0
0
0
0
0
0
0
0
0
0
0
0
0
0
0
0
0
0
0
0
0
0
0
0
0
0
0
0
0
0
0
0
0
0
0
0
0
0
0
0
0
0
0
0
0
0
0
0
0
0
0
0
0
0
0
0
0
0
0
0
0
0
0
0
0
0
0
0
0
0
0
0
0
0
0
0
0
0
0
0
0
0
0
0
0
0
0
0
0
0
0
0
0
0
0
0
0
0
0
0
0
0
0
0
0
0
0
0
0
0
0
0
0
0
0
0
0
0
0
0
0
0
0
0
0
0
0
0
0
0
0
0
0
0
0
0
0
0
0
0
0
0
0
0
0
0
0
0
0
0
0
0
0
0
0
0
0
0
0
0
0
0
0
0
0
0
0
0
0
0
0
0
0
0
0
0
0
0
0
0
0
0
0
0
0
0
0
0
0
0
0
0
0
0
0
0
0
0
0
0
0
0
0
0
0
0
0
0
0
0
0
0
0
0
0
0
0
0
0
0
0
0
0
0
0
0
0
0
0
0
0
0
0
0
0
0
0
0
0
0
0
0
0
0
0
0
0
0
0
0
0
0
0
0
0
0
0
0
0
0
0
0
0
0
0
0
0
0
0
0
0
0
0
0
0
0
0
0
0
0
0
0
0
0
0
0
0
0
0
0
0
0
0
0
0
0
0
0
0
0
0
0
0
0
0
0
0
0
0
0
0
0
0
0
0
0
0
0
0
0
0
0
0
0
0
0
0
0
0
0
0
0
0
0
0
0
0
0
0
0
0
0
0
0
0
0
0
0
0
0
0
0
0
0
0
0
0
0
0
0
0
0
0
0
0
0
0
0
0
0
0
0
0
0
0
0
0
0
0
0
0
0
0
0
0
0
0
0
0
0
0
0
0
0
0
0
0
0
0
0
0
0
0
0
0
0
0
0
0
0
0
0
0
0
0
0
0
0
0
0
0
0
0
0
0
0
0
0
0
0
0
0
0
0
0
0
0
0
0
0
0
0
0
0
0
0
0
0
0
0
0
0
0
0
0
0
0
0
0
0
0
0
0
0
0
0
0
0
0
0
0
0
0
0
0
0
0
0
0
0
0
0
0
0
0
0
0
0
0
0
0
0
0
0
0
0
0
0
0
0
0
0
0
0
0
0
0
0
0
0
0
0
0
0
0
0
0
0
0
0
0
0
0
0
0
0
0
0
0
0
0
0
0
0
0
0
0
0
0
0
0
0
0
0
0
0
0
0
0
0
0
0
0
0
0
0
0
0
0
0
0
0
0
0
0
0
0
0
0
0
0
0
0
0
0
0
0
0
0
0
0
0
0
0
0
0
0
0
0
0
0
0
0
0
0
0
0
0
0
0
0
0
0
0
0
0
0
0
0
0
0
0
0
0
0
0
0
0
0
0
0
0
0
0
0
0
0
0
0
0
0
0
0
0
0
0
0
0
0
0
0
0
0
0
0
0
0
0
0
0
0
0
0
0
0
0
0
0
0
0
0
0
0
0
0
0
0
0
0
0
0
0
0
0
0
0
0
0
0
0
0
0
0
0
0
0
0
0
0
0
0
0
0
0
0
0
0
0
0
0
0
0
0
0
0
0
0
0
0
0
0
0
0
0
0
0
0
0
0
0
0
0
0
0
0
0
0
0
0
0
0
0
0
0
0
0
0
0
0
0
0
0
0
0
0
0
0
0
0
0
0
0
0
0
0
0
0
0
0
0
0
0
0
0
0
0
0
0
0
0
0
0
0
0
0
0
0
0
0
0
0
0
0
0
0
0
0
0
0
0
0
0
0
0
0
0
0
0
0
0
0
0
0
0
0
0
0
0
0
0
0
0
0
0
0
0
0
0
0
0
0
0
0
0
0
0
0
0
0
0
0
0
0
0
0
0
0
0
0
0
0
0
0
0
0
0
0
0
0
0
0
0
0
0
0
0
0
0
0
0
0
0
0
0
0
0
0
0
0
0
0
0
0
0
0
0
0
0
0
0
0
0
0
0
0
0
0
0
0
0
0
0
0
0
0
0
0
0
0
0
0
0
0
0
0
0
0
0
0
0
0
0
0
0
0
0
0
0
0
0
0
0
0
0
0
0
0
0
0
0
0
0
0
0
0
0
0
0
0
0
0
0
0
0
0
0
0
0
0
0
0
0
0
0
0
0
0
0
0
0
0
0
0
0
0
0
0
0
0
0
0
0
0
0
0
0
0
0
0
0
0
0
0
0
0
0
0
0
0
0
0
0
0
0
0
0
0
0
0
0
0
0
0
0
0
0
0
0
0
0
0
0
0
0
0
0
0
0
0
0
0
0
0
0
0
0
0
0
0
0
0
0
0
0
0
0
0
0
0
0
0
0
0
0
0
0
0
0
0
0
0
0
0
0
0
0
0
0
0
0
0
0
0
0
0
0
0
0
0
0
0
0
0
0
0
0
0
0
0
0
0
0
0
0
0
0
0
0
0
0
0
0
0
0
0
0
0
0
0
0
0
0
0
0
0
0
0
0
0
0
0
0
0
0
0
0
0
0
0
0
0
0
0
0
0
0
0
0
0
0
0
0
0
0
0
0
0
0
0
0
0
0
0
0
0
0
0
0
0
0
0
0
0
0
0
0
0
0
0
0
0
0
0
0
0
0
0
0
0
0
0
0
0
0
0
0
0
0
0
0
0
0
0
0
0
0
0
0
0
0
0
0
0
0
0
0
0
0
0
0
0
0
0
0
0
0
0
0
0
0
0
0
0
0
0
0
0
0
0
0
0
0
0
0
0
0
0
0
0
0
0
0
0
0
0
0
0
0
0
0
0
0
0
0
0
0
0
0
0
0
0
0
0
0
0
0
0
0
0
0
0
0
0
0
0
0
0
0
0
0
0
0
0
0
0
0
0
0
0
0
0
0
0
0
0
0
0
0
0
0
0
0
0
0
0
0
0
0
0
0
0
0
0
0
0
0
0
0
0
0
0
0
0
0
0
0
0
0
0
0
0
0
0
0
0
0
0
0
0
0
0
0
0
0
0
0
0
0
0
0
0
0
0
0
0
0
0
0
0
0
0
0
0
0
0
0
0
0
0
0
0
0
0
0
0
0
0
0
0
0
0
0
0
0
0
0
0
0
0
0
0
0
0
0
0
0
0
0
0
0
0
0
0
0
0
0
0
0
0
0
0
0
0
0
0
0
0
0
0
0
0
0
0
0
0
0
0
0
0
0
0
0
0
0
0
0
0
0
0
0
0
0
0
0
0
0
0
0
0
0
0
0
0
0
0
0
0
0
0
0
0
0
0
0
0
0
0
0
0
0
0
0
0
0
0
0
0
0
0
0
0
0
0
0
0
0
0
0
0
0
0
0
0
0
0
0
0
0
0
0
0
0
0
0
0
0
0
0
0
0
0
0
0
0
0
0
0
0
0
0
0
0
0
0
0
0
0
0
0
0
0
0
0
0
0
0
0
0
0
0
0
0
0
0
0
0
0
0
0
0
0
0
0
0
0
0
0
0
0
0
0
0
0
0
0
0
0
0
0
0
0
0
0
0
0
0
0
0
0
0
0
0
0
0
0
0
0
0
0
0
0
0
0
0
0
0
0
0
0
0
0
0
0
0
0
0
0
0
0
0
0
0
0
0
0
0
0
0
0
0
0
0
0
0
0
0
0
0
0
0
0
0
0
0
0
0
0
0
0
0
0
0
0
0
0
0
0
0
0
0
0
0
0
0
0
0
0
0
0
0
0
0
0
0
0
0
0
0
0
0
0
0
0
0
0
0
0
0
0
0
0
0
0
0
0
0
0
0
0
0
0
0
0
0
0
0
0
0
0
0
0
0
0
0
0
0
0
0
0
0
0
0
0
0
0
0
0
0
0
0
0
0
0
0
0
0
0
0
0
0
0
0
0
0
0
0
0
0
0
0
0
0
0
0
0
0
0
0
0
0
0
0
0
0
0
0
0
0
0
0
0
0
0
0
0
0
0
0
0
0
0
0
0
0
0
0
0
0
0
0
0
0
0
0
0
0
0
0
0
0
0
0
0
0
0
0
0
0
0
0
0
0
0
0
0
0
0
0
0
0
0
0
0
0
0
0
0
0
0
0
0
0
0
0
0
0
0
0
0
0
0
0
0
0
0
0
0
0
0
0
0
0
0
0
0
0
0
0
0
0
0
0
0
0
0
0
0
0
0
0
0
0
0
0
0
0
0
0
0
0
0
0
0
0
0
0
0
0
0
0
0
0
0
0
0
0
0
0
0
0
0
0
0
0
0
0
0
0
0
0
0
0
0
0
0
0
0
0
0
0
0
0
0
0
0
0
0
0
0
0
0
0
0
0
0
0
0
0
0
0
0
0
0
0
0
0
0
0
0
0
0
0
0
0
0
0
0
0
0
0
0
0
0
0
0
0
0
0
0
0
0
0
0
0
0
0
0
0
0
0
0
0
0
0
0
0
0
0
0
0
0
0
0
0
0
0
0
0
0
0
0
0
0
0
0
0
0
0
0
0
0
0
0
0
0
0
0
0
0
0
0
0
0
0
0
0
0
0
0
0
0
0
0
0
0
0
0
0
0
0
0
0
0
0
0
0
0
0
0
0
0
0
0
0
0
0
0
0
0
0
0
0
0
0
0
0
0
0
0
0
0
0
0
0
0
0
0
0
0
0
0
0
0
0
0
0
0
0
0
0
0
0
0
0
0
0
0
0
0
0
0
0
0
0
0
0
0
0
0
0
0
0
0
0
0
0
0
0
0
0
0
0
0
0
0
0
0
0
0
0
0
0
0
0
0
0
0
0
0
0
0
0
0
0
0
0
0
0
0
0
0
0
0
0
0
0
0
0
0
0
0
0
0
0
0
0
0
0
0
0
0
0
0
0
0
0
0
0
0
0
0
0
0
0
0
0
0
0
0
0
0
0
0
0
0
0
0
0
0
0
0
0
0
0
0
0
0
0
0
0
0
0
0
0
0
0
0
0
0
0
0
0
0
0
0
0
0
0
0
0
0
0
0
0
0
0
0
0
0
0
0
0
0
0
0
0
0
0
0
0
0
0
0
0
0
0
0
0
0
0
0
0
0
0
0
0
0
0
0
0
0
0
0
0
0
0
0
0
0
0
0
0
0
0
0
0
0
0
0
0
0
0
0
0
0
0
0
0
0
0
0
0
0
0
0
0
0
0
0
0
0
0
0
0
0
0
0
0
0
0
0
0
0
0
0
0
0
0
0
0
0
0
0
0
0
0
0
0
0
0
0
0
0
0
0
0
0
0
0
0
0
0
0
0
0
0
0
0
0
0
0
0
0
0
0
0
0
0
0
0
0
0
0
0
0
0
0
0
0
0
0
0
0
0
0
0
0
0
0
0
0
0
0
0
0
0
0
0
0
0
0
0
0
0
0
0
0
0
0
0
0
0
0
0
0
0
0
0
0
0
0
0
0
0
0
0
0
0
0
0
0
0
0
0
0
0
0
0
0
0
0
0
0
0
0
0
0
0
0
0
0
0
0
0
0
0
0
0
0
0
0
0
0
0
0
0
0
0
0
0
0
0
0
0
0
0
0
0
0
0
0
0
0
0
0
0
0
0
0
0
0
0
0
0
0
0
0
0
0
0
0
0
0
0
0
0
0
0
0
0
0
0
0
0
0
0
0
0
0
0
0
0
0
0
0
0
0
0
0
0
0
0
0
0
0
0
0
0
0
0
0
0
0
0
0
0
0
0
0
0
0
0
0
0
0
0
0
0
0
0
0
0
0
0
0
0
0
0
0
0
0
0
0
0
0
0
0
0
0
0
0
0
0
0
0
0
0
0
0
0
0
0
0
0
0
0
0
0
0
0
0
0
0
0
0
0
0
0
0
0
0
0
0
0
0
0
0
0
0
0
0
0
0
0
0
0
0
0
0
0
0
0
0
0
0
0
0
0
0
0
0
0
0
0
0
0
0
0
0
0
0
0
0
0
0
0
0
0
0
0
0
0
0
0
0
0
0
0
0
0
0
0
0
0
0
0
0
0
0
0
0
0
0
0
0
0
0
0
0
0
0
0
0
0
0
0
0
0
0
0
0
0
0
0
0
0
0
0
0
0
0
0
0
0
0
0
0
0
0
0
0
0
0
0
0
0
0
0
0
0
0
0
0
0
0
0
0
0
0
0
0
0
0
0
0
0
0
0
0
0
0
0
0
0
0
0
0
0
0
0
0
0
0
0
0
0
0
0
0
0
0
0
0
0
0
0
0
0
0
0
0
0
0
0
0
0
0
0
0
0
0
0
0
0
0
0
0
0
0
0
0
0
0
0
0
0
0
0
0
0
0
0
0
0
0
0
0
0
0
0
0
0
0
0
0
0
0
0
0
0
0
0
0
0
0
0
0
0
0
0
0
0
0
0
0
0
0
0
0
0
0
0
0
0
0
0
0
0
0
0
0
0
0
0
0
0
0
0
0
0
0
0
0
0
0
0
0
0
0
0
0
0
0
0
0
0
0
0
0
0
0
0
0
0
0
0
0
0
0
0
0
0
0
0
0
0
0
0
0
0
0
0
0
0
0
0
0
0
0
0
0
0
0
0
0
0
0
0
0
0
0
0
0
0
0
0
0
0
0
0
0
0
0
0
0
0
0
0
0
0
0
0
0
0
0
0
0
0
0
0
0
0
0
0
0
0
0
0
0
0
0
0
0
0
0
0
0
0
0
0
0
0
0
0
0
0
0
0
0
0
0
0
0
0
0
0
0
0
0
0
0
0
0
0
0
0
0
0
0
0
0
0
0
0
0
0
0
0
0
0
0
0
0
0
0
0
0
0
0
0
0
0
0
0
0
0
0
0
0
0
0
0
0
0
0
0
0
0
0
0
0
0
0
0
0
0
0
0
0
0
0
0
0
0
0
0
0
0
0
0
0
0
0
0
0
0
0
0
0
0
0
0
0
0
0
0
0
0
0
0
0
0
0
0
0
0
0
0
0
0
0
0
0
0
0
0
0
0
0
0
0
0
0
0
0
0
0
0
0
0
0
0
0
0
0
0
0
0
0
0
0
0
0
0
0
0
0
0
0
0
0
0
0
0
0
0
0
0
0
0
0
0
0
0
0
0
0
0
0
0
0
0
0
0
0
0
0
0
0
0
0
0
0
0
0
0
0
0
0
0
0
0
0
0
0
0
0
0
0
0
0
0
0
0
0
0
0
0
0
0
0
0
0
0
0
0
0
0
0
0
0
0
0
0
0
0
0
0
0
0
0
0
0
0
0
0
0
0
0
0
0
0
0
0
0
0
0
0
0
0
0
0
0
0
0
0
0
0
0
0
0
0
0
0
0
0
0
0
0
0
0
0
0
0
0
0
0
0
0
0
0
0
0
0
0
0
0
0
0
0
0
0
0
0
0
0
0
0
0
0
0
0
0
0
0
0
0
0
0
0
0
0
0
0
0
0
0
0
0
0
0
0
0
0
0
0
0
0
0
0
0
0
0
0
0
0
0
0
0
0
0
0
0
0
0
0
0
0
0
0
0
0
0
0
0
0
0
0
0
0
0
0
0
0
0
0
0
0
0
0
0
0
0
0
0
0
0
0
0
0
0
0
0
0
0
0
0
0
0
0
0
0
0
0
0
0
0
0
0
0
0
0
0
0
0
0
0
0
0
0
0
0
0
0
0
0
0
0
0
0
0
0
0
0
0
0
0
0
0
0
0
0
0
0
0
0
0
0
0
0
0
0
0
0
0
0
0
0
0
0
0
0
0
0
0
0
0
0
0
0
0
0
0
0
0
0
0
0
0
0
0
0
0
0
0
0
0
0
0
0
0
0
0
0
0
0
0
0
0
0
0
0
0
0
0
0
0
0
0
0
0
0
0
0
0
0
0
0
0
0
0
0
0
0
0
0
0
0
0
0
0
0
0
0
0
0
0
0
0
0
0
0
0
0
0
0
0
0
0
0
0
0
0
0
0
0
0
0
0
0
0
0
0
0
0
0
0
0
0
0
0
0
0
0
0
0
0
0
0
0
0
0
0
0
0
0
0
0
0
0
0
0
0
0
0
0
0
0
0
0
0
0
0
0
0
0
0
0
0
0
0
0
0
0
0
0
0
0
0
0
0
0
0
0
0
0
0
0
0
0
0
0
0
0
0
0
0
0
0
0
0
0
0
0
0
0
0
0
0
0
0
0
0
0
0
0
0
0
0
0
0
0
0
0
0
0
0
0
0
0
0
0
0
0
0
0
0
0
0
0
0
0
0
0
0
0
0
0
0
0
0
0
0
0
0
0
0
0
0
0
0
0
0
0
0
0
0
0
0
0
0
0
0
0
0
0
0
0
0
0
0
0
0
0
0
0
0
0
0
0
0
0
0
0
0
0
0
0
0
0
0
0
0
0
0
0
0
0
0
0
0
0
0
0
0
0
0
0
0
0
0
0
0
0
0
0
0
0
0
0
0
0
0
0
0
0
0
0
0
0
0
0
0
0
0
0
0
0
0
0
0
0
0
0
0
0
0
0
0
0
0
0
0
0
0
0
0
0
0
0
0
0
0
0
0
0
0
0
0
0
0
0
0
0
0
0
0
0
0
0
0
0
0
0
0
0
0
0
0
0
0
0
0
0
0
0
0
0
0
0
0
0
0
0
0
0
0
0
0
0
0
0
0
0
0
0
0
0
0
0
0
0
0
0
0
0
0
0
0
0
0
0
0
0
0
0
0
0
0
0
0
0
0
0
0
0
0
0
0
0
0
0
0
0
0
0
0
0
0
0
0
0
0
0
0
0
0
0
0
0
0
0
0
0
0
0
0
0
0
0
0
0
0
0
0
0
0
0
0
0
0
0
0
0
0
0
0
0
0
0
0
0
0
0
0
0
0
0
0
0
0
0
0
0
0
0
0
0
0
0
0
0
0
0
0
0
0
0
0
0
0
0
0
0
0
0
0
0
0
0
0
0
0
0
0
0
0
0
0
0
0
0
0
0
0
0
0
0
0
0
0
0
0
0
0
0
0
0
0
0
0
0
0
0
0
0
0
0
0
0
0
0
0
0
0
0
0
0
0
0
0
0
0
0
0
0
0
0
0
0
0
0
0
0
0
0
0
0
0
0
0
0
0
0
0
0
0
0
0
0
0
0
0
0
0
0
0
0
0
0
0
0
0
0
0
0
0
0
0
0
0
0
0
0
0
0
0
0
0
0
0
0
0
0
0
0
0
0
0
0
0
0
0
0
0
0
0
0
0
0
0
0
0
0
0
0
0
0
0
0
0
0
0
0
0
0
0
0
0
0
0
0
0
0
0
0
0
0
0
0
0
0
0
0
0
0
0
0
0
0
0
0
0
0
0
0
0
0
0
0
0
0
0
0
0
0
0
0
0
0
0
0
0
0
0
0
0
0
0
0
0
0
0
0
0
0
0
0
0
0
0
0
0
0
0
0
0
0
0
0
0
0
0
0
0
0
0
0
0
0
0
0
0
0
0
0
0
0
0
0
0
0
0
0
0
0
0
0
0
0
0
0
0
0
0
0
0
0
0
0
0
0
0
0
0
0
0
0
0
0
0
0
0
0
0
0
0
0
0
0
0
0
0
0
0
0
0
0
0
0
0
0
0
0
0
0
0
0
0
0
0
0
0
0
0
0
0
0
0
0
0
0
0
0
0
0
0
0
0
0
0
0
0
0
0
0
0
0
0
0
0
0
0
0
0
0
0
0
0
0
0
0
0
0
0
0
0
0
0
0
0
0
0
0
0
0
0
0
0
0
0
0
0
0
0
0
0
0
0
0
0
0
0
0
0
0
0
0
0
0
0
0
0
0
0
0
0
0
0
0
0
0
0
0
0
0
0
0
0
0
0
0
0
0
0
0
0
0
0
0
0
0
0
0
0
0
0
0
0
0
0
0
0
0
0
0
0
0
0
0
0
0
0
0
0
0
0
0
0
0
0
0
0
0
0
0
0
0
0
0
0
0
0
0
0
0
0
0
0
0
0
0
0
0
0
0
0
0
0
0
0
0
0
0
0
0
0
0
0
0
0
0
0
0
0
0
0
0
0
0
0
0
0
0
0
0
0
0
0
0
0
0
0
0
0
0
0
0
0
0
0
0
0
0
0
0
0
0
0
0
0
0
0
0
0
0
0
0
0
0
0
0
0
0
0
0
0
0
0
0
0
0
0
0
0
0
0
0
0
0
0
0
0
0
0
0
0
0
0
0
0
0
0
0
0
0
0
0
0
0
0
0
0
0
0
0
0
0
0
0
0
0
0
0
0
0
0
0
0
0
0
0
0
0
0
0
0
0
0
0
0
0
0
0
0
0
0
0
0
0
0
0
0
0
0
0
0
0
0
0
0
0
0
0
0
0
0
0
0
0
0
0
0
0
0
0
0
0
0
0
0
0
0
0
0
0
0
0
0
0
0
0
0
0
0
0
0
0
0
0
0
0
0
0
0
0
0
0
0
0
0
0
0
0
0
0
0
0
0
0
0
0
0
0
0
0
0
0
0
0
0
0
0
0
0
0
0
0
0
0
0
0
0
0
0
0
0
0
0
0
0
0
0
0
0
0
0
0
0
0
0
0
0
0
0
0
0
0
0
0
0
0
0
0
0
0
0
0
0
0
0
0
0
0
0
0
0
0
0
0
0
0
0
0
0
0
0
0
0
0
0
0
0
0
0
0
0
0
0
0
0
0
0
0
0
0
0
0
0
0
0
0
0
0
0
0
0
0
0
0
0
0
0
0
0
0
0
0
0
0
0
0
0
0
0
0
0
0
0
0
0
0
0
0
0
0
0
0
0
0
0
0
0
0
0
0
0
0
0
0
0
0
0
0
0
0
0
0
0
0
0
0
0
0
0
0
0
0
0
0
0
0
0
0
0
0
0
0
0
0
0
0
0
0
0
0
0
0
0
0
0
0
0
0
0
0
0
0
0
0
0
0
0
0
0
0
0
0
0
0
0
0
0
0
0
0
0
0
0
0
0
0
0
0
0
0
0
0
0
0
0
0
0
0
0
0
0
0
0
0
0
0
0
0
0
0
0
0
0
0
0
0
0
0
0
0
0
0
0
0
0
0
0
0
0
0
0
0
0
0
0
0
0
0
0
0
0
0
0
0
0
0
0
0
0
0
0
0
0
0
0
0
0
0
0
0
0
0
0
0
0
0
0
0
0
0
0
0
0
0
0
0
0
0
0
0
0
0
0
0
0
0
0
0
0
0
0
0
0
0
0
0
0
0
0
0
0
0
0
0
0
0
0
0
0
0
0
0
0
0
0
0
0
0
0
0
0
0
0
0
0
0
0
0
0
0
0
0
0
0
0
0
0
0
0
0
0
0
0
0
0
0
0
0
0
0
0
0
0
0
0
0
0
0
0
0
0
0
0
0
0
0
0
0
0
0
0
0
0
0
0
0
0
0
0
0
0
0
0
0
0
0
0
0
0
0
0
0
0
0
0
0
0
0
0
0
0
0
0
0
0
0
0
0
0
0
0
0
0
0
0
0
0
0
0
0
0
0
0
0
0
0
0
0
0
0
0
0
0
0
0
0
0
0
0
0
0
0
0
0
0
0
0
0
0
0
0
0
0
0
0
0
0
0
0
0
0
0
0
0
0
0
0
0
0
0
0
0
0
0
0
0
0
0
0
0
0
0
0
0
0
0
0
0
0
0
0
0
0
0
0
0
0
0
0
0
0
0
0
0
0
0
0
0
0
0
0
0
0
0
0
0
0
0
0
0
0
0
0
0
0
0
0
0
0
0
0
0
0
0
0
0
0
0
0
0
0
0
0
0
0
0
0
0
0
0
0
0
0
0
0
0
0
0
0
0
0
0
0
0
0
0
0
0
0
0
0
0
0
0
0
0
0
0
0
0
0
0
0
0
0
0
0
0
0
0
0
0
0
0
0
0
0
0
0
0
0
0
0
0
0
0
0
0
0
0
0
0
0
0
0
0
0
0
0
0
0
0
0
0
0
0
0
0
0
0
0
0
0
0
0
0
0
0
0
0
0
0
0
0
0
0
0
0
0
0
0
0
0
0
0
0
0
0
0
0
0
0
0
0
0
0
0
0
0
0
0
0
0
0
0
0
0
0
0
0
0
0
0
0
0
0
0
0
0
0
0
0
0
0
0
0
0
0
0
0
0
0
0
0
0
0
0
0
0
0
0
0
0
0
0
0
0
0
0
0
0
0
0
0
0
0
0
0
0
0
0
0
0
0
0
0
0
0
0
0
0
0
0
0
0
0
0
0
0
0
0
0
0
0
0
0
0
0
0
0
0
0
0
0
0
0
0
0
0
0
0
0
0
0
0
0
0
0
0
0
0
0
0
0
0
0
0
0
0
0
0
0
0
0
0
0
0
0
0
0
0
0
0
0
0
0
0
0
0
0
0
0
0
0
0
0
0
0
0
0
0
0
0
0
0
0
0
0
0
0
0
0
0
0
0
0
0
0
0
0
0
0
0
0
0
0
0
0
0
0
0
0
0
0
0
0
0
0
0
0
0
0
0
0
0
0
0
0
0
0
0
0
0
0
0
0
0
0
0
0
0
0
0
0
0
0
0
0
0
0
0
0
0
0
0
0
0
0
0
0
0
0
0
0
0
0
0
0
0
0
0
0
0
0
0
0
0
0
0
0
0
0
0
0
0
0
0
0
0
0
0
0
0
0
0
0
0
0
0
0
0
0
0
0
0
0
0
0
0
0
0
0
0
0
0
0
0
0
0
0
0
0
0
0
0
0
0
0
0
0
0
0
0
0
0
0
0
0
0
0
0
0
0
0
0
0
0
0
0
0
0
0
0
0
0
0
0
0
0
0
0
0
0
0
0
0
0
0
0
0
0
0
0
0
0
0
0
0
0
0
0
0
0
0
0
0
0
0
0
0
0
0
0
0
0
0
0
0
0
0
0
0
0
0
0
0
0
0
0
0
0
0
0
0
0
0
0
0
0
0
0
0
0
0
0
0
0
0
0
0
0
0
0
0
0
0
0
0
0
0
0
0
0
0
0
0
0
0
0
0
0
0
0
0
0
0
0
0
0
0
0
0
0
0
0
0
0
0
0
0
0
0
0
0
0
0
0
0
0
0
0
0
0
0
0
0
0
0
0
0
0
0
0
0
0
0
0
0
0
0
0
0
0
0
0
0
0
0
0
0
0
0
0
0
0
0
0
0
0
0
0
0
0
0
0
0
0
0
0
0
0
0
0
0
0
0
0
0
0
0
0
0
0
0
0
0
0
0
0
0
0
0
0
0
0
0
0
0
0
0
0
0
0
0
0
0
0
0
0
0
0
0
0
0
0
0
0
0
0
0
0
0
0
0
0
0
0
0
0
0
0
0
0
0
0
0
0
0
0
0
0
0
0
0
0
0
0
0
0
0
0
0
0
0
0
0
0
0
0
0
0
0
0
0
0
0
0
0
0
0
0
0
0
0
0
0
0
0
0
0
0
0
0
0
0
0
0
0
0
0
0
0
0
0
0
0
0
0
0
0
0
0
0
0
0
0
0
0
0
0
0
0
0
0
0
0
0
0
0
0
0
0
0
0
0
0
0
0
0
0
0
0
0
0
0
0
0
0
0
0
0
0
0
0
0
0
0
0
0
0
0
0
0
0
0
0
0
0
0
0
0
0
0
0
0
0
0
0
0
0
0
0
0
0
0
0
0
0
0
0
0
0
0
0
0
0
0
0
0
0
0
0
0
0
0
0
0
0
0
0
0
0
0
0
0
0
0
0
0
0
0
0
0
0
0
0
0
0
0
0
0
0
0
0
0
0
0
0
0
0
0
0
0
0
0
0
0
0
0
0
0
0
0
0
0
0
0
0
0
0
0
0
0
0
0
0
0
0
0
0
0
0
0
0
0
0
0
0
0
0
0
0
0
0
0
0
0
0
0
0
0
0
0
0
0
0
0
0
0
0
0
0
0
0
0
0
0
0
0
0
0
0
0
0
0
0
0
0
0
0
0
0
0
0
0
0
0
0
0
0
0
0
0
0
0
0
0
0
0
0
0
0
0
0
0
0
0
0
0
0
0
0
0
0
0
0
0
0
0
0
0
0
0
0
0
0
0
0
0
0
0
0
0
0
0
0
0
0
0
0
0
0
0
0
0
0
0
0
0
0
0
0
0
0
0
0
0
0
0
0
0
0
0
0
0
0
0
0
0
0
0
0
0
0
0
0
0
0
0
0
0
0
0
0
0
0
0
0
0
0
0
0
0
0
0
0
0
0
0
0
0
0
0
0
0
0
0
0
0
0
0
0
0
0
0
0
0
0
0
0
0
0
0
0
0
0
0
0
0
0
0
0
0
0
0
0
0
0
0
0
0
0
0
0
0
0
0
0
0
0
0
0
0
0
0
0
0
0
0
0
0
0
0
0
0
0
0
0
0
0
0
0
0
0
0
0
0
0
0
0
0
0
0
0
0
0
0
0
0
0
0
0
0
0
0
0
0
0
0
0
0
0
0
0
0
0
0
0
0
0
0
0
0
0
0
0
0
0
0
0
0
0
0
0
0
0
0
0
0
0
0
0
0
0
0
0
0
0
0
0
0
0
0
0
0
0
0
0
0
0
0
0
0
0
0
0
0
0
0
0
0
0
0
0
0
0
0
0
0
0
0
0
0
0
0
0
0
0
0
0
0
0
0
0
0
0
0
0
0
0
0
0
0
0
0
0
0
0
0
0
0
0
0
0
0
0
0
0
0
0
0
0
0
0
0
0
0
0
0
0
0
0
0
0
0
0
0
0
0
0
0
0
0
0
0
0
0
0
0
0
0
0
0
0
0
0
0
0
0
0
0
0
0
0
0
0
0
0
0
0
0
0
0
0
0
0
0
0
0
0
0
0
0
0
0
0
0
0
0
0
0
0
0
0
0
0
0
0
0
0
0
0
0
0
0
0
0
0
0
0
0
0
0
0
0
0
0
0
0
0
0
0
0
0
0
0
0
0
0
0
0
0
0
0
0
0
0
0
0
0
0
0
0
0
0
0
0
0
0
0
0
0
0
0
0
0
0
0
0
0
0
0
0
0
0
0
0
0
0
0
0
0
0
0
0
0
0
0
0
0
0
0
0
0
0
0
0
0
0
0
0
0
0
0
0
0
0
0
0
0
0
0
0
0
0
0
0
0
0
0
0
0
0
0
0
0
0
0
0
0
0
0
0
0
0
0
0
0
0
0
0
0
0
0
0
0
0
0
0
0
0
0
0
0
0
0
0
0
0
0
0
0
0
0
0
0
0
0
0
0
0
0
0
0
0
0
0
0
0
0
0
0
0
0
0
0
0
0
0
0
0
0
0
0
0
0
0
0
0
0
0
0
0
0
0
0
0
0
0
0
0
0
0
0
0
0
0
0
0
0
0
0
0
0
0
0
0
0
0
0
0
0
0
0
0
0
0
0
0
0
0
0
0
0
0
0
0
0
0
0
0
0
0
0
0
0
0
0
0
0
0
0
0
0
0
0
0
0
0
0
0
0
0
0
0
0
0
0
0
0
0
0
0
0
0
0
0
0
0
0
0
0
0
0
0
0
0
0
0
0
0
0
0
0
0
0
0
0
0
0
0
0
0
0
0
0
0
0
0
0
0
0
0
0
0
0
0
0
0
0
0
0
0
0
0
0
0
0
0
0
0
0
0
0
0
0
0
0
0
0
0
0
0
0
0
0
0
0
0
0
0
0
0
0
0
0
0
0
0
0
0
0
0
0
0
0
0
0
0
0
0
0
0
0
0
0
0
0
0
0
0
0
0
0
0
0
0
0
0
0
0
0
0
0
0
0
0
0
0
0
0
0
0
0
0
0
0
0
0
0
0
0
0
0
0
0
0
0
0
0
0
0
0
0
0
0
0
0
0
0
0
0
0
0
0
0
0
0
0
0
0
0
0
0
0
0
0
0
0
0
0
0
0
0
0
0
0
0
0
0
0
0
0
0
0
0
0
0
0
0
0
0
0
0
0
0
0
0
0
0
0
0
0
0
0
0
0
0
0
0
0
0
0
0
0
0
0
0
0
0
0
0
0
0
0
0
0
0
0
0
0
0
0
0
0
0
0
0
0
0
0
0
0
0
0
0
0
0
0
0
0
0
0
0
0
0
0
0
0
0
0
0
0
0
0
0
0
0
0
0
0
0
0
0
0
0
0
0
0
0
0
0
0
0
0
0
0
0
0
0
0
0
0
0
0
0
0
0
0
0
0
0
0
0
0
0
0
0
0
0
0
0
0
0
0
0
0
0
0
0
0
0
0
0
0
0
0
0
0
0
0
0
0
0
0
0
0
0
0
0
0
0
0
0
0
0
0
0
0
0
0
0
0
0
0
0
0
0
0
0
0
0
0
0
0
0
0
0
0
0
0
0
0
0
0
0
0
0
0
0
0
0
0
0
0
0
0
0
0
0
0
0
0
0
0
0
0
0
0
0
0
0
0
0
0
0
0
0
0
0
0
0
0
0
0
0
0
0
0
0
0
0
0
0
0
0
0
0
0
0
0
0
0
0
0
0
0
0
0
0
0
0
0
0
0
0
0
0
0
0
0
0
0
0
0
0
0
0
0
0
0
0
0
0
0
0
0
0
0
0
0
0
0
0
0
0
0
0
0
0
0
0
0
0
0
0
0
0
0
0
0
0
0
0
0
0
0
0
0
0
0
0
0
0
0
0
0
0
0
0
0
0
0
0
0
0
0
0
0
0
0
0
0
0
0
0
0
0
0
0
0
0
0
0
0
0
0
0
0
0
0
0
0
0
0
0
0
0
0
0
0
0
0
0
0
0
0
0
0
0
0
0
0
0
0
0
0
0
0
0
0
0
0
0
0
0
0
0
0
0
0
0
0
0
0
0
0
0
0
0
0
0
0
0
0
0
0
0
0
0
0
0
0
0
0
0
0
0
0
0
0
0
0
0
0
0
0
0
0
0
0
0
0
0
0
0
0
0
0
0
0
0
0
0
0
0
0
0
0
0
0
0
0
0
0
0
0
0
0
0
0
0
0
0
0
0
0
0
0
0
0
0
0
0
0
0
0
0
0
0
0
0
0
0
0
0
0
0
0
0
0
0
0
0
0
0
0
0
0
0
0
0
0
0
0
0
0
0
0
0
0
0
0
0
0
0
0
0
0
0
0
0
0
0
0
0
0
0
0
0
0
0
0
0
0
0
0
0
0
0
0
0
0
0
0
0
0
0
0
0
0
0
0
0
0
0
0
0
0
0
0
0
0
0
0
0
0
0
0
0
0
0
0
0
0
0
0
0
0
0
0
0
0
0
0
0
0
0
0
0
0
0
0
0
0
0
0
0
0
0
0
0
0
0
0
0
0
0
0
0
0
0
0
0
0
0
0
0
0
0
0
0
0
0
0
0
0
0
0
0
0
0
0
0
0
0
0
0
0
0
0
0
0
0
0
0
0
0
0
0
0
0
0
0
0
0
0
0
0
0
0
0
0
0
0
0
0
0
0
0
0
0
0
0
0
0
0
0
0
0
0
0
0
0
0
0
0
0
0
0
0
0
0
0
0
0
0
0
0
0
0
0
0
0
0
0
0
0
0
0
0
0
0
0
0
0
0
0
0
0
0
0
0
0
0
0
0
0
0
0
0
0
0
0
0
0
0
0
0
0
0
0
0
0
0
0
0
0
0
0
0
0
0
0
0
0
0
0
0
0
0
0
0
0
0
0
0
0
0
0
0
0
0
0
0
0
0
0
0
0
0
0
0
0
0
0
0
0
0
0
0
0
0
0
0
0
0
0
0
0
0
0
0
0
0
0
0
0
0
0
0
0
0
0
0
0
0
0
0
0
0
0
0
0
0
0
0
0
0
0
0
0
0
0
0
0
0
0
0
0
0
0
0
0
0
0
0
0
0
0
0
0
0
0
0
0
0
0
0
0
0
0
0
0
0
0
0
0
0
0
0
0
0
0
0
0
0
0
0
0
0
0
0
0
0
0
0
0
0
0
0
0
0
0
0
0
0
0
0
0
0
0
0
0
0
0
0
0
0
0
0
0
0
0
0
0
0
0
0
0
0
0
0
0
0
0
0
0
0
0
0
0
0
0
0
0
0
0
0
0
0
0
0
0
0
0
0
0
0
0
0
0
0
0
0
0
0
0
0
0
0
0
0
0
0
0
0
0
0
0
0
0
0
0
0
0
0
0
0
0
0
0
0
0
0
0
0
0
0
0
0
0
0
0
0
0
0
0
0
0
0
0
0
0
0
0
0
0
0
0
0
0
0
0
0
0
0
0
0
0
0
0
0
0
0
0
0
0
0
0
0
0
0
0
0
0
0
0
0
0
0
0
0
0
0
0
0
0
0
0
0
0
0
0
0
0
0
0
0
0
0
0
0
0
0
0
0
0
0
0
0
0
0
0
0
0
0
0
0
0
0
0
0
0
0
0
0
0
0
0
0
0
0
0
0
0
0
0
0
0
0
0
0
0
0
0
0
0
0
0
0
0
0
0
0
0
0
0
0
0
0
0
0
0
0
0
0
0
0
0
0
0
0
0
0
0
0
0
0
0
0
0
0
0
0
0
0
0
0
0
0
0
0
0
0
0
0
0
0
0
0
0
0
0
0
0
0
0
0
0
0
0
0
0
0
0
0
0
0
0
0
0
0
0
0
0
0
0
0
0
0
0
0
0
0
0
0
0
0
0
0
0
0
0
0
0
0
0
0
0
0
0
0
0
0
0
0
0
0
0
0
0
0
0
0
0
0
0
0
0
0
0
0
0
0
0
0
0
0
0
0
0
0
0
0
0
0
0
0
0
0
0
0
0
0
0
0
0
0
0
0
0
0
0
0
0
0
0
0
0
0
0
0
0
0
0
0
0
0
0
0
0
0
0
0
0
0
0
0
0
0
0
0
0
0
0
0
0
0
0
0
0
0
0
0
0
0
0
0
0
0
0
0
0
0
0
0
0
0
0
0
0
0
0
0
0
0
0
0
0
0
0
0
0
0
0
0
0
0
0
0
0
0
0
0
0
0
0
0
0
0
0
0
0
0
0
0
0
0
0
0
0
0
0
0
0
0
0
0
0
0
0
0
0
0
0
0
0
0
0
0
0
0
0
0
0
0
0
0
0
0
0
0
0
0
0
0
0
0
0
0
0
0
0
0
0
0
0
0
0
0
0
0
0
0
0
0
0
0
0
0
0
0
0
0
0
0
0
0
0
0
0
0
0
0
0
0
0
0
0
0
0
0
0
0
0
0
0
0
0
0
0
0
0
0
0
0
0
0
0
0
0
0
0
0
0
0
0
0
0
0
0
0
0
0
0
0
0
0
0
0
0
0
0
0
0
0
0
0
0
0
0
0
0
0
0
0
0
0
0
0
0
0
0
0
0
0
0
0
0
0
0
0
0
0
0
0
0
0
0
0
0
0
0
0
0
0
0
0
0
0
0
0
0
0
0
0
0
0
0
0
0
0
0
0
0
0
0
0
0
0
0
0
0
0
0
0
0
0
0
0
0
0
0
0
0
0
0
0
0
0
0
0
0
0
0
0
0
0
0
0
0
0
0
0
0
0
0
0
0
0
0
0
0
0
0
0
0
0
0
0
0
0
0
0
0
0
0
0
0
0
0
0
0
0
0
0
0
0
0
0
0
0
0
0
0
0
0
0
0
0
0
0
0
0
0
0
0
0
0
0
0
0
0
0
0
0
0
0
0
0
0
0
0
0
0
0
0
0
0
0
0
0
0
0
0
0
0
0
0
0
0
0
0
0
0
0
0
0
0
0
0
0
0
0
0
0
0
0
0
0
0
0
0
0
0
0
0
0
0
0
0
0
0
0
0
0
0
0
0
0
0
0
0
0
0
0
0
0
0
0
0
0
0
0
0
0
0
0
0
0
0
0
0
0
0
0
0
0
0
0
0
0
0
0
0
0
0
0
0
0
0
0
0
0
0
0
0
0
0
0
0
0
0
0
0
0
0
0
0
0
0
0
0
0
0
0
0
0
0
0
0
0
0
0
0
0
0
0
0
0
0
0
0
0
0
0
0
0
0
0
0
0
0
0
0
0
0
0
0
0
0
0
0
0
0
0
0
0
0
0
0
0
0
0
0
0
0
0
0
0
0
0
0
0
0
0
0
0
0
0
0
0
0
0
0
0
0
0
0
0
0
0
0
0
0
0
0
0
0
0
0
0
0
0
0
0
0
0
0
0
0
0
0
0
0
0
0
0
0
0
0
0
0
0
0
0
0
0
0
0
0
0
0
0
0
0
0
0
0
0
0
0
0
0
0
0
0
0
0
0
0
0
0
0
0
0
0
0
0
0
0
0
0
0
0
0
0
0
0
0
0
0
0
0
0
0
0
0
0
0
0
0
0
0
0
0
0
0
0
0
0
0
0
0
0
0
0
0
0
0
0
0
0
0
0
0
0
0
0
0
0
0
0
0
0
0
0
0
0
0
0
0
0
0
0
0
0
0
0
0
0
0
0
0
0
0
0
0
0
0
0
0
0
0
0
0
0
0
0
0
0
0
0
0
0
0
0
0
0
0
0
0
0
0
0
0
0
0
0
0
0
0
0
0
0
0
0
0
0
0
0
0
0
0
0
0
0
0
0
0
0
0
0
0
0
0
0
0
0
0
0
0
0
0
0
0
0
0
0
0
0
0
0
0
0
0
0
0
0
0
0
0
0
0
0
0
0
0
0
0
0
0
0
0
0
0
0
0
0
0
0
0
0
0
0
0
0
0
0
0
0
0
0
0
0
0
0
0
0
0
0
0
0
0
0
0
0
0
0
0
0
0
0
0
0
0
0
0
0
0
0
0
0
0
0
0
0
0
0
0
0
0
0
0
0
0
0
0
0
0
0
0
0
0
0
0
0
0
0
0
0
0
0
0
0
0
0
0
0
0
0
0
0
0
0
0
0
0
0
0
0
0
0
0
0
0
0
0
0
0
0
0
0
0
0
0
0
0
0
0
0
0
0
0
0
0
0
0
0
0
0
0
0
0
0
0
0
0
0
0
0
0
0
0
0
0
0
0
0
0
0
0
0
0
0
0
0
0
0
0
0
0
0
0
0
0
0
0
0
0
0
0
0
0
0
0
0
0
0
0
0
0
0
0
0
0
0
0
0
0
0
0
0
0
0
0
0
0
0
0
0
0
0
0
0
0
0
0
0
0
0
0
0
0
0
0
0
0
0
0
0
0
0
0
0
0
0
0
0
0
0
0
0
0
0
0
0
0
0
0
0
0
0
0
0
0
0
0
0
0
0
0
0
0
0
0
0
0
0
0
0
0
0
0
0
0
0
0
0
0
0
0
0
0
0
0
0
0
0
0
0
0
0
0
0
0
0
0
0
0
0
0
0
0
0
0
0
0
0
0
0
0
0
0
0
0
0
0
0
0
0
0
0
0
0
0
0
0
0
0
0
0
0
0
0
0
0
0
0
0
0
0
0
0
0
0
0
0
0
0
0
0
0
0
0
0
0
0
0
0
0
0
0
0
0
0
0
0
0
0
0
0
0
0
0
0
0
0
0
0
0
0
0
0
0
0
0
0
0
0
0
0
0
0
0
0
0
0
0
0
0
0
0
0
0
0
0
0
0
0
0
0
0
0
0
0
0
0
0
0
0
0
0
0
0
0
0
0
0
0
0
0
0
0
0
0
0
0
0
0
0
0
0
0
0
0
0
0
0
0
0
0
0
0
0
0
0
0
0
0
0
0
0
0
0
0
0
0
0
0
0
0
0
0
0
0
0
0
0
0
0
0
0
0
0
0
0
0
0
0
0
0
0
0
0
0
0
0
0
0
0
0
0
0
0
0
0
0
0
0
0
0
0
0
0
0
0
0
0
0
0
0
0
0
0
0
0
0
0
0
0
0
0
0
0
0
0
0
0
0
0
0
0
0
0
0
0
0
0
0
0
0
0
0
0
0
0
0
0
0
0
0
0
0
0
0
0
0
0
0
0
0
0
0
0
0
0
0
0
0
0
0
0
0
0
0
0
0
0
0
0
0
0
0
0
0
0
0
0
0
0
0
0
0
0
0
0
0
0
0
0
0
0
0
0
0
0
0
0
0
0
0
0
0
0
0
0
0
0
0
0
0
0
0
0
0
0
0
0
0
0
0
0
0
0
0
0
0
0
0
0
0
0
0
0
0
0
0
0
0
0
0
0
0
0
0
0
0
0
0
0
0
0
0
0
0
0
0
0
0
0
0
0
0
0
0
0
0
0
0
0
0
0
0
0
0
0
0
0
0
0
0
0
0
0
0
0
0
0
0
0
0
0
0
0
0
0
0
0
0
0
0
0
0
0
0
0
0
0
0
0
0
0
0
0
0
0
0
0
0
0
0
0
0
0
0
0
0
0
0
0
0
0
0
0
0
0
0
0
0
0
0
0
0
0
0
0
0
0
0
0
0
0
0
0
0
0
0
0
0
0
0
0
0
0
0
0
0
0
0
0
0
0
0
0
0
0
0
0
0
0
0
0
0
0
0
0
0
0
0
0
0
0
0
0
0
0
0
0
0
0
0
0
0
0
0
0
0
0
0
0
0
0
0
0
0
0
0
0
0
0
0
0
0
0
0
0
0
0
0
0
0
0
0
0
0
0
0
0
0
0
0
0
0
0
0
0
0
0
0
0
0
0
0
0
0
0
0
0
0
0
0
0
0
0
0
0
0
0
0
0
0
0
0
0
0
0
0
0
0
0
0
0
0
0
0
0
0
0
0
0
0
0
0
0
0
0
0
0
0
0
0
0
0
0
0
0
0
0
0
0
0
0
0
0
0
0
0
0
0
0
0
0
0
0
0
0
0
0
0
0
0
0
0
0
0
0
0
0
0
0
0
0
0
0
0
0
0
0
0
0
0
0
0
0
0
0
0
0
0
0
0
0
0
0
0
0
0
0
0
0
0
0
0
0
0
0
0
0
0
0
0
0
0
0
0
0
0
0
0
0
0
0
0
0
0
0
0
0
0
0
0
0
0
0
0
0
0
0
0
0
0
0
0
0
0
0
0
0
0
0
0
0
0
0
0
0
0
0
0
0
0
0
0
0
0
0
0
0
0
0
0
0
0
0
0
0
0
0
0
0
0
0
0
0
0
0
0
0
0
0
0
0
0
0
0
0
0
0
0
0
0
0
0
0
0
0
0
0
0
0
0
0
0
0
0
0
0
0
0
0
0
0
0
0
0
0
0
0
0
0
0
0
0
0
0
0
0
0
0
0
0
0
0
0
0
0
0
0
0
0
0
0
0
0
0
0
0
0
0
0
0
0
0
0
0
0
0
0
0
0
0
0
0
0
0
0
0
0
0
0
0
0
0
0
0
0
0
0
0
0
0
0
0
0
0
0
0
0
0
0
0
0
0
0
0
0
0
0
0
0
0
0
0
0
0
0
0
0
0
0
0
0
0
0
0
0
0
0
0
0
0
0
0
0
0
0
0
0
0
0
0
0
0
0
0
0
0
0
0
0
0
0
0
0
0
0
0
0
0
0
0
0
0
0
0
0
0
0
0
0
0
0
0
0
0
0
0
0
0
0
0
0
0
0
0
0
0
0
0
0
0
0
0
0
0
0
0
0
0
0
0
0
0
0
0
0
0
0
0
0
0
0
0
0
0
0
0
0
0
0
0
0
0
0
0
0
0
0
0
0
0
0
0
0
0
0
0
0
0
0
0
0
0
0
0
0
0
0
0
0
0
0
0
0
0
0
0
0
0
0
0
0
0
0
0
0
0
0
0
0
0
0
0
0
0
0
0
0
0
0
0
0
0
0
0
0
0
0
0
0
0
0
0
0
0
0
0
0
0
0
0
0
0
0
0
0
0
0
0
0
0
0
0
0
0
0
0
0
0
0
0
0
0
0
0
0
0
0
0
0
0
0
0
0
0
0
0
0
0
0
0
0
0
0
0
0
0
0
0
0
0
0
0
0
0
0
0
0
0
0
0
0
0
0
0
0
0
0
0
0
0
0
0
0
0
0
0
0
0
0
0
0
0
0
0
0
0
0
0
0
0
0
0
0
0
0
0
0
0
0
0
0
0
0
0
0
0
0
0
0
0
0
0
0
0
0
0
0
0
0
0
0
0
0
0
0
0
0
0
0
0
0
0
0
0
0
0
0
0
0
0
0
0
0
0
0
0
0
0
0
0
0
0
0
0
0
0
0
0
0
0
0
0
0
0
0
0
0
0
0
0
0
0
0
0
0
0
0
0
0
0
0
0
0
0
0
0
0
0
0
0
0
0
0
0
0
0
0
0
0
0
0
0
0
0
0
0
0
0
0
0
0
0
0
0
0
0
0
0
0
0
0
0
0
0
0
0
0
0
0
0
0
0
0
0
0
0
0
0
0
0
0
0
0
0
0
0
0
0
0
0
0
0
0
0
0
0
0
0
0
0
0
0
0
0
0
0
0
0
0
0
0
0
0
0
0
0
0
0
0
0
0
0
0
0
0
0
0
0
0
0
0
0
0
0
0
0
0
0
0
0
0
0
0
0
0
0
0
0
0
0
0
0
0
0
0
0
0
0
0
0
0
0
0
0
0
0
0
0
0
0
0
0
0
0
0
0
0
0
0
0
0
0
0
0
0
0
0
0
0
0
0
0
0
0
0
0
0
0
0
0
0
0
0
0
0
0
0
0
0
0
0
0
0
0
0
0
0
0
0
0
0
0
0
0
0
0
0
0
0
0
0
0
0
0
0
0
0
0
0
0
0
0
0
0
0
0
0
0
0
0
0
0
0
0
0
0
0
0
0
0
0
0
0
0
0
0
0
0
0
0
0
0
0
0
0
0
0
0
0
0
0
0
0
0
0
0
0
0
0
0
0
0
0
0
0
0
0
0
0
0
0
0
0
0
0
0
0
0
0
0
0
0
0
0
0
0
0
0
0
0
0
0
0
0
0
0
0
0
0
0
0
0
0
0
0
0
0
0
0
0
0
0
0
0
0
0
0
0
0
0
0
0
0
0
0
0
0
0
0
0
0
0
0
0
0
0
0
0
0
0
0
0
0
0
0
0
0
0
0
0
0
0
0
0
0
0
0
0
0
0
0
0
0
0
0
0
0
0
0
0
0
0
0
0
0
0
0
0
0
0
0
0
0
0
0
0
0
0
0
0
0
0
0
0
0
0
0
0
0
0
0
0
0
0
0
0
0
0
0
0
0
0
0
0
0
0
0
0
0
0
0
0
0
0
0
0
0
0
0
0
0
0
0
0
0
0
0
0
0
0
0
0
0
0
0
0
0
0
0
0
0
0
0
0
0
0
0
0
0
0
0
0
0
0
0
0
0
0
0
0
0
0
0
0
0
0
0
0
0
0
0
0
0
0
0
0
0
0
0
0
0
0
0
0
0
0
0
0
0
0
0
0
0
0
0
0
0
0
0
0
0
0
0
0
0
0
0
0
0
0
0
0
0
0
0
0
0
0
0
0
0
0
0
0
0
0
0
0
0
0
0
0
0
0
0
0
0
0
0
0
0
0
0
0
0
0
0
0
0
0
0
0
0
0
0
0
0
0
0
0
0
0
0
0
0
0
0
0
0
0
0
0
0
0
0
0
0
0
0
0
0
0
0
0
0
0
0
0
0
0
0
0
0
0
0
0
0
0
0
0
0
0
0
0
0
0
0
0
0
0
0
0
0
0
0
0
0
0
0
0
0
0
0
0
0
0
0
0
0
0
0
0
0
0
0
0
0
0
0
0
0
0
0
0
0
0
0
0
0
0
0
0
0
0
0
0
0
0
0
0
0
0
0
0
0
0
0
0
0
0
0
0
0
0
0
0
0
0
0
0
0
0
0
0
0
0
0
0
0
0
0
0
0
0
0
0
0
0
0
0
0
0
0
0
0
0
0
0
0
0
0
0
0
0
0
0
0
0
0
0
0
0
0
0
0
0
0
0
0
0
0
0
0
0
0
0
0
0
0
0
0
0
0
0
0
0
0
0
0
0
0
0
0
0
0
0
0
0
0
0
0
0
0
0
0
0
0
0
0
0
0
0
0
0
0
0
0
0
0
0
0
0
0
0
0
0
0
0
0
0
0
0
0
0
0
0
0
0
0
0
0
0
0
0
0
0
0
0
0
0
0
0
0
0
0
0
0
0
0
0
0
0
0
0
0
0
0
0
0
0
0
0
0
0
0
0
0
0
0
0
0
0
0
0
0
0
0
0
0
0
0
0
0
0
0
0
0
0
0
0
0
0
0
0
0
0
0
0
0
0
0
0
0
0
0
0
0
0
0
0
0
0
0
0
0
0
0
0
0
0
0
0
0
0
0
0
0
0
0
0
0
0
0
0
0
0
0
0
0
0
0
0
0
0
0
0
0
0
0
0
0
0
0
0
0
0
0
0
0
0
0
0
0
0
0
0
0
0
0
0
0
0
0
0
0
0
0
0
0
0
0
0
0
0
0
0
0
0
0
0
0
0
0
0
0
0
0
0
0
0
0
0
0
0
0
0
0
0
0
0
0
0
0
0
0
0
0
0
0
0
0
0
0
0
0
0
0
0
0
0
0
0
0
0
0
0
0
0
0
0
0
0
0
0
0
0
0
0
0
0
0
0
0
0
0
0
0
0
0
0
0
0
0
0
0
0
0
0
0
0
0
0
0
0
0
0
0
0
0
0
0
0
0
0
0
0
0
0
0
0
0
0
0
0
0
0
0
0
0
0
0
0
0
0
0
0
0
0
0
0
0
0
0
0
0
0
0
0
0
0
0
0
0
0
0
0
0
0
0
0
0
0
0
0
0
0
0
0
0
0
0
0
0
0
0
0
0
0
0
0
0
0
0
0
0
0
0
0
0
0
0
0
0
0
0
0
0
0
0
0
0
0
0
0
0
0
0
0
0
0
0
0
0
0
0
0
0
0
0
0
0
0
0
0
0
0
0
0
0
0
0
0
0
0
0
0
0
0
0
0
0
0
0
0
0
0
0
0
0
0
0
0
0
0
0
0
0
0
0
0
0
0
0
0
0
0
0
0
0
0
0
0
0
0
0
0
0
0
0
0
0
0
0
0
0
0
0
0
0
0
0
0
0
0
0
0
0
0
0
0
0
0
0
0
0
0
0
0
0
0
0
0
0
0
0
0
0
0
0
0
0
0
0
0
0
0
0
0
0
0
0
0
0
0
0
0
0
0
0
0
0
0
0
0
0
0
0
0
0
0
0
0
0
0
0
0
0
0
0
0
0
0
0
0
0
0
0
0
0
0
0
0
0
0
0
0
0
0
0
0
0
0
0
0
0
0
0
0
0
0
0
0
0
0
0
0
0
0
0
0
0
0
0
0
0
0
0
0
0
0
0
0
0
0
0
0
0
0
0
0
0
0
0
0
0
0
0
0
0
0
0
0
0
0
0
0
0
0
0
0
0
0
0
0
0
0
0
0
0
0
0
0
0
0
0
0
0
0
0
0
0
0
0
0
0
0
0
0
0
0
0
0
0
0
0
0
0
0
0
0
0
0
0
0
0
0
0
0
0
0
0
0
0
0
0
0
0
0
0
0
0
0
0
0
0
0
0
0
0
0
0
0
0
0
0
0
0
0
0
0
0
0
0
0
0
0
0
0
0
0
0
0
0
0
0
0
0
0
0
0
0
0
0
0
0
0
0
0
0
0
0
0
0
0
0
0
0
0
0
0
0
0
0
0
0
0
0
0
0
0
0
0
0
0
0
0
0
0
0
0
0
0
0
0
0
0
0
0
0
0
0
0
0
0
0
0
0
0
0
0
0
0
0
0
0
0
0
0
0
0
0
0
0
0
0
0
0
0
0
0
0
0
0
0
0
0
0
0
0
0
0
0
0
0
0
0
0
0
0
0
0
0
0
0
0
0
0
0
0
0
0
0
0
0
0
0
0
0
0
0
0
0
0
0
0
0
0
0
0
0
0
0
0
0
0
0
0
0
0
0
0
0
0
0
0
0
0
0
0
0
0
0
0
0
0
0
0
0
0
0
0
0
0
0
0
0
0
0
0
0
0
0
0
0
0
0
0
0
0
0
0
0
0
0
0
0
0
0
0
0
0
0
0
0
0
0
0
0
0
0
0
0
0
0
0
0
0
0
0
0
0
0
0
0
0
0
0
0
0
0
0
0
0
0
0
0
0
0
0
0
0
0
0
0
0
0
0
0
0
0
0
0
0
0
0
0
0
0
0
0
0
0
0
0
0
0
0
0
0
0
0
0
0
0
0
0
0
0
0
0
0
0
0
0
0
0
0
0
0
0
0
0
0
0
0
0
0
0
0
0
0
0
0
0
0
0
0
0
0
0
0
0
0
0
0
0
0
0
0
0
0
0
0
0
0
0
0
0
0
0
0
0
0
0
0
0
0
0
0
0
0
0
0
0
0
0
0
0
0
0
0
0
0
0
0
0
0
0
0
0
0
0
0
0
0
0
0
0
0
0
0
0
0
0
0
0
0
0
0
0
0
0
0
0
0
0
0
0
0
0
0
0
0
0
0
0
0
0
0
0
0
0
0
0
0
0
0
0
0
0
0
0
0
0
0
0
0
0
0
0
0
0
0
0
0
0
0
0
0
0
0
0
0
0
0
0
0
0
0
0
0
0
0
0
0
0
0
0
0
0
0
0
0
0
0
0
0
0
0
0
0
0
0
0
0
0
0
0
0
0
0
0
0
0
0
0
0
0
0
0
0
0
0
0
0
0
0
0
0
0
0
0
0
0
0
0
0
0
0
0
0
0
0
0
0
0
0
0
0
0
0
0
0
0
0
0
0
0
0
0
0
0
0
0
0
0
0
0
0
0
0
0
0
0
0
0
0
0
0
0
0
0
0
0
0
0
0
0
0
0
0
0
0
0
0
0
0
0
0
0
0
0
0
0
0
0
0
0
0
0
0
0
0
0
0
0
0
0
0
0
0
0
0
0
0
0
0
0
0
0
0
0
0
0
0
0
0
0
0
0
0
0
0
0
0
0
0
0
0
0
0
0
0
0
0
0
0
0
0
0
0
0
0
0
0
0
0
0
0
0
0
0
0
0
0
0
0
0
0
0
0
0
0
0
0
0
0
0
0
0
0
0
0
0
0
0
0
0
0
0
0
0
0
0
0
0
0
0
0
0
0
0
0
0
0
0
0
0
0
0
0
0
0
0
0
0
0
0
0
0
0
0
0
0
0
0
0
0
0
0
0
0
0
0
0
0
0
0
0
0
0
0
0
0
0
0
0
0
0
0
0
0
0
0
0
0
0
0
0
0
0
0
0
0
0
0
0
0
0
0
0
0
0
0
0
0
0
0
0
0
0
0
0
0
0
0
0
0
0
0
0
0
0
0
0
0
0
0
0
0
0
0
0
0
0
0
0
0
0
0
0
0
0
0
0
0
0
0
0
0
0
0
0
0
0
0
0
0
0
0
0
0
0
0
0
0
0
0
0
0
0
0
0
0
0
0
0
0
0
0
0
0
0
0
0
0
0
0
0
0
0
0
0
0
0
0
0
0
0
0
0
0
0
0
0
0
0
0
0
0
0
0
0
0
0
0
0
0
0
0
0
0
0
0
0
0
0
0
0
0
0
0
0
0
0
0
0
0
0
0
0
0
0
0
0
0
0
0
0
0
0
0
0
0
0
0
0
0
0
0
0
0
0
0
0
0
0
0
0
0
0
0
0
0
0
0
0
0
0
0
0
0
0
0
0
0
0
0
0
0
0
0
0
0
0
0
0
0
0
0
0
0
0
0
0
0
0
0
0
0
0
0
0
0
0
0
0
0
0
0
0
0
0
0
0
0
0
0
0
0
0
0
0
0
0
0
0
0
0
0
0
0
0
0
0
0
0
0
0
0
0
0
0
0
0
0
0
0
0
0
0
0
0
0
0
0
0
0
0
0
0
0
0
0
0
0
0
0
0
0
0
0
0
0
0
0
0
0
0
0
0
0
0
0
0
0
0
0
0
0
0
0
0
0
0
0
0
0
0
0
0
0
0
0
0
0
0
0
0
0
0
0
0
0
0
0
0
0
0
0
0
0
0
0
0
0
0
0
0
0
0
0
0
0
0
0
0
0
0
0
0
0
0
0
0
0
0
0
0
0
0
0
0
0
0
0
0
0
0
0
0
0
0
0
0
0
0
0
0
0
0
0
0
0
0
0
0
0
0
0
0
0
0
0
0
0
0
0
0
0
0
0
0
0
0
0
0
0
0
0
0
0
0
0
0
0
0
0
0
0
0
0
0
0
0
0
0
0
0
0
0
0
0
0
0
0
0
0
0
0
0
0
0
0
0
0
0
0
0
0
0
0
0
0
0
0
0
0
0
0
0
0
0
0
0
0
0
0
0
0
0
0
0
0
0
0
0
0
0
0
0
0
0
0
0
0
0
0
0
0
0
0
0
0
0
0
0
0
0
0
0
0
0
0
0
0
0
0
0
0
0
0
0
0
0
0
0
0
0
0
0
0
0
0
0
0
0
0
0
0
0
0
0
0
0
0
0
0
0
0
0
0
0
0
0
0
0
0
0
0
0
0
0
0
0
0
0
0
0
0
0
0
0
0
0
0
0
0
0
0
0
0
0
0
0
0
0
0
0
0
0
0
0
0
0
0
0
0
0
0
0
0
0
0
0
0
0
0
0
0
0
0
0
0
0
0
0
0
0
0
0
0
0
0
0
0
0
0
0
0
0
0
0
0
0
0
0
0
0
0
0
0
0
0
0
0
0
0
0
0
0
0
0
0
0
0
0
0
0
0
0
0
0
0
0
0
0
0
0
0
0
0
0
0
0
0
0
0
0
0
0
0
0
0
0
0
0
0
0
0
0
0
0
0
0
0
0
0
0
0
0
0
0
0
0
0
0
0
0
0
0
0
0
0
0
0
0
0
0
0
0
0
0
0
0
0
0
0
0
0
0
0
0
0
0
0
0
0
0
0
0
0
0
0
0
0
0
0
0
0
0
0
0
0
0
0
0
0
0
0
0
0
0
0
0
0
0
0
0
0
0
0
0
0
0
0
0
0
0
0
0
0
0
0
0
0
0
0
0
0
0
0
0
0
0
0
0
0
0
0
0
0
0
0
0
0
0
0
0
0
0
0
0
0
0
0
0
0
0
0
0
0
0
0
0
0
0
0
0
0
0
0
0
0
0
0
0
0
0
0
0
0
0
0
0
0
0
0
0
0
0
0
0
0
0
0
0
0
0
0
0
0
0
0
0
0
0
0
0
0
0
0
0
0
0
0
0
0
0
0
0
0
0
0
0
0
0
0
0
0
0
0
0
0
0
0
0
0
0
0
0
0
0
0
0
0
0
0
0
0
0
0
0
0
0
0
0
0
0
0
0
0
0
0
0
0
0
0
0
0
0
0
0
0
0
0
0
0
0
0
0
0
0
0
0
0
0
0
0
0
0
0
0
0
0
0
0
0
0
0
0
0
0
0
0
0
0
0
0
0
0
0
0
0
0
0
0
0
0
0
0
0
0
0
0
0
0
0
0
0
0
0
0
0
0
0
0
0
0
0
0
0
0
0
0
0
0
0
0
0
0
0
0
0
0
0
0
0
0
0
0
0
0
0
0
0
0
0
0
0
0
0
0
0
0
0
0
0
0
0
0
0
0
0
0
0
0
0
0
0
0
0
0
0
0
0
0
0
0
0
0
0
0
0
0
0
0
0
0
0
0
0
0
0
0
0
0
0
0
0
0
0
0
0
0
0
0
0
0
0
0
0
0
0
0
0
0
0
0
0
0
0
0
0
0
0
0
0
0
0
0
0
0
0
0
0
0
0
0
0
0
0
0
0
0
0
0
0
0
0
0
0
0
0
0
0
0
0
0
0
0
0
0
0
0
0
0
0
0
0
0
0
0
0
0
0
0
0
0
0
0
0
0
0
0
0
0
0
0
0
0
0
0
0
0
0
0
0
0
0
0
0
0
0
0
0
0
0
0
0
0
0
0
0
0
0
0
0
0
0
0
0
0
0
0
0
0
0
0
0
0
0
0
0
0
0
0
0
0
0
0
0
0
0
0
0
0
0
0
0
0
0
0
0
0
0
0
0
0
0
0
0
0
0
0
0
0
0
0
0
0
0
0
0
0
0
0
0
0
0
0
0
0
0
0
0
0
0
0
0
0
0
0
0
0
0
0
0
0
0
0
0
0
0
0
0
0
0
0
0
0
0
0
0
0
0
0
0
0
0
0
0
0
0
0
0
0
0
0
0
0
0
0
0
0
0
0
0
0
0
0
0
0
0
0
0
0
0
0
0
0
0
0
0
0
0
0
0
0
0
0
0
0
0
0
0
0
0
0
0
0
0
0
0
0
0
0
0
0
0
0
0
0
0
0
0
0
0
0
0
0
0
0
0
0
0
0
0
0
0
0
0
0
0
0
0
0
0
0
0
0
0
0
0
0
0
0
0
0
0
0
0
0
0
0
0
0
0
0
0
0
0
0
0
0
0
0
0
0
0
0
0
0
0
0
0
0
0
0
0
0
0
0
0
0
0
0
0
0
0
0
0
0
0
0
0
0
0
0
0
0
0
0
0
0
0
0
0
0
0
0
0
0
0
0
0
0
0
0
0
0
0
0
0
0
0
0
0
0
0
0
0
0
0
0
0
0
0
0
0
0
0
0
0
0
0
0
0
0
0
0
0
0
0
0
0
0
0
0
0
0
0
0
0
0
0
0
0
0
0
0
0
0
0
0
0
0
0
0
0
0
0
0
0
0
0
0
0
0
0
0
0
0
0
0
0
0
0
0
0
0
0
0
0
0
0
0
0
0
0
0
0
0
0
0
0
0
0
0
0
0
0
0
0
0
0
0
0
0
0
0
0
0
0
0
0
0
0
0
0
0
0
0
0
0
0
0
0
0
0
0
0
0
0
0
0
0
0
0
0
0
0
0
0
0
0
0
0
0
0
0
0
0
0
0
0
0
0
0
0
0
0
0
0
0
0
0
0
0
0
0
0
0
0
0
0
0
0
0
0
0
0
0
0
0
0
0
0
0
0
0
0
0
0
0
0
0
0
0
0
0
0
0
0
0
0
0
0
0
0
0
0
0
0
0
0
0
0
0
0
0
0
0
0
0
0
0
0
0
0
0
0
0
0
0
0
0
0
0
0
0
0
0
0
0
0
0
0
0
0
0
0
0
0
0
0
0
0
0
0
0
0
0
0
0
0
0
0
0
0
0
0
0
0
0
0
0
0
0
0
0
0
0
0
0
0
0
0
0
0
0
0
0
0
0
0
0
0
0
0
0
0
0
0
0
0
0
0
0
0
0
0
0
0
0
0
0
0
0
0
0
0
0
0
0
0
0
0
0
0
0
0
0
0
0
0
0
0
0
0
0
0
0
0
0
0
0
0
0
0
0
0
0
0
0
0
0
0
0
0
0
0
0
0
0
0
0
0
0
0
0
0
0
0
0
0
0
0
0
0
0
0
0
0
0
0
0
0
0
0
0
0
0
0
0
0
0
0
0
0
0
0
0
0
0
0
0
0
0
0
0
0
0
0
0
0
0
0
0
0
0
0
0
0
0
0
0
0
0
0
0
0
0
0
0
0
0
0
0
0
0
0
0
0
0
0
0
0
0
0
0
0
0
0
0
0
0
0
0
0
0
0
0
0
0
0
0
0
0
0
0
0
0
0
0
0
0
0
0
0
0
0
0
0
0
0
0
0
0
0
0
0
0
0
0
0
0
0
0
0
0
0
0
0
0
0
0
0
0
0
0
0
0
0
0
0
0
0
0
0
0
0
0
0
0
0
0
0
0
0
0
0
0
0
0
0
0
0
0
0
0
0
0
0
0
0
0
0
0
0
0
0
0
0
0
0
0
0
0
0
0
0
0
0
0
0
0
0
0
0
0
0
0
0
0
0
0
0
0
0
0
0
0
0
0
0
0
0
0
0
0
0
0
0
0
0
0
0
0
0
0
0
0
0
0
0
0
0
0
0
0
0
0
0
0
0
0
0
0
0
0
0
0
0
0
0
0
0
0
0
0
0
0
0
0
0
0
0
0
0
0
0
0
0
0
0
0
0
0
0
0
0
0
0
0
0
0
0
0
0
0
0
0
0
0
0
0
0
0
0
0
0
0
0
0
0
0
0
0
0
0
0
0
0
0
0
0
0
0
0
0
0
0
0
0
0
0
0
0
0
0
0
0
0
0
0
0
0
0
0
0
0
0
0
0
0
0
0
0
0
0
0
0
0
0
0
0
0
0
0
0
0
0
0
0
0
0
0
0
0
0
0
0
0
0
0
0
0
0
0
0
0
0
0
0
0
0
0
0
0
0
0
0
0
0
0
0
0
0
0
0
0
0
0
0
0
0
0
0
0
0
0
0
0
0
0
0
0
0
0
0
0
0
0
0
0
0
0
0
0
0
0
0
0
0
0
0
0
0
0
0
0
0
0
0
0
0
0
0
0
0
0
0
0
0
0
0
0
0
0
0
0
0
0
0
0
0
0
0
0
0
0
0
0
0
0
0
0
0
0
0
0
0
0
0
0
0
0
0
0
0
0
0
0
0
0
0
0
0
0
0
0
0
0
0
0
0
0
0
0
0
0
0
0
0
0
0
0
0
0
0
0
0
0
0
0
0
0
0
0
0
0
0
0
0
0
0
0
0
0
0
0
0
0
0
0
0
0
0
0
0
0
0
0
0
0
0
0
0
0
0
0
0
0
0
0
0
0
0
0
0
0
0
0
0
0
0
0
0
0
0
0
0
0
0
0
0
0
0
0
0
0
0
0
0
0
0
0
0
0
0
0
0
0
0
0
0
0
0
0
0
0
0
0
0
0
0
0
0
0
0
0
0
0
0
0
0
0
0
0
0
0
0
0
0
0
0
0
0
0
0
0
0
0
0
0
0
0
0
0
0
0
0
0
0
0
0
0
0
0
0
0
0
0
0
0
0
0
0
0
0
0
0
0
0
0
0
0
0
0
0
0
0
0
0
0
0
0
0
0
0
0
0
0
0
0
0
0
0
0
0
0
0
0
0
0
0
0
0
0
0
0
0
0
0
0
0
0
0
0
0
0
0
0
0
0
0
0
0
0
0
0
0
0
0
0
0
0
0
0
0
0
0
0
0
0
0
0
0
0
0
0
0
0
0
0
0
0
0
0
0
0
0
0
0
0
0
0
0
0
0
0
0
0
0
0
0
0
0
0
0
0
0
0
0
0
0
0
0
0
0
0
0
0
0
0
0
0
0
0
0
0
0
0
0
0
0
0
0
0
0
0
0
0
0
0
0
0
0
0
0
0
0
0
0
0
0
0
0
0
0
0
0
0
0
0
0
0
0
0
0
0
0
0
0
0
0
0
0
0
0
0
0
0
0
0
0
0
0
0
0
0
0
0
0
0
0
0
0
0
0
0
0
0
0
0
0
0
0
0
0
0
0
0
0
0
0
0
0
0
0
0
0
0
0
0
0
0
0
0
0
0
0
0
0
0
0
0
0
0
0
0
0
0
0
0
0
0
0
0
0
0
0
0
0
0
0
0
0
0
0
0
0
0
0
0
0
0
0
0
0
0
0
0
0
0
0
0
0
0
0
0
0
0
0
0
0
0
0
0
0
0
0
0
0
0
0
0
0
0
0
0
0
0
0
0
0
0
0
0
0
0
0
0
0
0
0
0
0
0
0
0
0
0
0
0
0
0
0
0
0
0
0
0
0
0
0
0
0
0
0
0
0
0
0
0
0
0
0
0
0
0
0
0
0
0
0
0
0
0
0
0
0
0
0
0
0
0
0
0
0
0
0
0
0
0
0
0
0
0
0
0
0
0
0
0
0
0
0
0
0
0
0
0
0
0
0
0
0
0
0
0
0
0
0
0
0
0
0
0
0
0
0
0
0
0
0
0
0
0
0
0
0
0
0
0
0
0
0
0
0
0
0
0
0
0
0
0
0
0
0
0
0
0
0
0
0
0
0
0
0
0
0
0
0
0
0
0
0
0
0
0
0
0
0
0
0
0
0
0
0
0
0
0
0
0
0
0
0
0
0
0
0
0
0
0
0
0
0
0
0
0
0
0
0
0
0
0
0
0
0
0
0
0
0
0
0
0
0
0
0
0
0
0
0
0
0
0
0
0
0
0
0
0
0
0
0
0
0
0
0
0
0
0
0
0
0
0
0
0
0
0
0
0
0
0
0
0
0
0
0
0
0
0
0
0
0
0
0
0
0
0
0
0
0
0
0
0
0
0
0
0
0
0
0
0
0
0
0
0
0
0
0
0
0
0
0
0
0
0
0
0
0
0
0
0
0
0
0
0
0
0
0
0
0
0
0
0
0
0
0
0
0
0
0
0
0
0
0
0
0
0
0
0
0
0
0
0
0
0
0
0
0
0
0
0
0
0
0
0
0
0
0
0
0
0
0
0
0
0
0
0
0
0
0
0
0
0
0
0
0
0
0
0
0
0
0
0
0
0
0
0
0
0
0
0
0
0
0
0
0
0
0
0
0
0
0
0
0
0
0
0
0
0
0
0
0
0
0
0
0
0
0
0
0
0
0
0
0
0
0
0
0
0
0
0
0
0
0
0
0
0
0
0
0
0
0
0
0
0
0
0
0
0
0
0
0
0
0
0
0
0
0
0
0
0
0
0
0
0
0
0
0
0
0
0
0
0
0
0
0
0
0
0
0
0
0
0
0
0
0
0
0
0
0
0
0
0
0
0
0
0
0
0
0
0
0
0
0
0
0
0
0
0
0
0
0
0
0
0
0
0
0
0
0
0
0
0
0
0
0
0
0
0
0
0
0
0
0
0
0
0
0
0
0
0
0
0
0
0
0
0
0
0
0
0
0
0
0
0
0
0
0
0
0
0
0
0
0
0
0
0
0
0
0
0
0
0
0
0
0
0
0
0
0
0
0
0
0
0
0
0
0
0
0
0
0
0
0
0
0
0
0
0
0
0
0
0
0
0
0
0
0
0
0
0
0
0
0
0
0
0
0
0
0
0
0
0
0
0
0
0
0
0
0
0
0
0
0
0
0
0
0
0
0
0
0
0
0
0
0
0
0
0
0
0
0
0
0
0
0
0
0
0
0
0
0
0
0
0
0
0
0
0
0
0
0
0
0
0
0
0
0
0
0
0
0
0
0
0
0
0
0
0
0
0
0
0
0
0
0
0
0
0
0
0
0
0
0
0
0
0
0
0
0
0
0
0
0
0
0
0
0
0
0
0
0
0
0
0
0
0
0
0
0
0
0
0
0
0
0
0
0
0
0
0
0
0
0
0
0
0
0
0
0
0
0
0
0
0
0
0
0
0
0
0
0
0
0
0
0
0
0
0
0
0
0
0
0
0
0
0
0
0
0
0
0
0
0
0
0
0
0
0
0
0
0
0
0
0
0
0
0
0
0
0
0
0
0
0
0
0
0
0
0
0
0
0
0
0
0
0
0
0
0
0
0
0
0
0
0
0
0
0
0
0
0
0
0
0
0
0
0
0
0
0
0
0
0
0
0
0
0
0
0
0
0
0
0
0
0
0
0
0
0
0
0
0
0
0
0
0
0
0
0
0
0
0
0
0
0
0
0
0
0
0
0
0
0
0
0
0
0
0
0
0
0
0
0
0
0
0
0
0
0
0
0
0
0
0
0
0
0
0
0
0
0
0
0
0
0
0
0
0
0
0
0
0
0
0
0
0
0
0
0
0
0
0
0
0
0
0
0
0
0
0
0
0
0
0
0
0
0
0
0
0
0
0
0
0
0
0
0
0
0
0
0
0
0
0
0
0
0
0
0
0
0
0
0
0
0
0
0
0
0
0
0
0
0
0
0
0
0
0
0
0
0
0
0
0
0
0
0
0
0
0
0
0
0
0
0
0
0
0
0
0
0
0
0
0
0
0
0
0
0
0
0
0
0
0
0
0
0
0
0
0
0
0
0
0
0
0
0
0
0
0
0
0
0
0
0
0
0
0
0
0
0
0
0
0
0
0
0
0
0
0
0
0
0
0
0
0
0
0
0
0
0
0
0
0
0
0
0
0
0
0
0
0
0
0
0
0
0
0
0
0
0
0
0
0
0
0
0
0
0
0
0
0
0
0
0
0
0
0
0
0
0
0
0
0
0
0
0
0
0
0
0
0
0
0
0
0
0
0
0
0
0
0
0
0
0
0
0
0
0
0
0
0
0
0
0
0
0
0
0
0
0
0
0
0
0
0
0
0
0
0
0
0
0
0
0
0
0
0
0
0
0
0
0
0
0
0
0
0
0
0
0
0
0
0
0
0
0
0
0
0
0
0
0
0
0
0
0
0
0
0
0
0
0
0
0
0
0
0
0
0
0
0
0
0
0
0
0
0
0
0
0
0
0
0
0
0
0
0
0
0
0
0
0
0
0
0
0
0
0
0
0
0
0
0
0
0
0
0
0
0
0
0
0
0
0
0
0
0
0
0
0
0
0
0
0
0
0
0
0
0
0
0
0
0
0
0
0
0
0
0
0
0
0
0
0
0
0
0
0
0
0
0
0
0
0
0
0
0
0
0
0
0
0
0
0
0
0
0
0
0
0
0
0
0
0
0
0
0
0
0
0
0
0
0
0
0
0
0
0
0
0
0
0
0
0
0
0
0
0
0
0
0
0
0
0
0
0
0
0
0
0
0
0
0
0
0
0
0
0
0
0
0
0
0
0
0
0
0
0
0
0
0
0
0
0
0
0
0
0
0
0
0
0
0
0
0
0
0
0
0
0
0
0
0
0
0
0
0
0
0
0
0
0
0
0
0
0
0
0
0
0
0
0
0
0
0
0
0
0
0
0
0
0
0
0
0
0
0
0
0
0
0
0
0
0
0
0
0
0
0
0
0
0
0
0
0
0
0
0
0
0
0
0
0
0
0
0
0
0
0
0
0
0
0
0
0
0
0
0
0
0
0
0
0
0
0
0
0
0
0
0
0
0
0
0
0
0
0
0
0
0
0
0
0
0
0
0
0
0
0
0
0
0
0
0
0
0
0
0
0
0
0
0
0
0
0
0
0
0
0
0
0
0
0
0
0
0
0
0
0
0
0
0
0
0
0
0
0
0
0
0
0
0
0
0
0
0
0
0
0
0
0
0
0
0
0
0
0
0
0
0
0
0
0
0
0
0
0
0
0
0
0
0
0
0
0
0
0
0
0
0
0
0
0
0
0
0
0
0
0
0
0
0
0
0
0
0
0
0
0
0
0
0
0
0
0
0
0
0
0
0
0
0
0
0
0
0
0
0
0
0
0
0
0
0
0
0
0
0
0
0
0
0
0
0
0
0
0
0
0
0
0
0
0
0
0
0
0
0
0
0
0
0
0
0
0
0
0
0
0
0
0
0
0
0
0
0
0
0
0
0
0
0
0
0
0
0
0
0
0
0
0
0
0
0
0
0
0
0
0
0
0
0
0
0
0
0
0
0
0
0
0
0
0
0
0
0
0
0
0
0
0
0
0
0
0
0
0
0
0
0
0
0
0
0
0
0
0
0
0
0
0
0
0
0
0
0
0
0
0
0
0
0
0
0
0
0
0
0
0
0
0
0
0
0
0
0
0
0
0
0
0
0
0
0
0
0
0
0
0
0
0
0
0
0
0
0
0
0
0
0
0
0
0
0
0
0
0
0
0
0
0
0
0
0
0
0
0
0
0
0
0
0
0
0
0
0
0
0
0
0
0
0
0
0
0
0
0
0
0
0
0
0
0
0
0
0
0
0
0
0
0
0
0
0
0
0
0
0
0
0
0
0
0
0
0
0
0
0
0
0
0
0
0
0
0
0
0
0
0
0
0
0
0
0
0
0
0
0
0
0
0
0
0
0
0
0
0
0
0
0
0
0
0
0
0
0
0
0
0
0
0
0
0
0
0
0
0
0
0
0
0
0
0
0
0
0
0
0
0
0
0
0
0
0
0
0
0
0
0
0
0
0
0
0
0
0
0
0
0
0
0
0
0
0
0
0
0
0
0
0
0
0
0
0
0
0
0
0
0
0
0
0
0
0
0
0
0
0
0
0
0
0
0
0
0
0
0
0
0
0
0
0
0
0
0
0
0
0
0
0
0
0
0
0
0
0
0
0
0
0
0
0
0
0
0
0
0
0
0
0
0
0
0
0
0
0
0
0
0
0
0
0
0
0
0
0
0
0
0
0
0
0
0
0
0
0
0
0
0
0
0
0
0
0
0
0
0
0
0
0
0
0
0
0
0
0
0
0
0
0
0
0
0
0
0
0
0
0
0
0
0
0
0
0
0
0
0
0
0
0
0
0
0
0
0
0
0
0
0
0
0
0
0
0
0
0
0
0
0
0
0
0
0
0
0
0
0
0
0
0
0
0
0
0
0
0
0
0
0
0
0
0
0
0
0
0
0
0
0
0
0
0
0
0
0
0
0
0
0
0
0
0
0
0
0
0
0
0
0
0
0
0
0
0
0
0
0
0
0
0
0
0
0
0
0
0
0
0
0
0
0
0
0
0
0
0
0
0
0
0
0
0
0
0
0
0
0
0
0
0
0
0
0
0
0
0
0
0
0
0
0
0
0
0
0
0
0
0
0
0
0
0
0
0
0
0
0
0
0
0
0
0
0
0
0
0
0
0
0
0
0
0
0
0
0
0
0
0
0
0
0
0
0
0
0
0
0
0
0
0
0
0
0
0
0
0
0
0
0
0
0
0
0
0
0
0
0
0
0
0
0
0
0
0
0
0
0
0
0
0
0
0
0
0
0
0
0
0
0
0
0
0
0
0
0
0
0
0
0
0
0
0
0
0
0
0
0
0
0
0
0
0
0
0
0
0
0
0
0
0
0
0
0
0
0
0
0
0
0
0
0
0
0
0
0
0
0
0
0
0
0
0
0
0
0
0
0
0
0
0
0
0
0
0
0
0
0
0
0
0
0
0
0
0
0
0
0
0
0
0
0
0
0
0
0
0
0
0
0
0
0
0
0
0
0
0
0
0
0
0
0
0
0
0
0
0
0
0
0
0
0
0
0
0
0
0
0
0
0
0
0
0
0
0
0
0
0
0
0
0
0
0
0
0
0
0
0
0
0
0
0
0
0
0
0
0
0
0
0
0
0
0
0
0
0
0
0
0
0
0
0
0
0
0
0
0
0
0
0
0
0
0
0
0
0
0
0
0
0
0
0
0
0
0
0
0
0
0
0
0
0
0
0
0
0
0
0
0
0
0
0
0
0
0
0
0
0
0
0
0
0
0
0
0
0
0
0
0
0
0
0
0
0
0
0
0
0
0
0
0
0
0
0
0
0
0
0
0
0
0
0
0
0
0
0
0
0
0
0
0
0
0
0
0
0
0
0
0
0
0
0
0
0
0
0
0
0
0
0
0
0
0
0
0
0
0
0
0
0
0
0
0
0
0
0
0
0
0
0
0
0
0
0
0
0
0
0
0
0
0
0
0
0
0
0
0
0
0
0
0
0
0
0
0
0
0
0
0
0
0
0
0
0
0
0
0
0
0
0
0
0
0
0
0
0
0
0
0
0
0
0
0
0
0
0
0
0
0
0
0
0
0
0
0
0
0
0
0
0
0
0
0
0
0
0
0
0
0
0
0
0
0
0
0
0
0
0
0
0
0
0
0
0
0
0
0
0
0
0
0
0
0
0
0
0
0
0
0
0
0
0
0
0
0
0
0
0
0
0
0
0
0
0
0
0
0
0
0
0
0
0
0
0
0
0
0
0
0
0
0
0
0
0
0
0
0
0
0
0
0
0
0
0
0
0
0
0
0
0
0
0
0
0
0
0
0
0
0
0
0
0
0
0
0
0
0
0
0
0
0
0
0
0
0
0
0
0
0
0
0
0
0
0
0
0
0
0
0
0
0
0
0
0
0
0
0
0
0
0
0
0
0
0
0
0
0
0
0
0
0
0
0
0
0
0
0
0
0
0
0
0
0
0
0
0
0
0
0
0
0
0
0
0
0
0
0
0
0
0
0
0
0
0
0
0
0
0
0
0
0
0
0
0
0
0
0
0
0
0
0
0
0
0
0
0
0
0
0
0
0
0
0
0
0
0
0
0
0
0
0
0
0
0
0
0
0
0
0
0
0
0
0
0
0
0
0
0
0
0
0
0
0
0
0
0
0
0
0
0
0
0
0
0
0
0
0
0
0
0
0
0
0
0
0
0
0
0
0
0
0
0
0
0
0
0
0
0
0
0
0
0
0
0
0
0
0
0
0
0
0
0
0
0
0
0
0
0
0
0
0
0
0
0
0
0
0
0
0
0
0
0
0
0
0
0
0
0
0
0
0
0
0
0
0
0
0
0
0
0
0
0
0
0
0
0
0
0
0
0
0
0
0
0
0
0
0
0
0
0
0
0
0
0
0
0
0
0
0
0
0
0
0
0
0
0
0
0
0
0
0
0
0
0
0
0
0
0
0
0
0
0
0
0
0
0
0
0
0
0
0
0
0
0
0
0
0
0
0
0
0
0
0
0
0
0
0
0
0
0
0
0
0
0
0
0
0
0
0
0
0
0
0
0
0
0
0
0
0
0
0
0
0
0
0
0
0
0
0
0
0
0
0
0
0
0
0
0
0
0
0
0
0
0
0
0
0
0
0
0
0
0
0
0
0
0
0
0
0
0
0
0
0
0
0
0
0
0
0
0
0
0
0
0
0
0
0
0
0
0
0
0
0
0
0
0
0
0
0
0
0
0
0
0
0
0
0
0
0
0
0
0
0
0
0
0
0
0
0
0
0
0
0
0
0
0
0
0
0
0
0
0
0
0
0
0
0
0
0
0
0
0
0
0
0
0
0
0
0
0
0
0
0
0
0
0
0
0
0
0
0
0
0
0
0
0
0
0
0
0
0
0
0
0
0
0
0
0
0
0
0
0
0
0
0
0
0
0
0
0
0
0
0
0
0
0
0
0
0
0
0
0
0
0
0
0
0
0
0
0
0
0
0
0
0
0
0
0
0
0
0
0
0
0
0
0
0
0
0
0
0
0
0
0
0
0
0
0
0
0
0
0
0
0
0
0
0
0
0
0
0
0
0
0
0
0
0
0
0
0
0
0
0
0
0
0
0
0
0
0
0
0
0
0
0
0
0
0
0
0
0
0
0
0
0
0
0
0
0
0
0
0
0
0
0
0
0
0
0
0
0
0
0
0
0
0
0
0
0
0
0
0
0
0
0
0
0
0
0
0
0
0
0
0
0
0
0
0
0
0
0
0
0
0
0
0
0
0
0
0
0
0
0
0
0
0
0
0
0
0
0
0
0
0
0
0
0
0
0
0
0
0
0
0
0
0
0
0
0
0
0
0
0
0
0
0
0
0
0
0
0
0
0
0
0
0
0
0
0
0
0
0
0
0
0
0
0
0
0
0
0
0
0
0
0
0
0
0
0
0
0
0
0
0
0
0
0
0
0
0
0
0
0
0
0
0
0
0
0
0
0
0
0
0
0
0
0
0
0
0
0
0
0
0
0
0
0
0
0
0
0
0
0
0
0
0
0
0
0
0
0
0
0
0
0
0
0
0
0
0
0
0
0
0
0
0
0
0
0
0
0
0
0
0
0
0
0
0
0
0
0
0
0
0
0
0
0
0
0
0
0
0
0
0
0
0
0
0
0
0
0
0
0
0
0
0
0
0
0
0
0
0
0
0
0
0
0
0
0
0
0
0
0
0
0
0
0
0
0
0
0
0
0
0
0
0
0
0
0
0
0
0
0
0
0
0
0
0
0
0
0
0
0
0
0
0
0
0
0
0
0
0
0
0
0
0
0
0
0
0
0
0
0
0
0
0
0
0
0
0
0
0
0
0
0
0
0
0
0
0
0
0
0
0
0
0
0
0
0
0
0
0
0
0
0
0
0
0
0
0
0
0
0
0
0
0
0
0
0
0
0
0
0
0
0
0
0
0
0
0
0
0
0
0
0
0
0
0
0
0
0
0
0
0
0
0
0
0
0
0
0
0
0
0
0
0
0
0
0
0
0
0
0
0
0
0
0
0
0
0
0
0
0
0
0
0
0
0
0
0
0
0
0
0
0
0
0
0
0
0
0
0
0
0
0
0
0
0
0
0
0
0
0
0
0
0
0
0
0
0
0
0
0
0
0
0
0
0
0
0
0
0
0
0
0
0
0
0
0
0
0
0
0
0
0
0
0
0
0
0
0
0
0
0
0
0
0
0
0
0
0
0
0
0
0
0
0
0
0
0
0
0
0
0
0
0
0
0
0
0
0
0
0
0
0
0
0
0
0
0
0
0
0
0
0
0
0
0
0
0
0
0
0
0
0
0
0
0
0
0
0
0
0
0
0
0
0
0
0
0
0
0
0
0
0
0
0
0
0
0
0
0
0
0
0
0
0
0
0
0
0
0
0
0
0
0
0
0
0
0
0
0
0
0
0
0
0
0
0
0
0
0
0
0
0
0
0
0
0
0
0
0
0
0
0
0
0
0
0
0
0
0
0
0
0
0
0
0
0
0
0
0
0
0
0
0
0
0
0
0
0
0
0
0
0
0
0
0
0
0
0
0
0
0
0
0
0
0
0
0
0
0
0
0
0
0
0
0
0
0
0
0
0
0
0
0
0
0
0
0
0
0
0
0
0
0
0
0
0
0
0
0
0
0
0
0
0
0
0
0
0
0
0
0
0
0
0
0
0
0
0
0
0
0
0
0
0
0
0
0
0
0
0
0
0
0
0
0
0
0
0
0
0
0
0
0
0
0
0
0
0
0
0
0
0
0
0
0
0
0
0
0
0
0
0
0
0
0
0
0
0
0
0
0
0
0
0
0
0
0
0
0
0
0
0
0
0
0
0
0
0
0
0
0
0
0
0
0
0
0
0
0
0
0
0
0
0
0
0
0
0
0
0
0
0
0
0
0
0
0
0
0
0
0
0
0
0
0
0
0
0
0
0
0
0
0
0
0
0
0
0
0
0
0
0
0
0
0
0
0
0
0
0
0
0
0
0
0
0
0
0
0
0
0
0
0
0
0
0
0
0
0
0
0
0
0
0
0
0
0
0
0
0
0
0
0
0
0
0
0
0
0
0
0
0
0
0
0
0
0
0
0
0
0
0
0
0
0
0
0
0
0
0
0
0
0
0
0
0
0
0
0
0
0
0
0
0
0
0
0
0
0
0
0
0
0
0
0
0
0
0
0
0
0
0
0
0
0
0
0
0
0
0
0
0
0
0
0
0
0
0
0
0
0
0
0
0
0
0
0
0
0
0
0
0
0
0
0
0
0
0
0
0
0
0
0
0
0
0
0
0
0
0
0
0
0
0
0
0
0
0
0
0
0
0
0
0
0
0
0
0
0
0
0
0
0
0
0
0
0
0
0
0
0
0
0
0
0
0
0
0
0
0
0
0
0
0
0
0
0
0
0
0
0
0
0
0
0
0
0
0
0
0
0
0
0
0
0
0
0
0
0
0
0
0
0
0
0
0
0
0
0
0
0
0
0
0
0
0
0
0
0
0
0
0
0
0
0
0
0
0
0
0
0
0
0
0
0
0
0
0
0
0
0
0
0
0
0
0
0
0
0
0
0
0
0
0
0
0
0
0
0
0
0
0
0
0
0
0
0
0
0
0
0
0
0
0
0
0
0
0
0
0
0
0
0
0
0
0
0
0
0
0
0
0
0
0
0
0
0
0
0
0
0
0
0
0
0
0
0
0
0
0
0
0
0
0
0
0
0
0
0
0
0
0
0
0
0
0
0
0
0
0
0
0
0
0
0
0
0
0
0
0
0
0
0
0
0
0
0
0
0
0
0
0
0
0
0
0
0
0
0
0
0
0
0
0
0
0
0
0
0
0
0
0
0
0
0
0
0
0
0
0
0
0
0
0
0
0
0
0
0
0
0
0
0
0
0
0
0
0
0
0
0
0
0
0
0
0
0
0
0
0
0
0
0
0
0
0
0
0
0
0
0
0
0
0
0
0
0
0
0
0
0
0
0
0
0
0
0
0
0
0
0
0
0
0
0
0
0
0
0
0
0
0
0
0
0
0
0
0
0
0
0
0
0
0
0
0
0
0
0
0
0
0
0
0
0
0
0
0
0
0
0
0
0
0
0
0
0
0
0
0
0
0
0
0
0
0
0
0
0
0
0
0
0
0
0
0
0
0
0
0
0
0
0
0
0
0
0
0
0
0
0
0
0
0
0
0
0
0
0
0
0
0
0
0
0
0
0
0
0
0
0
0
0
0
0
0
0
0
0
0
0
0
0
0
0
0
0
0
0
0
0
0
0
0
0
0
0
0
0
0
0
0
0
0
0
0
0
0
0
0
0
0
0
0
0
0
0
0
0
0
0
0
0
0
0
0
0
0
0
0
0
0
0
0
0
0
0
0
0
0
0
0
0
0
0
0
0
0
0
0
0
0
0
0
0
0
0
0
0
0
0
0
0
0
0
0
0
0
0
0
0
0
0
0
0
0
0
0
0
0
0
0
0
0
0
0
0
0
0
0
0
0
0
0
0
0
0
0
0
0
0
0
0
0
0
0
0
0
0
0
0
0
0
0
0
0
0
0
0
0
0
0
0
0
0
0
0
0
0
0
0
0
0
0
0
0
0
0
0
0
0
0
0
0
0
0
0
0
0
0
0
0
0
0
0
0
0
0
0
0
0
0
0
0
0
0
0
0
0
0
0
0
0
0
0
0
0
0
0
0
0
0
0
0
0
0
0
0
0
0
0
0
0
0
0
0
0
0
0
0
0
0
0
0
0
0
0
0
0
0
0
0
0
0
0
0
0
0
0
0
0
0
0
0
0
0
0
0
0
0
0
0
0
0
0
0
0
0
0
0
0
0
0
0
0
0
0
0
0
0
0
0
0
0
0
0
0
0
0
0
0
0
0
0
0
0
0
0
0
0
0
0
0
0
0
0
0
0
0
0
0
0
0
0
0
0
0
0
0
0
0
0
0
0
0
0
0
0
0
0
0
0
0
0
0
0
0
0
0
0
0
0
0
0
0
0
0
0
0
0
0
0
0
0
0
0
0
0
0
0
0
0
0
0
0
0
0
0
0
0
0
0
0
0
0
0
0
0
0
0
0
0
0
0
0
0
0
0
0
0
0
0
0
0
0
0
0
0
0
0
0
0
0
0
0
0
0
0
0
0
0
0
0
0
0
0
0
0
0
0
0
0
0
0
0
0
0
0
0
0
0
0
0
0
0
0
0
0
0
0
0
0
0
0
0
0
0
0
0
0
0
0
0
0
0
0
0
0
0
0
0
0
0
0
0
0
0
0
0
0
0
0
0
0
0
0
0
0
0
0
0
0
0
0
0
0
0
0
0
0
0
0
0
0
0
0
0
0
0
0
0
0
0
0
0
0
0
0
0
0
0
0
0
0
0
0
0
0
0
0
0
0
0
0
0
0
0
0
0
0
0
0
0
0
0
0
0
0
0
0
0
0
0
0
0
0
0
0
0
0
0
0
0
0
0
0
0
0
0
0
0
0
0
0
0
0
0
0
0
0
0
0
0
0
0
0
0
0
0
0
0
0
0
0
0
0
0
0
0
0
0
0
0
0
0
0
0
0
0
0
0
0
0
0
0
0
0
0
0
0
0
0
0
0
0
0
0
0
0
0
0
0
0
0
0
0
0
0
0
0
0
0
0
0
0
0
0
0
0
0
0
0
0
0
0
0
0
0
0
0
0
0
0
0
0
0
0
0
0
0
0
0
0
0
0
0
0
0
0
0
0
0
0
0
0
0
0
0
0
0
0
0
0
0
0
0
0
0
0
0
0
0
0
0
0
0
0
0
0
0
0
0
0
0
0
0
0
0
0
0
0
0
0
0
0
0
0
0
0
0
0
0
0
0
0
0
0
0
0
0
0
0
0
0
0
0
0
0
0
0
0
0
0
0
0
0
0
0
0
0
0
0
0
0
0
0
0
0
0
0
0
0
0
0
0
0
0
0
0
0
0
0
0
0
0
0
0
0
0
0
0
0
0
0
0
0
0
0
0
0
0
0
0
0
0
0
0
0
0
0
0
0
0
0
0
0
0
0
0
0
0
0
0
0
0
0
0
0
0
0
0
0
0
0
0
0
0
0
0
0
0
0
0
0
0
0
0
0
0
0
0
0
0
0
0
0
0
0
0
0
0
0
0
0
0
0
0
0
0
0
0
0
0
0
0
0
0
0
0
0
0
0
0
0
0
0
0
0
0
0
0
0
0
0
0
0
0
0
0
0
0
0
0
0
0
0
0
0
0
0
0
0
0
0
0
0
0
0
0
0
0
0
0
0
0
0
0
0
0
0
0
0
0
0
0
0
0
0
0
0
0
0
0
0
0
0
0
0
0
0
0
0
0
0
0
0
0
0
0
0
0
0
0
0
0
0
0
0
0
0
0
0
0
0
0
0
0
0
0
0
0
0
0
0
0
0
0
0
0
0
0
0
0
0
0
0
0
0
0
0
0
0
0
0
0
0
0
0
0
0
0
0
0
0
0
0
0
0
0
0
0
0
0
0
0
0
0
0
0
0
0
0
0
0
0
0
0
0
0
0
0
0
0
0
0
0
0
0
0
0
0
0
0
0
0
0
0
0
0
0
0
0
0
0
0
0
0
0
0
0
0
0
0
0
0
0
0
0
0
0
0
0
0
0
0
0
0
0
0
0
0
0
0
0
0
0
0
0
0
0
0
0
0
0
0
0
0
0
0
0
0
0
0
0
0
0
0
0
0
0
0
0
0
0
0
0
0
0
0
0
0
0
0
0
0
0
0
0
0
0
0
0
0
0
0
0
0
0
0
0
0
0
0
0
0
0
0
0
0
0
0
0
0
0
0
0
0
0
0
0
0
0
0
0
0
0
0
0
0
0
0
0
0
0
0
0
0
0
0
0
0
0
0
0
0
0
0
0
0
0
0
0
0
0
0
0
0
0
0
0
0
0
0
0
0
0
0
0
0
0
0
0
0
0
0
0
0
0
0
0
0
0
0
0
0
0
0
0
0
0
0
0
0
0
0
0
0
0
0
0
0
0
0
0
0
0
0
0
0
0
0
0
0
0
0
0
0
0
0
0
0
0
0
0
0
0
0
0
0
0
0
0
0
0
0
0
0
0
0
0
0
0
0
0
0
0
0
0
0
0
0
0
0
0
0
0
0
0
0
0
0
0
0
0
0
0
0
0
0
0
0
0
0
0
0
0
0
0
0
0
0
0
0
0
0
0
0
0
0
0
0
0
0
0
0
0
0
0
0
0
0
0
0
0
0
0
0
0
0
0
0
0
0
0
0
0
0
0
0
0
0
0
0
0
0
0
0
0
0
0
0
0
0
0
0
0
0
0
0
0
0
0
0
0
0
0
0
0
0
0
0
0
0
0
0
0
0
0
0
0
0
0
0
0
0
0
0
0
0
0
0
0
0
0
0
0
0
0
0
0
0
0
0
0
0
0
0
0
0
0
0
0
0
0
0
0
0
0
0
0
0
0
0
0
0
0
0
0
0
0
0
0
0
0
0
0
0
0
0
0
0
0
0
0
0
0
0
0
0
0
0
0
0
0
0
0
0
0
0
0
0
0
0
0
0
0
0
0
0
0
0
0
0
0
0
0
0
0
0
0
0
0
0
0
0
0
0
0
0
0
0
0
0
0
0
0
0
0
0
0
0
0
0
0
0
0
0
0
0
0
0
0
0
0
0
0
0
0
0
0
0
0
0
0
0
0
0
0
0
0
0
0
0
0
0
0
0
0
0
0
0
0
0
0
0
0
0
0
0
0
0
0
0
0
0
0
0
0
0
0
0
0
0
0
0
0
0
0
0
0
0
0
0
0
0
0
0
0
0
0
0
0
0
0
0
0
0
0
0
0
0
0
0
0
0
0
0
0
0
0
0
0
0
0
0
0
0
0
0
0
0
0
0
0
0
0
0
0
0
0
0
0
0
0
0
0
0
0
0
0
0
0
0
0
0
0
0
0
0
0
0
0
0
0
0
0
0
0
0
0
0
0
0
0
0
0
0
0
0
0
0
0
0
0
0
0
0
0
0
0
0
0
0
0
0
0
0
0
0
0
0
0
0
0
0
0
0
0
0
0
0
0
0
0
0
0
0
0
0
0
0
0
0
0
0
0
0
0
0
0
0
0
0
0
0
0
0
0
0
0
0
0
0
0
0
0
0
0
0
0
0
0
0
0
0
0
0
0
0
0
0
0
0
0
0
0
0
0
0
0
0
0
0
0
0
0
0
0
0
0
0
0
0
0
0
0
0
0
0
0
0
0
0
0
0
0
0
0
0
0
0
0
0
0
0
0
0
0
0
0
0
0
0
0
0
0
0
0
0
0
0
0
0
0
0
0
0
0
0
0
0
0
0
0
0
0
0
0
0
0
0
0
0
0
0
0
0
0
0
0
0
0
0
0
0
0
0
0
0
0
0
0
0
0
0
0
0
0
0
0
0
0
0
0
0
0
0
0
0
0
0
0
0
0
0
0
0
0
0
0
0
0
0
0
0
0
0
0
0
0
0
0
0
0
0
0
0
0
0
0
0
0
0
0
0
0
0
0
0
0
0
0
0
0
0
0
0
0
0
0
0
0
0
0
0
0
0
0
0
0
0
0
0
0
0
0
0
0
0
0
0
0
0
0
0
0
0
0
0
0
0
0
0
0
0
0
0
0
0
0
0
0
0
0
0
0
0
0
0
0
0
0
0
0
0
0
0
0
0
0
0
0
0
0
0
0
0
0
0
0
0
0
0
0
0
0
0
0
0
0
0
0
0
0
0
0
0
0
0
0
0
0
0
0
0
0
0
0
0
0
0
0
0
0
0
0
0
0
0
0
0
0
0
0
0
0
0
0
0
0
0
0
0
0
0
0
0
0
0
0
0
0
0
0
0
0
0
0
0
0
0
0
0
0
0
0
0
0
0
0
0
0
0
0
0
0
0
0
0
0
0
0
0
0
0
0
0
0
0
0
0
0
0
0
0
0
0
0
0
0
0
0
0
0
0
0
0
0
0
0
0
0
0
0
0
0
0
0
0
0
0
0
0
0
0
0
0
0
0
0
0
0
0
0
0
0
0
0
0
0
0
0
0
0
0
0
0
0
0
0
0
0
0
0
0
0
0
0
0
0
0
0
0
0
0
0
0
0
0
0
0
0
0
0
0
0
0
0
0
0
0
0
0
0
0
0
0
0
0
0
0
0
0
0
0
0
0
0
0
0
0
0
0
0
0
0
0
0
0
0
0
0
0
0
0
0
0
0
0
0
0
0
0
0
0
0
0
0
0
0
0
0
0
0
0
0
0
0
0
0
0
0
0
0
0
0
0
0
0
0
0
0
0
0
0
0
0
0
0
0
0
0
0
0
0
0
0
0
0
0
0
0
0
0
0
0
0
0
0
0
0
0
0
0
0
0
0
0
0
0
0
0
0
0
0
0
0
0
0
0
0
0
0
0
0
0
0
0
0
0
0
0
0
0
0
0
0
0
0
0
0
0
0
0
0
0
0
0
0
0
0
0
0
0
0
0
0
0
0
0
0
0
0
0
0
0
0
0
0
0
0
0
0
0
0
0
0
0
0
0
0
0
0
0
0
0
0
0
0
0
0
0
0
0
0
0
0
0
0
0
0
0
0
0
0
0
0
0
0
0
0
0
0
0
0
0
0
0
0
0
0
0
0
0
0
0
0
0
0
0
0
0
0
0
0
0
0
0
0
0
0
0
0
0
0
0
0
0
0
0
0
0
0
0
0
0
0
0
0
0
0
0
0
0
0
0
0
0
0
0
0
0
0
0
0
0
0
0
0
0
0
0
0
0
0
0
0
0
0
0
0
0
0
0
0
0
0
0
0
0
0
0
0
0
0
0
0
0
0
0
0
0
0
0
0
0
0
0
0
0
0
0
0
0
0
0
0
0
0
0
0
0
0
0
0
0
0
0
0
0
0
0
0
0
0
0
0
0
0
0
0
0
0
0
0
0
0
0
0
0
0
0
0
0
0
0
0
0
0
0
0
0
0
0
0
0
0
0
0
0
0
0
0
0
0
0
0
0
0
0
0
0
0
0
0
0
0
0
0
0
0
0
0
0
0
0
0
0
0
0
0
0
0
0
0
0
0
0
0
0
0
0
0
0
0
0
0
0
0
0
0
0
0
0
0
0
0
0
0
0
0
0
0
0
0
0
0
0
0
0
0
0
0
0
0
0
0
0
0
0
0
0
0
0
0
0
0
0
0
0
0
0
0
0
0
0
0
0
0
0
0
0
0
0
0
0
0
0
0
0
0
0
0
0
0
0
0
0
0
0
0
0
0
0
0
0
0
0
0
0
0
0
0
0
0
0
0
0
0
0
0
0
0
0
0
0
0
0
0
0
0
0
0
0
0
0
0
0
0
0
0
0
0
0
0
0
0
0
0
0
0
0
0
0
0
0
0
0
0
0
0
0
0
0
0
0
0
0
0
0
0
0
0
0
0
0
0
0
0
0
0
0
0
0
0
0
0
0
0
0
0
0
0
0
0
0
0
0
0
0
0
0
0
0
0
0
0
0
0
0
0
0
0
0
0
0
0
0
0
0
0
0
0
0
0
0
0
0
0
0
0
0
0
0
0
0
0
0
0
0
0
0
0
0
0
0
0
0
0
0
0
0
0
0
0
0
0
0
0
0
0
0
0
0
0
0
0
0
0
0
0
0
0
0
0
0
0
0
0
0
0
0
0
0
0
0
0
0
0
0
0
0
0
0
0
0
0
0
0
0
0
0
0
0
0
0
0
0
0
0
0
0
0
0
0
0
0
0
0
0
0
0
0
0
0
0
0
0
0
0
0
0
0
0
0
0
0
0
0
0
0
0
0
0
0
0
0
0
0
0
0
0
0
0
0
0
0
0
0
0
0
0
0
0
0
0
0
0
0
0
0
0
0
0
0
0
0
0
0
0
0
0
0
0
0
0
0
0
0
0
0
0
0
0
0
0
0
0
0
0
0
0
0
0
0
0
0
0
0
0
0
0
0
0
0
0
0
0
0
0
0
0
0
0
0
0
0
0
0
0
0
0
0
0
0
0
0
0
0
0
0
0
0
0
0
0
0
0
0
0
0
0
0
0
0
0
0
0
0
0
0
0
0
0
0
0
0
0
0
0
0
0
0
0
0
0
0
0
0
0
0
0
0
0
0
0
0
0
0
0
0
0
0
0
0
0
0
0
0
0
0
0
0
0
0
0
0
0
0
0
0
0
0
0
0
0
0
0
0
0
0
0
0
0
0
0
0
0
0
0
0
0
0
0
0
0
0
0
0
0
0
0
0
0
0
0
0
0
0
0
0
0
0
0
0
0
0
0
0
0
0
0
0
0
0
0
0
0
0
0
0
0
0
0
0
0
0
0
0
0
0
0
0
0
0
0
0
0
0
0
0
0
0
0
0
0
0
0
0
0
0
0
0
0
0
0
0
0
0
0
0
0
0
0
0
0
0
0
0
0
0
0
0
0
0
0
0
0
0
0
0
0
0
0
0
0
0
0
0
0
0
0
0
0
0
0
0
0
0
0
0
0
0
0
0
0
0
0
0
0
0
0
0
0
0
0
0
0
0
0
0
0
0
0
0
0
0
0
0
0
0
0
0
0
0
0
0
0
0
0
0
0
0
0
0
0
0
0
0
0
0
0
0
0
0
0
0
0
0
0
0
0
0
0
0
0
0
0
0
0
0
0
0
0
0
0
0
0
0
0
0
0
0
0
0
0
0
0
0
0
0
0
0
0
0
0
0
0
0
0
0
0
0
0
0
0
0
0
0
0
0
0
0
0
0
0
0
0
0
0
0
0
0
0
0
0
0
0
0
0
0
0
0
0
0
0
0
0
0
0
0
0
0
0
0
0
0
0
0
0
0
0
0
0
0
0
0
0
0
0
0
0
0
0
0
0
0
0
0
0
0
0
0
0
0
0
0
0
0
0
0
0
0
0
0
0
0
0
0
0
0
0
0
0
0
0
0
0
0
0
0
0
0
0
0
0
0
0
0
0
0
0
0
0
0
0
0
0
0
0
0
0
0
0
0
0
0
0
0
0
0
0
0
0
0
0
0
0
0
0
0
0
0
0
0
0
0
0
0
0
0
0
0
0
0
0
0
0
0
0
0
0
0
0
0
0
0
0
0
0
0
0
0
0
0
0
0
0
0
0
0
0
0
0
0
0
0
0
0
0
0
0
0
0
0
0
0
0
0
0
0
0
0
0
0
0
0
0
0
0
0
0
0
0
0
0
0
0
0
0
0
0
0
0
0
0
0
0
0
0
0
0
0
0
0
0
0
0
0
0
0
0
0
0
0
0
0
0
0
0
0
0
0
0
0
0
0
0
0
0
0
0
0
0
0
0
0
0
0
0
0
0
0
0
0
0
0
0
0
0
0
0
0
0
0
0
0
0
0
0
0
0
0
0
0
0
0
0
0
0
0
0
0
0
0
0
0
0
0
0
0
0
0
0
0
0
0
0
0
0
0
0
0
0
0
0
0
0
0
0
0
0
0
0
0
0
0
0
0
0
0
0
0
0
0
0
0
0
0
0
0
0
0
0
0
0
0
0
0
0
0
0
0
0
0
0
0
0
0
0
0
0
0
0
0
0
0
0
0
0
0
0
0
0
0
0
0
0
0
0
0
0
0
0
0
0
0
0
0
0
0
0
0
0
0
0
0
0
0
0
0
0
0
0
0
0
0
0
0
0
0
0
0
0
0
0
0
0
0
0
0
0
0
0
0
0
0
0
0
0
0
0
0
0
0
0
0
0
0
0
0
0
0
0
0
0
0
0
0
0
0
0
0
0
0
0
0
0
0
0
0
0
0
0
0
0
0
0
0
0
0
0
0
0
0
0
0
0
0
0
0
0
0
0
0
0
0
0
0
0
0
0
0
0
0
0
0
0
0
0
0
0
0
0
0
0
0
0
0
0
0
0
0
0
0
0
0
0
0
0
0
0
0
0
0
0
0
0
0
0
0
0
0
0
0
0
0
0
0
0
0
0
0
0
0
0
0
0
0
0
0
0
0
0
0
0
0
0
0
0
0
0
0
0
0
0
0
0
0
0
0
0
0
0
0
0
0
0
0
0
0
0
0
0
0
0
0
0
0
0
0
0
0
0
0
0
0
0
0
0
0
0
0
0
0
0
0
0
0
0
0
0
0
0
0
0
0
0
0
0
0
0
0
0
0
0
0
0
0
0
0
0
0
0
0
0
0
0
0
0
0
0
0
0
0
0
0
0
0
0
0
0
0
0
0
0
0
0
0
0
0
0
0
0
0
0
0
0
0
0
0
0
0
0
0
0
0
0
0
0
0
0
0
0
0
0
0
0
0
0
0
0
0
0
0
0
0
0
0
0
0
0
0
0
0
0
0
0
0
0
0
0
0
0
0
0
0
0
0
0
0
0
0
0
0
0
0
0
0
0
0
0
0
0
0
0
0
0
0
0
0
0
0
0
0
0
0
0
0
0
0
0
0
0
0
0
0
0
0
0
0
0
0
0
0
0
0
0
0
0
0
0
0
0
0
0
0
0
0
0
0
0
0
0
0
0
0
0
0
0
0
0
0
0
0
0
0
0
0
0
0
0
0
0
0
0
0
0
0
0
0
0
0
0
0
0
0
0
0
0
0
0
0
0
0
0
0
0
0
0
0
0
0
0
0
0
0
0
0
0
0
0
0
0
0
0
0
0
0
0
0
0
0
0
0
0
0
0
0
0
0
0
0
0
0
0
0
0
0
0
0
0
0
0
0
0
0
0
0
0
0
0
0
0
0
0
0
0
0
0
0
0
0
0
0
0
0
0
0
0
0
0
0
0
0
0
0
0
0
0
0
0
0
0
0
0
0
0
0
0
0
0
0
0
0
0
0
0
0
0
0
0
0
0
0
0
0
0
0
0
0
0
0
0
0
0
0
0
0
0
0
0
0
0
0
0
0
0
0
0
0
0
0
0
0
0
0
0
0
0
0
0
0
0
0
0
0
0
0
0
0
0
0
0
0
0
0
0
0
0
0
0
0
0
0
0
0
0
0
0
0
0
0
0
0
0
0
0
0
0
0
0
0
0
0
0
0
0
0
0
0
0
0
0
0
0
0
0
0
0
0
0
0
0
0
0
0
0
0
0
0
0
0
0
0
0
0
0
0
0
0
0
0
0
0
0
0
0
0
0
0
0
0
0
0
0
0
0
0
0
0
0
0
0
0
0
0
0
0
0
0
0
0
0
0
0
0
0
0
0
0
0
0
0
0
0
0
0
0
0
0
0
0
0
0
0
0
0
0
0
0
0
0
0
0
0
0
0
0
0
0
0
0
0
0
0
0
0
0
0
0
0
0
0
0
0
0
0
0
0
0
0
0
0
0
0
0
0
0
0
0
0
0
0
0
0
0
0
0
0
0
0
0
0
0
0
0
0
0
0
0
0
0
0
0
0
0
0
0
0
0
0
0
0
0
0
0
0
0
0
0
0
0
0
0
0
0
0
0
0
0
0
0
0
0
0
0
0
0
0
0
0
0
0
0
0
0
0
0
0
0
0
0
0
0
0
0
0
0
0
0
0
0
0
0
0
0
0
0
0
0
0
0
0
0
0
0
0
0
0
0
0
0
0
0
0
0
0
0
0
0
0
0
0
0
0
0
0
0
0
0
0
0
0
0
0
0
0
0
0
0
0
0
0
0
0
0
0
0
0
0
0
0
0
0
0
0
0
0
0
0
0
0
0
0
0
0
0
0
0
0
0
0
0
0
0
0
0
0
0
0
0
0
0
0
0
0
0
0
0
0
0
0
0
0
0
0
0
0
0
0
0
0
0
0
0
0
0
0
0
0
0
0
0
0
0
0
0
0
0
0
0
0
0
0
0
0
0
0
0
0
0
0
0
0
0
0
0
0
0
0
0
0
0
0
0
0
0
0
0
0
0
0
0
0
0
0
0
0
0
0
0
0
0
0
0
0
0
0
0
0
0
0
0
0
0
0
0
0
0
0
0
0
0
0
0
0
0
0
0
0
0
0
0
0
0
0
0
0
0
0
0
0
0
0
0
0
0
0
0
0
0
0
0
0
0
0
0
0
0
0
0
0
0
0
0
0
0
0
0
0
0
0
0
0
0
0
0
0
0
0
0
0
0
0
0
0
0
0
0
0
0
0
0
0
0
0
0
0
0
0
0
0
0
0
0
0
0
0
0
0
0
0
0
0
0
0
0
0
0
0
0
0
0
0
0
0
0
0
0
0
0
0
0
0
0
0
0
0
0
0
0
0
0
0
0
0
0
0
0
0
0
0
0
0
0
0
0
0
0
0
0
0
0
0
0
0
0
0
0
0
0
0
0
0
0
0
0
0
0
0
0
0
0
0
0
0
0
0
0
0
0
0
0
0
0
0
0
0
0
0
0
0
0
0
0
0
0
0
0
0
0
0
0
0
0
0
0
0
0
0
0
0
0
0
0
0
0
0
0
0
0
0
0
0
0
0
0
0
0
0
0
0
0
0
0
0
0
0
0
0
0
0
0
0
0
0
0
0
0
0
0
0
0
0
0
0
0
0
0
0
0
0
0
0
0
0
0
0
0
0
0
0
0
0
0
0
0
0
0
0
0
0
0
0
0
0
0
0
0
0
0
0
0
0
0
0
0
0
0
0
0
0
0
0
0
0
0
0
0
0
0
0
0
0
0
0
0
0
0
0
0
0
0
0
0
0
0
0
0
0
0
0
0
0
0
0
0
0
0
0
0
0
0
0
0
0
0
0
0
0
0
0
0
0
0
0
0
0
0
0
0
0
0
0
0
0
0
0
0
0
0
0
0
0
0
0
0
0
0
0
0
0
0
0
0
0
0
0
0
0
0
0
0
0
0
0
0
0
0
0
0
0
0
0
0
0
0
0
0
0
0
0
0
0
0
0
0
0
0
0
0
0
0
0
0
0
0
0
0
0
0
0
0
0
0
0
0
0
0
0
0
0
0
0
0
0
0
0
0
0
0
0
0
0
0
0
0
0
0
0
0
0
0
0
0
0
0
0
0
0
0
0
0
0
0
0
0
0
0
0
0
0
0
0
0
0
0
0
0
0
0
0
0
0
0
0
0
0
0
0
0
0
0
0
0
0
0
0
0
0
0
0
0
0
0
0
0
0
0
0
0
0
0
0
0
0
0
0
0
0
0
0
0
0
0
0
0
0
0
0
0
0
0
0
0
0
0
0
0
0
0
0
0
0
0
0
0
0
0
0
0
0
0
0
0
0
0
0
0
0
0
0
0
0
0
0
0
0
0
0
0
0
0
0
0
0
0
0
0
0
0
0
0
0
0
0
0
0
0
0
0
0
0
0
0
0
0
0
0
0
0
0
0
0
0
0
0
0
0
0
0
0
0
0
0
0
0
0
0
0
0
0
0
0
0
0
0
0
0
0
0
0
0
0
0
0
0
0
0
0
0
0
0
0
0
0
0
0
0
0
0
0
0
0
0
0
0
0
0
0
0
0
0
0
0
0
0
0
0
0
0
0
0
0
0
0
0
0
0
0
0
0
0
0
0
0
0
0
0
0
0
0
0
0
0
0
0
0
0
0
0
0
0
0
0
0
0
0
0
0
0
0
0
0
0
0
0
0
0
0
0
0
0
0
0
0
0
0
0
0
0
0
0
0
0
0
0
0
0
0
0
0
0
0
0
0
0
0
0
0
0
0
0
0
0
0
0
0
0
0
0
0
0
0
0
0
0
0
0
0
0
0
0
0
0
0
0
0
0
0
0
0
0
0
0
0
0
0
0
0
0
0
0
0
0
0
0
0
0
0
0
0
0
0
0
0
0
0
0
0
0
0
0
0
0
0
0
0
0
0
0
0
0
0
0
0
0
0
0
0
0
0
0
0
0
0
0
0
0
0
0
0
0
0
0
0
0
0
0
0
0
0
0
0
0
0
0
0
0
0
0
0
0
0
0
0
0
0
0
0
0
0
0
0
0
0
0
0
0
0
0
0
0
0
0
0
0
0
0
0
0
0
0
0
0
0
0
0
0
0
0
0
0
0
0
0
0
0
0
0
0
0
0
0
0
0
0
0
0
0
0
0
0
0
0
0
0
0
0
0
0
0
0
0
0
0
0
0
0
0
0
0
0
0
0
0
0
0
0
0
0
0
0
0
0
0
0
0
0
0
0
0
0
0
0
0
0
0
0
0
0
0
0
0
0
0
0
0
0
0
0
0
0
0
0
0
0
0
0
0
0
0
0
0
0
0
0
0
0
0
0
0
0
0
0
0
0
0
0
0
0
0
0
0
0
0
0
0
0
0
0
0
0
0
0
0
0
0
0
0
0
0
0
0
0
0
0
0
0
0
0
0
0
0
0
0
0
0
0
0
0
0
0
0
0
0
0
0
0
0
0
0
0
0
0
0
0
0
0
0
0
0
0
0
0
0
0
0
0
0
0
0
0
0
0
0
0
0
0
0
0
0
0
0
0
0
0
0
0
0
0
0
0
0
0
0
0
0
0
0
0
0
0
0
0
0
0
0
0
0
0
0
0
0
0
0
0
0
0
0
0
0
0
0
0
0
0
0
0
0
0
0
0
0
0
0
0
0
0
0
0
0
0
0
0
0
0
0
0
0
0
0
0
0
0
0
0
0
0
0
0
0
0
0
0
0
0
0
0
0
0
0
0
0
0
0
0
0
0
0
0
0
0
0
0
0
0
0
0
0
0
0
0
0
0
0
0
0
0
0
0
0
0
0
0
0
0
0
0
0
0
0
0
0
0
0
0
0
0
0
0
0
0
0
0
0
0
0
0
0
0
0
0
0
0
0
0
0
0
0
0
0
0
0
0
0
0
0
0
0
0
0
0
0
0
0
0
0
0
0
0
0
0
0
0
0
0
0
0
0
0
0
0
0
0
0
0
0
0
0
0
0
0
0
0
0
0
0
0
0
0
0
0
0
0
0
0
0
0
0
0
0
0
0
0
0
0
0
0
0
0
0
0
0
0
0
0
0
0
0
0
0
0
0
0
0
0
0
0
0
0
0
0
0
0
0
0
0
0
0
0
0
0
0
0
0
0
0
0
0
0
0
0
0
0
0
0
0
0
0
0
0
0
0
0
0
0
0
0
0
0
0
0
0
0
0
0
0
0
0
0
0
0
0
0
0
0
0
0
0
0
0
0
0
0
0
0
0
0
0
0
0
0
0
0
0
0
0
0
0
0
0
0
0
0
0
0
0
0
0
0
0
0
0
0
0
0
0
0
0
0
0
0
0
0
0
0
0
0
0
0
0
0
0
0
0
0
0
0
0
0
0
0
0
0
0
0
0
0
0
0
0
0
0
0
0
0
0
0
0
0
0
0
0
0
0
0
0
0
0
0
0
0
0
0
0
0
0
0
0
0
0
0
0
0
0
0
0
0
0
0
0
0
0
0
0
0
0
0
0
0
0
0
0
0
0
0
0
0
0
0
0
0
0
0
0
0
0
0
0
0
0
0
0
0
0
0
0
0
0
0
0
0
0
0
0
0
0
0
0
0
0
0
0
0
0
0
0
0
0
0
0
0
0
0
0
0
0
0
0
0
0
0
0
0
0
0
0
0
0
0
0
0
0
0
0
0
0
0
0
0
0
0
0
0
0
0
0
0
0
0
0
0
0
0
0
0
0
0
0
0
0
0
0
0
0
0
0
0
0
0
0
0
0
0
0
0
0
0
0
0
0
0
0
0
0
0
0
0
0
0
0
0
0
0
0
0
0
0
0
0
0
0
0
0
0
0
0
0
0
0
0
0
0
0
0
0
0
0
0
0
0
0
0
0
0
0
0
0
0
0
0
0
0
0
0
0
0
0
0
0
0
0
0
0
0
0
0
0
0
0
0
0
0
0
0
0
0
0
0
0
0
0
0
0
0
0
0
0
0
0
0
0
0
0
0
0
0
0
0
0
0
0
0
0
0
0
0
0
0
0
0
0
0
0
0
0
0
0
0
0
0
0
0
0
0
0
0
0
0
0
0
0
0
0
0
0
0
0
0
0
0
0
0
0
0
0
0
0
0
0
0
0
0
0
0
0
0
0
0
0
0
0
0
0
0
0
0
0
0
0
0
0
0
0
0
0
0
0
0
0
0
0
0
0
0
0
0
0
0
0
0
0
0
0
0
0
0
0
0
0
0
0
0
0
0
0
0
0
0
0
0
0
0
0
0
0
0
0
0
0
0
0
0
0
0
0
0
0
0
0
0
0
0
0
0
0
0
0
0
0
0
0
0
0
0
0
0
0
0
0
0
0
0
0
0
0
0
0
0
0
0
0
0
0
0
0
0
0
0
0
0
0
0
0
0
0
0
0
0
0
0
0
0
0
0
0
0
0
0
0
0
0
0
0
0
0
0
0
0
0
0
0
0
0
0
0
0
0
0
0
0
0
0
0
0
0
0
0
0
0
0
0
0
0
0
0
0
0
0
0
0
0
0
0
0
0
0
0
0
0
0
0
0
0
0
0
0
0
0
0
0
0
0
0
0
0
0
0
0
0
0
0
0
0
0
0
0
0
0
0
0
0
0
0
0
0
0
0
0
0
0
0
0
0
0
0
0
0
0
0
0
0
0
0
0
0
0
0
0
0
0
0
0
0
0
0
0
0
0
0
0
0
0
0
0
0
0
0
0
0
0
0
0
0
0
0
0
0
0
0
0
0
0
0
0
0
0
0
0
0
0
0
0
0
0
0
0
0
0
0
0
0
0
0
0
0
0
0
0
0
0
0
0
0
0
0
0
0
0
0
0
0
0
0
0
0
0
0
0
0
0
0
0
0
0
0
0
0
0
0
0
0
0
0
0
0
0
0
0
0
0
0
0
0
0
0
0
0
0
0
0
0
0
0
0
0
0
0
0
0
0
0
0
0
0
0
0
0
0
0
0
0
0
0
0
0
0
0
0
0
0
0
0
0
0
0
0
0
0
0
0
0
0
0
0
0
0
0
0
0
0
0
0
0
0
0
0
0
0
0
0
0
0
0
0
0
0
0
0
0
0
0
0
0
0
0
0
0
0
0
0
0
0
0
0
0
0
0
0
0
0
0
0
0
0
0
0
0
0
0
0
0
0
0
0
0
0
0
0
0
0
0
0
0
0
0
0
0
0
0
0
0
0
0
0
0
0
0
0
0
0
0
0
0
0
0
0
0
0
0
0
0
0
0
0
0
0
0
0
0
0
0
0
0
0
0
0
0
0
0
0
0
0
0
0
0
0
0
0
0
0
0
0
0
0
0
0
0
0
0
0
0
0
0
0
0
0
0
0
0
0
0
0
0
0
0
0
0
0
0
0
0
0
0
0
0
0
0
0
0
0
0
0
0
0
0
0
0
0
0
0
0
0
0
0
0
0
0
0
0
0
0
0
0
0
0
0
0
0
0
0
0
0
0
0
0
0
0
0
0
0
0
0
0
0
0
0
0
0
0
0
0
0
0
0
0
0
0
0
0
0
0
0
0
0
0
0
0
0
0
0
0
0
0
0
0
0
0
0
0
0
0
0
0
0
0
0
0
0
0
0
0
0
0
0
0
0
0
0
0
0
0
0
0
0
0
0
0
0
0
0
0
0
0
0
0
0
0
0
0
0
0
0
0
0
0
0
0
0
0
0
0
0
0
0
0
0
0
0
0
0
0
0
0
0
0
0
0
0
0
0
0
0
0
0
0
0
0
0
0
0
0
0
0
0
0
0
0
0
0
0
0
0
0
0
0
0
0
0
0
0
0
0
0
0
0
0
0
0
0
0
0
0
0
0
0
0
0
0
0
0
0
0
0
0
0
0
0
0
0
0
0
0
0
0
0
0
0
0
0
0
0
0
0
0
0
0
0
0
0
0
0
0
0
0
0
0
0
0
0
0
0
0
0
0
0
0
0
0
0
0
0
0
0
0
0
0
0
0
0
0
0
0
0
0
0
0
0
0
0
0
0
0
0
0
0
0
0
0
0
0
0
0
0
0
0
0
0
0
0
0
0
0
0
0
0
0
0
0
0
0
0
0
0
0
0
0
0
0
0
0
0
0
0
0
0
0
0
0
0
0
0
0
0
0
0
0
0
0
0
0
0
0
0
0
0
0
0
0
0
0
0
0
0
0
0
0
0
0
0
0
0
0
0
0
0
0
0
0
0
0
0
0
0
0
0
0
0
0
0
0
0
0
0
0
0
0
0
0
0
0
0
0
0
0
0
0
0
0
0
0
0
0
0
0
0
0
0
0
0
0
0
0
0
0
0
0
0
0
0
0
0
0
0
0
0
0
0
0
0
0
0
0
0
0
0
0
0
0
0
0
0
0
0
0
0
0
0
0
0
0
0
0
0
0
0
0
0
0
0
0
0
0
0
0
0
0
0
0
0
0
0
0
0
0
0
0
0
0
0
0
0
0
0
0
0
0
0
0
0
0
0
0
0
0
0
0
0
0
0
0
0
0
0
0
0
0
0
0
0
0
0
0
0
0
0
0
0
0
0
0
0
0
0
0
0
0
0
0
0
0
0
0
0
0
0
0
0
0
0
0
0
0
0
0
0
0
0
0
0
0
0
0
0
0
0
0
0
0
0
0
0
0
0
0
0
0
0
0
0
0
0
0
0
0
0
0
0
0
0
0
0
0
0
0
0
0
0
0
0
0
0
0
0
0
0
0
0
0
0
0
0
0
0
0
0
0
0
0
0
0
0
0
0
0
0
0
0
0
0
0
0
0
0
0
0
0
0
0
0
0
0
0
0
0
0
0
0
0
0
0
0
0
0
0
0
0
0
0
0
0
0
0
0
0
0
0
0
0
0
0
0
0
0
0
0
0
0
0
0
0
0
0
0
0
0
0
0
0
0
0
0
0
0
0
0
0
0
0
0
0
0
0
0
0
0
0
0
0
0
0
0
0
0
0
0
0
0
0
0
0
0
0
0
0
0
0
0
0
0
0
0
0
0
0
0
0
0
0
0
0
0
0
0
0
0
0
0
0
0
0
0
0
0
0
0
0
0
0
0
0
0
0
0
0
0
0
0
0
0
0
0
0
0
0
0
0
0
0
0
0
0
0
0
0
0
0
0
0
0
0
0
0
0
0
0
0
0
0
0
0
0
0
0
0
0
0
0
0
0
0
0
0
0
0
0
0
0
0
0
0
0
0
0
0
0
0
0
0
0
0
0
0
0
0
0
0
0
0
0
0
0
0
0
0
0
0
0
0
0
0
0
0
0
0
0
0
0
0
0
0
0
0
0
0
0
0
0
0
0
0
0
0
0
0
0
0
0
0
0
0
0
0
0
0
0
0
0
0
0
0
0
0
0
0
0
0
0
0
0
0
0
0
0
0
0
0
0
0
0
0
0
0
0
0
0
0
0
0
0
0
0
0
0
0
0
0
0
0
0
0
0
0
0
0
0
0
0
0
0
0
0
0
0
0
0
0
0
0
0
0
0
0
0
0
0
0
0
0
0
0
0
0
0
0
0
0
0
0
0
0
0
0
0
0
0
0
0
0
0
0
0
0
0
0
0
0
0
0
0
0
0
0
0
0
0
0
0
0
0
0
0
0
0
0
0
0
0
0
0
0
0
0
0
0
0
0
0
0
0
0
0
0
0
0
0
0
0
0
0
0
0
0
0
0
0
0
0
0
0
0
0
0
0
0
0
0
0
0
0
0
0
0
0
0
0
0
0
0
0
0
0
0
0
0
0
0
0
0
0
0
0
0
0
0
0
0
0
0
0
0
0
0
0
0
0
0
0
0
0
0
0
0
0
0
0
0
0
0
0
0
0
0
0
0
0
0
0
0
0
0
0
0
0
0
0
0
0
0
0
0
0
0
0
0
0
0
0
0
0
0
0
0
0
0
0
0
0
0
0
0
0
0
0
0
0
0
0
0
0
0
0
0
0
0
0
0
0
0
0
0
0
0
0
0
0
0
0
0
0
0
0
0
0
0
0
0
0
0
0
0
0
0
0
0
0
0
0
0
0
0
0
0
0
0
0
0
0
0
0
0
0
0
0
0
0
0
0
0
0
0
0
0
0
0
0
0
0
0
0
0
0
0
0
0
0
0
0
0
0
0
0
0
0
0
0
0
0
0
0
0
0
0
0
0
0
0
0
0
0
0
0
0
0
0
0
0
0
0
0
0
0
0
0
0
0
0
0
0
0
0
0
0
0
0
0
0
0
0
0
0
0
0
0
0
0
0
0
0
0
0
0
0
0
0
0
0
0
0
0
0
0
0
0
0
0
0
0
0
0
0
0
0
0
0
0
0
0
0
0
0
0
0
0
0
0
0
0
0
0
0
0
0
0
0
0
0
0
0
0
0
0
0
0
0
0
0
0
0
0
0
0
0
0
0
0
0
0
0
0
0
0
0
0
0
0
0
0
0
0
0
0
0
0
0
0
0
0
0
0
0
0
0
0
0
0
0
0
0
0
0
0
0
0
0
0
0
0
0
0
0
0
0
0
0
0
0
0
0
0
0
0
0
0
0
0
0
0
0
0
0
0
0
0
0
0
0
0
0
0
0
0
0
0
0
0
0
0
0
0
0
0
0
0
0
0
0
0
0
0
0
0
0
0
0
0
0
0
0
0
0
0
0
0
0
0
0
0
0
0
0
0
0
0
0
0
0
0
0
0
0
0
0
0
0
0
0
0
0
0
0
0
0
0
0
0
0
0
0
0
0
0
0
0
0
0
0
0
0
0
0
0
0
0
0
0
0
0
0
0
0
0
0
0
0
0
0
0
0
0
0
0
0
0
0
0
0
0
0
0
0
0
0
0
0
0
0
0
0
0
0
0
0
0
0
0
0
0
0
0
0
0
0
0
0
0
0
0
0
0
0
0
0
0
0
0
0
0
0
0
0
0
0
0
0
0
0
0
0
0
0
0
0
0
0
0
0
0
0
0
0
0
0
0
0
0
0
0
0
0
0
0
0
0
0
0
0
0
0
0
0
0
0
0
0
0
0
0
0
0
0
0
0
0
0
0
0
0
0
0
0
0
0
0
0
0
0
0
0
0
0
0
0
0
0
0
0
0
0
0
0
0
0
0
0
0
0
0
0
0
0
0
0
0
0
0
0
0
0
0
0
0
0
0
0
0
0
0
0
0
0
0
0
0
0
0
0
0
0
0
0
0
0
0
0
0
0
0
0
0
0
0
0
0
0
0
0
0
0
0
0
0
0
0
0
0
0
0
0
0
0
0
0
0
0
0
0
0
0
0
0
0
0
0
0
0
0
0
0
0
0
0
0
0
0
0
0
0
0
0
0
0
0
0
0
0
0
0
0
0
0
0
0
0
0
0
0
0
0
0
0
0
0
0
0
0
0
0
0
0
0
0
0
0
0
0
0
0
0
0
0
0
0
0
0
0
0
0
0
0
0
0
0
0
0
0
0
0
0
0
0
0
0
0
0
0
0
0
0
0
0
0
0
0
0
0
0
0
0
0
0
0
0
0
0
0
0
0
0
0
0
0
0
0
0
0
0
0
0
0
0
0
0
0
0
0
0
0
0
0
0
0
0
0
0
0
0
0
0
0
0
0
0
0
0
0
0
0
0
0
0
0
0
0
0
0
0
0
0
0
0
0
0
0
0
0
0
0
0
0
0
0
0
0
0
0
0
0
0
0
0
0
0
0
0
0
0
0
0
0
0
0
0
0
0
0
0
0
0
0
0
0
0
0
0
0
0
0
0
0
0
0
0
0
0
0
0
0
0
0
0
0
0
0
0
0
0
0
0
0
0
0
0
0
0
0
0
0
0
0
0
0
0
0
0
0
0
0
0
0
0
0
0
0
0
0
0
0
0
0
0
0
0
0
0
0
0
0
0
0
0
0
0
0
0
0
0
0
0
0
0
0
0
0
0
0
0
0
0
0
0
0
0
0
0
0
0
0
0
0
0
0
0
0
0
0
0
0
0
0
0
0
0
0
0
0
0
0
0
0
0
0
0
0
0
0
0
0
0
0
0
0
0
0
0
0
0
0
0
0
0
0
0
0
0
0
0
0
0
0
0
0
0
0
0
0
0
0
0
0
0
0
0
0
0
0
0
0
0
0
0
0
0
0
0
0
0
0
0
0
0
0
0
0
0
0
0
0
0
0
0
0
0
0
0
0
0
0
0
0
0
0
0
0
0
0
0
0
0
0
0
0
0
0
0
0
0
0
0
0
0
0
0
0
0
0
0
0
0
0
0
0
0
0
0
0
0
0
0
0
0
0
0
0
0
0
0
0
0
0
0
0
0
0
0
0
0
0
0
0
0
0
0
0
0
0
0
0
0
0
0
0
0
0
0
0
0
0
0
0
0
0
0
0
0
0
0
0
0
0
0
0
0
0
0
0
0
0
0
0
0
0
0
0
0
0
0
0
0
0
0
0
0
0
0
0
0
0
0
0
0
0
0
0
0
0
0
0
0
0
0
0
0
0
0
0
0
0
0
0
0
0
0
0
0
0
0
0
0
0
0
0
0
0
0
0
0
0
0
0
0
0
0
0
0
0
0
0
0
0
0
0
0
0
0
0
0
0
0
0
0
0
0
0
0
0
0
0
0
0
0
0
0
0
0
0
0
0
0
0
0
0
0
0
0
0
0
0
0
0
0
0
0
0
0
0
0
0
0
0
0
0
0
0
0
0
0
0
0
0
0
0
0
0
0
0
0
0
0
0
0
0
0
0
0
0
0
0
0
0
0
0
0
0
0
0
0
0
0
0
0
0
0
0
0
0
0
0
0
0
0
0
0
0
0
0
0
0
0
0
0
0
0
0
0
0
0
0
0
0
0
0
0
0
0
0
0
0
0
0
0
0
0
0
0
0
0
0
0
0
0
0
0
0
0
0
0
0
0
0
0
0
0
0
0
0
0
0
0
0
0
0
0
0
0
0
0
0
0
0
0
0
0
0
0
0
0
0
0
0
0
0
0
0
0
0
0
0
0
0
0
0
0
0
0
0
0
0
0
0
0
0
0
0
0
0
0
0
0
0
0
0
0
0
0
0
0
0
0
0
0
0
0
0
0
0
0
0
0
0
0
0
0
0
0
0
0
0
0
0
0
0
0
0
0
0
0
0
0
0
0
0
0
0
0
0
0
0
0
0
0
0
0
0
0
0
0
0
0
0
0
0
0
0
0
0
0
0
0
0
0
0
0
0
0
0
0
0
0
0
0
0
0
0
0
0
0
0
0
0
0
0
0
0
0
0
0
0
0
0
0
0
0
0
0
0
0
0
0
0
0
0
0
0
0
0
0
0
0
0
0
0
0
0
0
0
0
0
0
0
0
0
0
0
0
0
0
0
0
0
0
0
0
0
0
0
0
0
0
0
0
0
0
0
0
0
0
0
0
0
0
0
0
0
0
0
0
0
0
0
0
0
0
0
0
0
0
0
0
0
0
0
0
0
0
0
0
0
0
0
0
0
0
0
0
0
0
0
0
0
0
0
0
0
0
0
0
0
0
0
0
0
0
0
0
0
0
0
0
0
0
0
0
0
0
0
0
0
0
0
0
0
0
0
0
0
0
0
0
0
0
0
0
0
0
0
0
0
0
0
0
0
0
0
0
0
0
0
0
0
0
0
0
0
0
0
0
0
0
0
0
0
0
0
0
0
0
0
0
0
0
0
0
0
0
0
0
0
0
0
0
0
0
0
0
0
0
0
0
0
0
0
0
0
0
0
0
0
0
0
0
0
0
0
0
0
0
0
0
0
0
0
0
0
0
0
0
0
0
0
0
0
0
0
0
0
0
0
0
0
0
0
0
0
0
0
0
0
0
0
0
0
0
0
0
0
0
0
0
0
0
0
0
0
0
0
0
0
0
0
0
0
0
0
0
0
0
0
0
0
0
0
0
0
0
0
0
0
0
0
0
0
0
0
0
0
0
0
0
0
0
0
0
0
0
0
0
0
0
0
0
0
0
0
0
0
0
0
0
0
0
0
0
0
0
0
0
0
0
0
0
0
0
0
0
0
0
0
0
0
0
0
0
0
0
0
0
0
0
0
0
0
0
0
0
0
0
0
0
0
0
0
0
0
0
0
0
0
0
0
0
0
0
0
0
0
0
0
0
0
0
0
0
0
0
0
0
0
0
0
0
0
0
0
0
0
0
0
0
0
0
0
0
0
0
0
0
0
0
0
0
0
0
0
0
0
0
0
0
0
0
0
0
0
0
0
0
0
0
0
0
0
0
0
0
0
0
0
0
0
0
0
0
0
0
0
0
0
0
0
0
0
0
0
0
0
0
0
0
0
0
0
0
0
0
0
0
0
0
0
0
0
0
0
0
0
0
0
0
0
0
0
0
0
0
0
0
0
0
0
0
0
0
0
0
0
0
0
0
0
0
0
0
0
0
0
0
0
0
0
0
0
0
0
0
0
0
0
0
0
0
0
0
0
0
0
0
0
0
0
0
0
0
0
0
0
0
0
0
0
0
0
0
0
0
0
0
0
0
0
0
0
0
0
0
0
0
0
0
0
0
0
0
0
0
0
0
0
0
0
0
0
0
0
0
0
0
0
0
0
0
0
0
0
0
0
0
0
0
0
0
0
0
0
0
0
0
0
0
0
0
0
0
0
0
0
0
0
0
0
0
0
0
0
0
0
0
0
0
0
0
0
0
0
0
0
0
0
0
0
0
0
0
0
0
0
0
0
0
0
0
0
0
0
0
0
0
0
0
0
0
0
0
0
0
0
0
0
0
0
0
0
0
0
0
0
0
0
0
0
0
0
0
0
0
0
0
0
0
0
0
0
0
0
0
0
0
0
0
0
0
0
0
0
0
0
0
0
0
0
0
0
0
0
0
0
0
0
0
0
0
0
0
0
0
0
0
0
0
0
0
0
0
0
0
0
0
0
0
0
0
0
0
0
0
0
0
0
0
0
0
0
0
0
0
0
0
0
0
0
0
0
0
0
0
0
0
0
0
0
0
0
0
0
0
0
0
0
0
0
0
0
0
0
0
0
0
0
0
0
0
0
0
0
0
0
0
0
0
0
0
0
0
0
0
0
0
0
0
0
0
0
0
0
0
0
0
0
0
0
0
0
0
0
0
0
0
0
0
0
0
0
0
0
0
0
0
0
0
0
0
0
0
0
0
0
0
0
0
0
0
0
0
0
0
0
0
0
0
0
0
0
0
0
0
0
0
0
0
0
0
0
0
0
0
0
0
0
0
0
0
0
0
0
0
0
0
0
0
0
0
0
0
0
0
0
0
0
0
0
0
0
0
0
0
0
0
0
0
0
0
0
0
0
0
0
0
0
0
0
0
0
0
0
0
0
0
0
0
0
0
0
0
0
0
0
0
0
0
0
0
0
0
0
0
0
0
0
0
0
0
0
0
0
0
0
0
0
0
0
0
0
0
0
0
0
0
0
0
0
0
0
0
0
0
0
0
0
0
0
0
0
0
0
0
0
0
0
0
0
0
0
0
0
0
0
0
0
0
0
0
0
0
0
0
0
0
0
0
0
0
0
0
0
0
0
0
0
0
0
0
0
0
0
0
0
0
0
0
0
0
0
0
0
0
0
0
0
0
0
0
0
0
0
0
0
0
0
0
0
0
0
0
0
0
0
0
0
0
0
0
0
0
0
0
0
0
0
0
0
0
0
0
0
0
0
0
0
0
0
0
0
0
0
0
0
0
0
0
0
0
0
0
0
0
0
0
0
0
0
0
0
0
0
0
0
0
0
0
0
0
0
0
0
0
0
0
0
0
0
0
0
0
0
0
0
0
0
0
0
0
0
0
0
0
0
0
0
0
0
0
0
0
0
0
0
0
0
0
0
0
0
0
0
0
0
0
0
0
0
0
0
0
0
0
0
0
0
0
0
0
0
0
0
0
0
0
0
0
0
0
0
0
0
0
0
0
0
0
0
0
0
0
0
0
0
0
0
0
0
0
0
0
0
0
0
0
0
0
0
0
0
0
0
0
0
0
0
0
0
0
0
0
0
0
0
0
0
0
0
0
0
0
0
0
0
0
0
0
0
0
0
0
0
0
0
0
0
0
0
0
0
0
0
0
0
0
0
0
0
0
0
0
0
0
0
0
0
0
0
0
0
0
0
0
0
0
0
0
0
0
0
0
0
0
0
0
0
0
0
0
0
0
0
0
0
0
0
0
0
0
0
0
0
0
0
0
0
0
0
0
0
0
0
0
0
0
0
0
0
0
0
0
0
0
0
0
0
0
0
0
0
0
0
0
0
0
0
0
0
0
0
0
0
0
0
0
0
0
0
0
0
0
0
0
0
0
0
0
0
0
0
0
0
0
0
0
0
0
0
0
0
0
0
0
0
0
0
0
0
0
0
0
0
0
0
0
0
0
0
0
0
0
0
0
0
0
0
0
0
0
0
0
0
0
0
0
0
0
0
0
0
0
0
0
0
0
0
0
0
0
0
0
0
0
0
0
0
0
0
0
0
0
0
0
0
0
0
0
0
0
0
0
0
0
0
0
0
0
0
0
0
0
0
0
0
0
0
0
0
0
0
0
0
0
0
0
0
0
0
0
0
0
0
0
0
0
0
0
0
0
0
0
0
0
0
0
0
0
0
0
0
0
0
0
0
0
0
0
0
0
0
0
0
0
0
0
0
0
0
0
0
0
0
0
0
0
0
0
0
0
0
0
0
0
0
0
0
0
0
0
0
0
0
0
0
0
0
0
0
0
0
0
0
0
0
0
0
0
0
0
0
0
0
0
0
0
0
0
0
0
0
0
0
0
0
0
0
0
0
0
0
0
0
0
0
0
0
0
0
0
0
0
0
0
0
0
0
0
0
0
0
0
0
0
0
0
0
0
0
0
0
0
0
0
0
0
0
0
0
0
0
0
0
0
0
0
0
0
0
0
0
0
0
0
0
0
0
0
0
0
0
0
0
0
0
0
0
0
0
0
0
0
0
0
0
0
0
0
0
0
0
0
0
0
0
0
0
0
0
0
0
0
0
0
0
0
0
0
0
0
0
0
0
0
0
0
0
0
0
0
0
0
0
0
0
0
0
0
0
0
0
0
0
0
0
0
0
0
0
0
0
0
0
0
0
0
0
0
0
0
0
0
0
0
0
0
0
0
0
0
0
0
0
0
0
0
0
0
0
0
0
0
0
0
0
0
0
0
0
0
0
0
0
0
0
0
0
0
0
0
0
0
0
0
0
0
0
0
0
0
0
0
0
0
0
0
0
0
0
0
0
0
0
0
0
0
0
0
0
0
0
0
0
0
0
0
0
0
0
0
0
0
0
0
0
0
0
0
0
0
0
0
0
0
0
0
0
0
0
0
0
0
0
0
0
0
0
0
0
0
0
0
0
0
0
0
0
0
0
0
0
0
0
0
0
0
0
0
0
0
0
0
0
0
0
0
0
0
0
0
0
0
0
0
0
0
0
0
0
0
0
0
0
0
0
0
0
0
0
0
0
0
0
0
0
0
0
0
0
0
0
0
0
0
0
0
0
0
0
0
0
0
0
0
0
0
0
0
0
0
0
0
0
0
0
0
0
0
0
0
0
0
0
0
0
0
0
0
0
0
0
0
0
0
0
0
0
0
0
0
0
0
0
0
0
0
0
0
0
0
0
0
0
0
0
0
0
0
0
0
0
0
0
0
0
0
0
0
0
0
0
0
0
0
0
0
0
0
0
0
0
0
0
0
0
0
0
0
0
0
0
0
0
0
0
0
0
0
0
0
0
0
0
0
0
0
0
0
0
0
0
0
0
0
0
0
0
0
0
0
0
0
0
0
0
0
0
0
0
0
0
0
0
0
0
0
0
0
0
0
0
0
0
0
0
0
0
0
0
0
0
0
0
0
0
0
0
0
0
0
0
0
0
0
0
0
0
0
0
0
0
0
0
0
0
0
0
0
0
0
0
0
0
0
0
0
0
0
0
0
0
0
0
0
0
0
0
0
0
0
0
0
0
0
0
0
0
0
0
0
0
0
0
0
0
0
0
0
0
0
0
0
0
0
0
0
0
0
0
0
0
0
0
0
0
0
0
0
0
0
0
0
0
0
0
0
0
0
0
0
0
0
0
0
0
0
0
0
0
0
0
0
0
0
0
0
0
0
0
0
0
0
0
0
0
0
0
0
0
0
0
0
0
0
0
0
0
0
0
0
0
0
0
0
0
0
0
0
0
0
0
0
0
0
0
0
0
0
0
0
0
0
0
0
0
0
0
0
0
0
0
0
0
0
0
0
0
0
0
0
0
0
0
0
0
0
0
0
0
0
0
0
0
0
0
0
0
0
0
0
0
0
0
0
0
0
0
0
0
0
0
0
0
0
0
0
0
0
0
0
0
0
0
0
0
0
0
0
0
0
0
0
0
0
0
0
0
0
0
0
0
0
0
0
0
0
0
0
0
0
0
0
0
0
0
0
0
0
0
0
0
0
0
0
0
0
0
0
0
0
0
0
0
0
0
0
0
0
0
0
0
0
0
0
0
0
0
0
0
0
0
0
0
0
0
0
0
0
0
0
0
0
0
0
0
0
0
0
0
0
0
0
0
0
0
0
0
0
0
0
0
0
0
0
0
0
0
0
0
0
0
0
0
0
0
0
0
0
0
0
0
0
0
0
0
0
0
0
0
0
0
0
0
0
0
0
0
0
0
0
0
0
0
0
0
0
0
0
0
0
0
0
0
0
0
0
0
0
0
0
0
0
0
0
0
0
0
0
0
0
0
0
0
0
0
0
0
0
0
0
0
0
0
0
0
0
0
0
0
0
0
0
0
0
0
0
0
0
0
0
0
0
0
0
0
0
0
0
0
0
0
0
0
0
0
0
0
0
0
0
0
0
0
0
0
0
0
0
0
0
0
0
0
0
0
0
0
0
0
0
0
0
0
0
0
0
0
0
0
0
0
0
0
0
0
0
0
0
0
0
0
0
0
0
0
0
0
0
0
0
0
0
0
0
0
0
0
0
0
0
0
0
0
0
0
0
0
0
0
0
0
0
0
0
0
0
0
0
0
0
0
0
0
0
0
0
0
0
0
0
0
0
0
0
0
0
0
0
0
0
0
0
0
0
0
0
0
0
0
0
0
0
0
0
0
0
0
0
0
0
0
0
0
0
0
0
0
0
0
0
0
0
0
0
0
0
0
0
0
0
0
0
0
0
0
0
0
0
0
0
0
0
0
0
0
0
0
0
0
0
0
0
0
0
0
0
0
0
0
0
0
0
0
0
0
0
0
0
0
0
0
0
0
0
0
0
0
0
0
0
0
0
0
0
0
0
0
0
0
0
0
0
0
0
0
0
0
0
0
0
0
0
0
0
0
0
0
0
0
0
0
0
0
0
0
0
0
0
0
0
0
0
0
0
0
0
0
0
0
0
0
0
0
0
0
0
0
0
0
0
0
0
0
0
0
0
0
0
0
0
0
0
0
0
0
0
0
0
0
0
0
0
0
0
0
0
0
0
0
0
0
0
0
0
0
0
0
0
0
0
0
0
0
0
0
0
0
0
0
0
0
0
0
0
0
0
0
0
0
0
0
0
0
0
0
0
0
0
0
0
0
0
0
0
0
0
0
0
0
0
0
0
0
0
0
0
0
0
0
0
0
0
0
0
0
0
0
0
0
0
0
0
0
0
0
0
0
0
0
0
0
0
0
0
0
0
0
0
0
0
0
0
0
0
0
0
0
0
0
0
0
0
0
0
0
0
0
0
0
0
0
0
0
0
0
0
0
0
0
0
0
0
0
0
0
0
0
0
0
0
0
0
0
0
0
0
0
0
0
0
0
0
0
0
0
0
0
0
0
0
0
0
0
0
0
0
0
0
0
0
0
0
0
0
0
0
0
0
0
0
0
0
0
0
0
0
0
0
0
0
0
0
0
0
0
0
0
0
0
0
0
0
0
0
0
0
0
0
0
0
0
0
0
0
0
0
0
0
0
0
0
0
0
0
0
0
0
0
0
0
0
0
0
0
0
0
0
0
0
0
0
0
0
0
0
0
0
0
0
0
0
0
0
0
0
0
0
0
0
0
0
0
0
0
0
0
0
0
0
0
0
0
0
0
0
0
0
0
0
0
0
0
0
0
0
0
0
0
0
0
0
0
0
0
0
0
0
0
0
0
0
0
0
0
0
0
0
0
0
0
0
0
0
0
0
0
0
0
0
0
0
0
0
0
0
0
0
0
0
0
0
0
0
0
0
0
0
0
0
0
0
0
0
0
0
0
0
0
0
0
0
0
0
0
0
0
0
0
0
0
0
0
0
0
0
0
0
0
0
0
0
0
0
0
0
0
0
0
0
0
0
0
0
0
0
0
0
0
0
0
0
0
0
0
0
0
0
0
0
0
0
0
0
0
0
0
0
0
0
0
0
0
0
0
0
0
0
0
0
0
0
0
0
0
0
0
0
0
0
0
0
0
0
0
0
0
0
0
0
0
0
0
0
0
0
0
0
0
0
0
0
0
0
0
0
0
0
0
0
0
0
0
0
0
0
0
0
0
0
0
0
0
0
0
0
0
0
0
0
0
0
0
0
0
0
0
0
0
0
0
0
0
0
0
0
0
0
0
0
0
0
0
0
0
0
0
0
0
0
0
0
0
0
0
0
0
0
0
0
0
0
0
0
0
0
0
0
0
0
0
0
0
0
0
0
0
0
0
0
0
0
0
0
0
0
0
0
0
0
0
0
0
0
0
0
0
0
0
0
0
0
0
0
0
0
0
0
0
0
0
0
0
0
0
0
0
0
0
0
0
0
0
0
0
0
0
0
0
0
0
0
0
0
0
0
0
0
0
0
0
0
0
0
0
0
0
0
0
0
0
0
0
0
0
0
0
0
0
0
0
0
0
0
0
0
0
0
0
0
0
0
0
0
0
0
0
0
0
0
0
0
0
0
0
0
0
0
0
0
0
0
0
0
0
0
0
0
0
0
0
0
0
0
0
0
0
0
0
0
0
0
0
0
0
0
0
0
0
0
0
0
0
0
0
0
0
0
0
0
0
0
0
0
0
0
0
0
0
0
0
0
0
0
0
0
0
0
0
0
0
0
0
0
0
0
0
0
0
0
0
0
0
0
0
0
0
0
0
0
0
0
0
0
0
0
0
0
0
0
0
0
0
0
0
0
0
0
0
0
0
0
0
0
0
0
0
0
0
0
0
0
0
0
0
0
0
0
0
0
0
0
0
0
0
0
0
0
0
0
0
0
0
0
0
0
0
0
0
0
0
0
0
0
0
0
0
0
0
0
0
0
0
0
0
0
0
0
0
0
0
0
0
0
0
0
0
0
0
0
0
0
0
0
0
0
0
0
0
0
0
0
0
0
0
0
0
0
0
0
0
0
0
0
0
0
0
0
0
0
0
0
0
0
0
0
0
0
0
0
0
0
0
0
0
0
0
0
0
0
0
0
0
0
0
0
0
0
0
0
0
0
0
0
0
0
0
0
0
0
0
0
0
0
0
0
0
0
0
0
0
0
0
0
0
0
0
0
0
0
0
0
0
0
0
0
0
0
0
0
0
0
0
0
0
0
0
0
0
0
0
0
0
0
0
0
0
0
0
0
0
0
0
0
0
0
0
0
0
0
0
0
0
0
0
0
0
0
0
0
0
0
0
0
0
0
0
0
0
0
0
0
0
0
0
0
0
0
0
0
0
0
0
0
0
0
0
0
0
0
0
0
0
0
0
0
0
0
0
0
0
0
0
0
0
0
0
0
0
0
0
0
0
0
0
0
0
0
0
0
0
0
0
0
0
0
0
0
0
0
0
0
0
0
0
0
0
0
0
0
0
0
0
0
0
0
0
0
0
0
0
0
0
0
0
0
0
0
0
0
0
0
0
0
0
0
0
0
0
0
0
0
0
0
0
0
0
0
0
0
0
0
0
0
0
0
0
0
0
0
0
0
0
0
0
0
0
0
0
0
0
0
0
0
0
0
0
0
0
0
0
0
0
0
0
0
0
0
0
0
0
0
0
0
0
0
0
0
0
0
0
0
0
0
0
0
0
0
0
0
0
0
0
0
0
0
0
0
0
0
0
0
0
0
0
0
0
0
0
0
0
0
0
0
0
0
0
0
0
0
0
0
0
0
0
0
0
0
0
0
0
0
0
0
0
0
0
0
0
0
0
0
0
0
0
0
0
0
0
0
0
0
0
0
0
0
0
0
0
0
0
0
0
0
0
0
0
0
0
0
0
0
0
0
0
0
0
0
0
0
0
0
0
0
0
0
0
0
0
0
0
0
0
0
0
0
0
0
0
0
0
0
0
0
0
0
0
0
0
0
0
0
0
0
0
0
0
0
0
0
0
0
0
0
0
0
0
0
0
0
0
0
0
0
0
0
0
0
0
0
0
0
0
0
0
0
0
0
0
0
0
0
0
0
0
0
0
0
0
0
0
0
0
0
0
0
0
0
0
0
0
0
0
0
0
0
0
0
0
0
0
0
0
0
0
0
0
0
0
0
0
0
0
0
0
0
0
0
0
0
0
0
0
0
0
0
0
0
0
0
0
0
0
0
0
0
0
0
0
0
0
0
0
0
0
0
0
0
0
0
0
0
0
0
0
0
0
0
0
0
0
0
0
0
0
0
0
0
0
0
0
0
0
0
0
0
0
0
0
0
0
0
0
0
0
0
0
0
0
0
0
0
0
0
0
0
0
0
0
0
0
0
0
0
0
0
0
0
0
0
0
0
0
0
0
0
0
0
0
0
0
0
0
0
0
0
0
0
0
0
0
0
0
0
0
0
0
0
0
0
0
0
0
0
0
0
0
0
0
0
0
0
0
0
0
0
0
0
0
0
0
0
0
0
0
0
0
0
0
0
0
0
0
0
0
0
0
0
0
0
0
0
0
0
0
0
0
0
0
0
0
0
0
0
0
0
0
0
0
0
0
0
0
0
0
0
0
0
0
0
0
0
0
0
0
0
0
0
0
0
0
0
0
0
0
0
0
0
0
0
0
0
0
0
0
0
0
0
0
0
0
0
0
0
0
0
0
0
0
0
0
0
0
0
0
0
0
0
0
0
0
0
0
0
0
0
0
0
0
0
0
0
0
0
0
0
0
0
0
0
0
0
0
0
0
0
0
0
0
0
0
0
0
0
0
0
0
0
0
0
0
0
0
0
0
0
0
0
0
0
0
0
0
0
0
0
0
0
0
0
0
0
0
0
0
0
0
0
0
0
0
0
0
0
0
0
0
0
0
0
0
0
0
0
0
0
0
0
0
0
0
0
0
0
0
0
0
0
0
0
0
0
0
0
0
0
0
0
0
0
0
0
0
0
0
0
0
0
0
0
0
0
0
0
0
0
0
0
0
0
0
0
0
0
0
0
0
0
0
0
0
0
0
0
0
0
0
0
0
0
0
0
0
0
0
0
0
0
0
0
0
0
0
0
0
0
0
0
0
0
0
0
0
0
0
0
0
0
0
0
0
0
0
0
0
0
0
0
0
0
0
0
0
0
0
0
0
0
0
0
0
0
0
0
0
0
0
0
0
0
0
0
0
0
0
0
0
0
0
0
0
0
0
0
0
0
0
0
0
0
0
0
0
0
0
0
0
0
0
0
0
0
0
0
0
0
0
0
0
0
0
0
0
0
0
0
0
0
0
0
0
0
0
0
0
0
0
0
0
0
0
0
0
0
0
0
0
0
0
0
0
0
0
0
0
0
0
0
0
0
0
0
0
0
0
0
0
0
0
0
0
0
0
0
0
0
0
0
0
0
0
0
0
0
0
0
0
0
0
0
0
0
0
0
0
0
0
0
0
0
0
0
0
0
0
0
0
0
0
0
0
0
0
0
0
0
0
0
0
0
0
0
0
0
0
0
0
0
0
0
0
0
0
0
0
0
0
0
0
0
0
0
0
0
0
0
0
0
0
0
0
0
0
0
0
0
0
0
0
0
0
0
0
0
0
0
0
0
0
0
0
0
0
0
0
0
0
0
0
0
0
0
0
0
0
0
0
0
0
0
0
0
0
0
0
0
0
0
0
0
0
0
0
0
0
0
0
0
0
0
0
0
0
0
0
0
0
0
0
0
0
0
0
0
0
0
0
0
0
0
0
0
0
0
0
0
0
0
0
0
0
0
0
0
0
0
0
0
0
0
0
0
0
0
0
0
0
0
0
0
0
0
0
0
0
0
0
0
0
0
0
0
0
0
0
0
0
0
0
0
0
0
0
0
0
0
0
0
0
0
0
0
0
0
0
0
0
0
0
0
0
0
0
0
0
0
0
0
0
0
0
0
0
0
0
0
0
0
0
0
0
0
0
0
0
0
0
0
0
0
0
0
0
0
0
0
0
0
0
0
0
0
0
0
0
0
0
0
0
0
0
0
0
0
0
0
0
0
0
0
0
0
0
0
0
0
0
0
0
0
0
0
0
0
0
0
0
0
0
0
0
0
0
0
0
0
0
0
0
0
0
0
0
0
0
0
0
0
0
0
0
0
0
0
0
0
0
0
0
0
0
0
0
0
0
0
0
0
0
0
0
0
0
0
0
0
0
0
0
0
0
0
0
0
0
0
0
0
0
0
0
0
0
0
0
0
0
0
0
0
0
0
0
0
0
0
0
0
0
0
0
0
0
0
0
0
0
0
0
0
0
0
0
0
0
0
0
0
0
0
0
0
0
0
0
0
0
0
0
0
0
0
0
0
0
0
0
0
0
0
0
0
0
0
0
0
0
0
0
0
0
0
0
0
0
0
0
0
0
0
0
0
0
0
0
0
0
0
0
0
0
0
0
0
0
0
0
0
0
0
0
0
0
0
0
0
0
0
0
0
0
0
0
0
0
0
0
0
0
0
0
0
0
0
0
0
0
0
0
0
0
0
0
0
0
0
0
0
0
0
0
0
0
0
0
0
0
0
0
0
0
0
0
0
0
0
0
0
0
0
0
0
0
0
0
0
0
0
0
0
0
0
0
0
0
0
0
0
0
0
0
0
0
0
0
0
0
0
0
0
0
0
0
0
0
0
0
0
0
0
0
0
0
0
0
0
0
0
0
0
0
0
0
0
0
0
0
0
0
0
0
0
0
0
0
0
0
0
0
0
0
0
0
0
0
0
0
0
0
0
0
0
0
0
0
0
0
0
0
0
0
0
0
0
0
0
0
0
0
0
0
0
0
0
0
0
0
0
0
0
0
0
0
0
0
0
0
0
0
0
0
0
0
0
0
0
0
0
0
0
0
0
0
0
0
0
0
0
0
0
0
0
0
0
0
0
0
0
0
0
0
0
0
0
0
0
0
0
0
0
0
0
0
0
0
0
0
0
0
0
0
0
0
0
0
0
0
0
0
0
0
0
0
0
0
0
0
0
0
0
0
0
0
0
0
0
0
0
0
0
0
0
0
0
0
0
0
0
0
0
0
0
0
0
0
0
0
0
0
0
0
0
0
0
0
0
0
0
0
0
0
0
0
0
0
0
0
0
0
0
0
0
0
0
0
0
0
0
0
0
0
0
0
0
0
0
0
0
0
0
0
0
0
0
0
0
0
0
0
0
0
0
0
0
0
0
0
0
0
0
0
0
0
0
0
0
0
0
0
0
0
0
0
0
0
0
0
0
0
0
0
0
0
0
0
0
0
0
0
0
0
0
0
0
0
0
0
0
0
0
0
0
0
0
0
0
0
0
0
0
0
0
0
0
0
0
0
0
0
0
0
0
0
0
0
0
0
0
0
0
0
0
0
0
0
0
0
0
0
0
0
0
0
0
0
0
0
0
0
0
0
0
0
0
0
0
0
0
0
0
0
0
0
0
0
0
0
0
0
0
0
0
0
0
0
0
0
0
0
0
0
0
0
0
0
0
0
0
0
0
0
0
0
0
0
0
0
0
0
0
0
0
0
0
0
0
0
0
0
0
0
0
0
0
0
0
0
0
0
0
0
0
0
0
0
0
0
0
0
0
0
0
0
0
0
0
0
0
0
0
0
0
0
0
0
0
0
0
0
0
0
0
0
0
0
0
0
0
0
0
0
0
0
0
0
0
0
0
0
0
0
0
0
0
0
0
0
0
0
0
0
0
0
0
0
0
0
0
0
0
0
0
0
0
0
0
0
0
0
0
0
0
0
0
0
0
0
0
0
0
0
0
0
0
0
0
0
0
0
0
0
0
0
0
0
0
0
0
0
0
0
0
0
0
0
0
0
0
0
0
0
0
0
0
0
0
0
0
0
0
0
0
0
0
0
0
0
0
0
0
0
0
0
0
0
0
0
0
0
0
0
0
0
0
0
0
0
0
0
0
0
0
0
0
0
0
0
0
0
0
0
0
0
0
0
0
0
0
0
0
0
0
0
0
0
0
0
0
0
0
0
0
0
0
0
0
0
0
0
0
0
0
0
0
0
0
0
0
0
0
0
0
0
0
0
0
0
0
0
0
0
0
0
0
0
0
0
0
0
0
0
0
0
0
0
0
0
0
0
0
0
0
0
0
0
0
0
0
0
0
0
0
0
0
0
0
0
0
0
0
0
0
0
0
0
0
0
0
0
0
0
0
0
0
0
0
0
0
0
0
0
0
0
0
0
0
0
0
0
0
0
0
0
0
0
0
0
0
0
0
0
0
0
0
0
0
0
0
0
0
0
0
0
0
0
0
0
0
0
0
0
0
0
0
0
0
0
0
0
0
0
0
0
0
0
0
0
0
0
0
0
0
0
0
0
0
0
0
0
0
0
0
0
0
0
0
0
0
0
0
0
0
0
0
0
0
0
0
0
0
0
0
0
0
0
0
0
0
0
0
0
0
0
0
0
0
0
0
0
0
0
0
0
0
0
0
0
0
0
0
0
0
0
0
0
0
0
0
0
0
0
0
0
0
0
0
0
0
0
0
0
0
0
0
0
0
0
0
0
0
0
0
0
0
0
0
0
0
0
0
0
0
0
0
0
0
0
0
0
0
0
0
0
0
0
0
0
0
0
0
0
0
0
0
0
0
0
0
0
0
0
0
0
0
0
0
0
0
0
0
0
0
0
0
0
0
0
0
0
0
0
0
0
0
0
0
0
0
0
0
0
0
0
0
0
0
0
0
0
0
0
0
0
0
0
0
0
0
0
0
0
0
0
0
0
0
0
0
0
0
0
0
0
0
0
0
0
0
0
0
0
0
0
0
0
0
0
0
0
0
0
0
0
0
0
0
0
0
0
0
0
0
0
0
0
0
0
0
0
0
0
0
0
0
0
0
0
0
0
0
0
0
0
0
0
0
0
0
0
0
0
0
0
0
0
0
0
0
0
0
0
0
0
0
0
0
0
0
0
0
0
0
0
0
0
0
0
0
0
0
0
0
0
0
0
0
0
0
0
0
0
0
0
0
0
0
0
0
0
0
0
0
0
0
0
0
0
0
0
0
0
0
0
0
0
0
0
0
0
0
0
0
0
0
0
0
0
0
0
0
0
0
0
0
0
0
0
0
0
0
0
0
0
0
0
0
0
0
0
0
0
0
0
0
0
0
0
0
0
0
0
0
0
0
0
0
0
0
0
0
0
0
0
0
0
0
0
0
0
0
0
0
0
0
0
0
0
0
0
0
0
0
0
0
0
0
0
0
0
0
0
0
0
0
0
0
0
0
0
0
0
0
0
0
0
0
0
0
0
0
0
0
0
0
0
0
0
0
0
0
0
0
0
0
0
0
0
0
0
0
0
0
0
0
0
0
0
0
0
0
0
0
0
0
0
0
0
0
0
0
0
0
0
0
0
0
0
0
0
0
0
0
0
0
0
0
0
0
0
0
0
0
0
0
0
0
0
0
0
0
0
0
0
0
0
0
0
0
0
0
0
0
0
0
0
0
0
0
0
0
0
0
0
0
0
0
0
0
0
0
0
0
0
0
0
0
0
0
0
0
0
0
0
0
0
0
0
0
0
0
0
0
0
0
0
0
0
0
0
0
0
0
0
0
0
0
0
0
0
0
0
0
0
0
0
0
0
0
0
0
0
0
0
0
0
0
0
0
0
0
0
0
0
0
0
0
0
0
0
0
0
0
0
0
0
0
0
0
0
0
0
0
0
0
0
0
0
0
0
0
0
0
0
0
0
0
0
0
0
0
0
0
0
0
0
0
0
0
0
0
0
0
0
0
0
0
0
0
0
0
0
0
0
0
0
0
0
0
0
0
0
0
0
0
0
0
0
0
0
0
0
0
0
0
0
0
0
0
0
0
0
0
0
0
0
0
0
0
0
0
0
0
0
0
0
0
0
0
0
0
0
0
0
0
0
0
0
0
0
0
0
0
0
0
0
0
0
0
0
0
0
0
0
0
0
0
0
0
0
0
0
0
0
0
0
0
0
0
0
0
0
0
0
0
0
0
0
0
0
0
0
0
0
0
0
0
0
0
0
0
0
0
0
0
0
0
0
0
0
0
0
0
0
0
0
0
0
0
0
0
0
0
0
0
0
0
0
0
0
0
0
0
0
0
0
0
0
0
0
0
0
0
0
0
0
0
0
0
0
0
0
0
0
0
0
0
0
0
0
0
0
0
0
0
0
0
0
0
0
0
0
0
0
0
0
0
0
0
0
0
0
0
0
0
0
0
0
0
0
0
0
0
0
0
0
0
0
0
0
0
0
0
0
0
0
0
0
0
0
0
0
0
0
0
0
0
0
0
0
0
0
0
0
0
0
0
0
0
0
0
0
0
0
0
0
0
0
0
0
0
0
0
0
0
0
0
0
0
0
0
0
0
0
0
0
0
0
0
0
0
0
0
0
0
0
0
0
0
0
0
0
0
0
0
0
0
0
0
0
0
0
0
0
0
0
0
0
0
0
0
0
0
0
0
0
0
0
0
0
0
0
0
0
0
0
0
0
0
0
0
0
0
0
0
0
0
0
0
0
0
0
0
0
0
0
0
0
0
0
0
0
0
0
0
0
0
0
0
0
0
0
0
0
0
0
0
0
0
0
0
0
0
0
0
0
0
0
0
0
0
0
0
0
0
0
0
0
0
0
0
0
0
0
0
0
0
0
0
0
0
0
0
0
0
0
0
0
0
0
0
0
0
0
0
0
0
0
0
0
0
0
0
0
0
0
0
0
0
0
0
0
0
0
0
0
0
0
0
0
0
0
0
0
0
0
0
0
0
0
0
0
0
0
0
0
0
0
0
0
0
0
0
0
0
0
0
0
0
0
0
0
0
0
0
0
0
0
0
0
0
0
0
0
0
0
0
0
0
0
0
0
0
0
0
0
0
0
0
0
0
0
0
0
0
0
0
0
0
0
0
0
0
0
0
0
0
0
0
0
0
0
0
0
0
0
0
0
0
0
0
0
0
0
0
0
0
0
0
0
0
0
0
0
0
0
0
0
0
0
0
0
0
0
0
0
0
0
0
0
0
0
0
0
0
0
0
0
0
0
0
0
0
0
0
0
0
0
0
0
0
0
0
0
0
0
0
0
0
0
0
0
0
0
0
0
0
0
0
0
0
0
0
0
0
0
0
0
0
0
0
0
0
0
0
0
0
0
0
0
0
0
0
0
0
0
0
0
0
0
0
0
0
0
0
0
0
0
0
0
0
0
0
0
0
0
0
0
0
0
0
0
0
0
0
0
0
0
0
0
0
0
0
0
0
0
0
0
0
0
0
0
0
0
0
0
0
0
0
0
0
0
0
0
0
0
0
0
0
0
0
0
0
0
0
0
0
0
0
0
0
0
0
0
0
0
0
0
0
0
0
0
0
0
0
0
0
0
0
0
0
0
0
0
0
0
0
0
0
0
0
0
0
0
0
0
0
0
0
0
0
0
0
0
0
0
0
0
0
0
0
0
0
0
0
0
0
0
0
0
0
0
0
0
0
0
0
0
0
0
0
0
0
0
0
0
0
0
0
0
0
0
0
0
0
0
0
0
0
0
0
0
0
0
0
0
0
0
0
0
0
0
0
0
0
0
0
0
0
0
0
0
0
0
0
0
0
0
0
0
0
0
0
0
0
0
0
0
0
0
0
0
0
0
0
0
0
0
0
0
0
0
0
0
0
0
0
0
0
0
0
0
0
0
0
0
0
0
0
0
0
0
0
0
0
0
0
0
0
0
0
0
0
0
0
0
0
0
0
0
0
0
0
0
0
0
0
0
0
0
0
0
0
0
0
0
0
0
0
0
0
0
0
0
0
0
0
0
0
0
0
0
0
0
0
0
0
0
0
0
0
0
0
0
0
0
0
0
0
0
0
0
0
0
0
0
0
0
0
0
0
0
0
0
0
0
0
0
0
0
0
0
0
0
0
0
0
0
0
0
0
0
0
0
0
0
0
0
0
0
0
0
0
0
0
0
0
0
0
0
0
0
0
0
0
0
0
0
0
0
0
0
0
0
0
0
0
0
0
0
0
0
0
0
0
0
0
0
0
0
0
0
0
0
0
0
0
0
0
0
0
0
0
0
0
0
0
0
0
0
0
0
0
0
0
0
0
0
0
0
0
0
0
0
0
0
0
0
0
0
0
0
0
0
0
0
0
0
0
0
0
0
0
0
0
0
0
0
0
0
0
0
0
0
0
0
0
0
0
0
0
0
0
0
0
0
0
0
0
0
0
0
0
0
0
0
0
0
0
0
0
0
0
0
0
0
0
0
0
0
0
0
0
0
0
0
0
0
0
0
0
0
0
0
0
0
0
0
0
0
0
0
0
0
0
0
0
0
0
0
0
0
0
0
0
0
0
0
0
0
0
0
0
0
0
0
0
0
0
0
0
0
0
0
0
0
0
0
0
0
0
0
0
0
0
0
0
0
0
0
0
0
0
0
0
0
0
0
0
0
0
0
0
0
0
0
0
0
0
0
0
0
0
0
0
0
0
0
0
0
0
0
0
0
0
0
0
0
0
0
0
0
0
0
0
0
0
0
0
0
0
0
0
0
0
0
0
0
0
0
0
0
0
0
0
0
0
0
0
0
0
0
0
0
0
0
0
0
0
0
0
0
0
0
0
0
0
0
0
0
0
0
0
0
0
0
0
0
0
0
0
0
0
0
0
0
0
0
0
0
0
0
0
0
0
0
0
0
0
0
0
0
0
0
0
0
0
0
0
0
0
0
0
0
0
0
0
0
0
0
0
0
0
0
0
0
0
0
0
0
0
0
0
0
0
0
0
0
0
0
0
0
0
0
0
0
0
0
0
0
0
0
0
0
0
0
0
0
0
0
0
0
0
0
0
0
0
0
0
0
0
0
0
0
0
0
0
0
0
0
0
0
0
0
0
0
0
0
0
0
0
0
0
0
0
0
0
0
0
0
0
0
0
0
0
0
0
0
0
0
0
0
0
0
0
0
0
0
0
0
0
0
0
0
0
0
0
0
0
0
0
0
0
0
0
0
0
0
0
0
0
0
0
0
0
0
0
0
0
0
0
0
0
0
0
0
0
0
0
0
0
0
0
0
0
0
0
0
0
0
0
0
0
0
0
0
0
0
0
0
0
0
0
0
0
0
0
0
0
0
0
0
0
0
0
0
0
0
0
0
0
0
0
0
0
0
0
0
0
0
0
0
0
0
0
0
0
0
0
0
0
0
0
0
0
0
0
0
0
0
0
0
0
0
0
0
0
0
0
0
0
0
0
0
0
0
0
0
0
0
0
0
0
0
0
0
0
0
0
0
0
0
0
0
0
0
0
0
0
0
0
0
0
0
0
0
0
0
0
0
0
0
0
0
0
0
0
0
0
0
0
0
0
0
0
0
0
0
0
0
0
0
0
0
0
0
0
0
0
0
0
0
0
0
0
0
0
0
0
0
0
0
0
0
0
0
0
0
0
0
0
0
0
0
0
0
0
0
0
0
0
0
0
0
0
0
0
0
0
0
0
0
0
0
0
0
0
0
0
0
0
0
0
0
0
0
0
0
0
0
0
0
0
0
0
0
0
0
0
0
0
0
0
0
0
0
0
0
0
0
0
0
0
0
0
0
0
0
0
0
0
0
0
0
0
0
0
0
0
0
0
0
0
0
0
0
0
0
0
0
0
0
0
0
0
0
0
0
0
0
0
0
0
0
0
0
0
0
0
0
0
0
0
0
0
0
0
0
0
0
0
0
0
0
0
0
0
0
0
0
0
0
0
0
0
0
0
0
0
0
0
0
0
0
0
0
0
0
0
0
0
0
0
0
0
0
0
0
0
0
0
0
0
0
0
0
0
0
0
0
0
0
0
0
0
0
0
0
0
0
0
0
0
0
0
0
0
0
0
0
0
0
0
0
0
0
0
0
0
0
0
0
0
0
0
0
0
0
0
0
0
0
0
0
0
0
0
0
0
0
0
0
0
0
0
0
0
0
0
0
0
0
0
0
0
0
0
0
0
0
0
0
0
0
0
0
0
0
0
0
0
0
0
0
0
0
0
0
0
0
0
0
0
0
0
0
0
0
0
0
0
0
0
0
0
0
0
0
0
0
0
0
0
0
0
0
0
0
0
0
0
0
0
0
0
0
0
0
0
0
0
0
0
0
0
0
0
0
0
0
0
0
0
0
0
0
0
0
0
0
0
0
0
0
0
0
0
0
0
0
0
0
0
0
0
0
0
0
0
0
0
0
0
0
0
0
0
0
0
0
0
0
0
0
0
0
0
0
0
0
0
0
0
0
0
0
0
0
0
0
0
0
0
0
0
0
0
0
0
0
0
0
0
0
0
0
0
0
0
0
0
0
0
0
0
0
0
0
0
0
0
0
0
0
0
0
0
0
0
0
0
0
0
0
0
0
0
0
0
0
0
0
0
0
0
0
0
0
0
0
0
0
0
0
0
0
0
0
0
0
0
0
0
0
0
0
0
0
0
0
0
0
0
0
0
0
0
0
0
0
0
0
0
0
0
0
0
0
0
0
0
0
0
0
0
0
0
0
0
0
0
0
0
0
0
0
0
0
0
0
0
0
0
0
0
0
0
0
0
0
0
0
0
0
0
0
0
0
0
0
0
0
0
0
0
0
0
0
0
0
0
0
0
0
0
0
0
0
0
0
0
0
0
0
0
0
0
0
0
0
0
0
0
0
0
0
0
0
0
0
0
0
0
0
0
0
0
0
0
0
0
0
0
0
0
0
0
0
0
0
0
0
0
0
0
0
0
0
0
0
0
0
0
0
0
0
0
0
0
0
0
0
0
0
0
0
0
0
0
0
0
0
0
0
0
0
0
0
0
0
0
0
0
0
0
0
0
0
0
0
0
0
0
0
0
0
0
0
0
0
0
0
0
0
0
0
0
0
0
0
0
0
0
0
0
0
0
0
0
0
0
0
0
0
0
0
0
0
0
0
0
0
0
0
0
0
0
0
0
0
0
0
0
0
0
0
0
0
0
0
0
0
0
0
0
0
0
0
0
0
0
0
0
0
0
0
0
0
0
0
0
0
0
0
0
0
0
0
0
0
0
0
0
0
0
0
0
0
0
0
0
0
0
0
0
0
0
0
0
0
0
0
0
0
0
0
0
0
0
0
0
0
0
0
0
0
0
0
0
0
0
0
0
0
0
0
0
0
0
0
0
0
0
0
0
0
0
0
0
0
0
0
0
0
0
0
0
0
0
0
0
0
0
0
0
0
0
0
0
0
0
0
0
0
0
0
0
0
0
0
0
0
0
0
0
0
0
0
0
0
0
0
0
0
0
0
0
0
0
0
0
0
0
0
0
0
0
0
0
0
0
0
0
0
0
0
0
0
0
0
0
0
0
0
0
0
0
0
0
0
0
0
0
0
0
0
0
0
0
0
0
0
0
0
0
0
0
0
0
0
0
0
0
0
0
0
0
0
0
0
0
0
0
0
0
0
0
0
0
0
0
0
0
0
0
0
0
0
0
0
0
0
0
0
0
0
0
0
0
0
0
0
0
0
0
0
0
0
0
0
0
0
0
0
0
0
0
0
0
0
0
0
0
0
0
0
0
0
0
0
0
0
0
0
0
0
0
0
0
0
0
0
0
0
0
0
0
0
0
0
0
0
0
0
0
0
0
0
0
0
0
0
0
0
0
0
0
0
0
0
0
0
0
0
0
0
0
0
0
0
0
0
0
0
0
0
0
0
0
0
0
0
0
0
0
0
0
0
0
0
0
0
0
0
0
0
0
0
0
0
0
0
0
0
0
0
0
0
0
0
0
0
0
0
0
0
0
0
0
0
0
0
0
0
0
0
0
0
0
0
0
0
0
0
0
0
0
0
0
0
0
0
0
0
0
0
0
0
0
0
0
0
0
0
0
0
0
0
0
0
0
0
0
0
0
0
0
0
0
0
0
0
0
0
0
0
0
0
0
0
0
0
0
0
0
0
0
0
0
0
0
0
0
0
0
0
0
0
0
0
0
0
0
0
0
0
0
0
0
0
0
0
0
0
0
0
0
0
0
0
0
0
0
0
0
0
0
0
0
0
0
0
0
0
0
0
0
0
0
0
0
0
0
0
0
0
0
0
0
0
0
0
0
0
0
0
0
0
0
0
0
0
0
0
0
0
0
0
0
0
0
0
0
0
0
0
0
0
0
0
0
0
0
0
0
0
0
0
0
0
0
0
0
0
0
0
0
0
0
0
0
0
0
0
0
0
0
0
0
0
0
0
0
0
0
0
0
0
0
0
0
0
0
0
0
0
0
0
0
0
0
0
0
0
0
0
0
0
0
0
0
0
0
0
0
0
0
0
0
0
0
0
0
0
0
0
0
0
0
0
0
0
0
0
0
0
0
0
0
0
0
0
0
0
0
0
0
0
0
0
0
0
0
0
0
0
0
0
0
0
0
0
0
0
0
0
0
0
0
0
0
0
0
0
0
0
0
0
0
0
0
0
0
0
0
0
0
0
0
0
0
0
0
0
0
0
0
0
0
0
0
0
0
0
0
0
0
0
0
0
0
0
0
0
0
0
0
0
0
0
0
0
0
0
0
0
0
0
0
0
0
0
0
0
0
0
0
0
0
0
0
0
0
0
0
0
0
0
0
0
0
0
0
0
0
0
0
0
0
0
0
0
0
0
0
0
0
0
0
0
0
0
0
0
0
0
0
0
0
0
0
0
0
0
0
0
0
0
0
0
0
0
0
0
0
0
0
0
0
0
0
0
0
0
0
0
0
0
0
0
0
0
0
0
0
0
0
0
0
0
0
0
0
0
0
0
0
0
0
0
0
0
0
0
0
0
0
0
0
0
0
0
0
0
0
0
0
0
0
0
0
0
0
0
0
0
0
0
0
0
0
0
0
0
0
0
0
0
0
0
0
0
0
0
0
0
0
0
0
0
0
0
0
0
0
0
0
0
0
0
0
0
0
0
0
0
0
0
0
0
0
0
0
0
0
0
0
0
0
0
0
0
0
0
0
0
0
0
0
0
0
0
0
0
0
0
0
0
0
0
0
0
0
0
0
0
0
0
0
0
0
0
0
0
0
0
0
0
0
0
0
0
0
0
0
0
0
0
0
0
0
0
0
0
0
0
0
0
0
0
0
0
0
0
0
0
0
0
0
0
0
0
0
0
0
0
0
0
0
0
0
0
0
0
0
0
0
0
0
0
0
0
0
0
0
0
0
0
0
0
0
0
0
0
0
0
0
0
0
0
0
0
0
0
0
0
0
0
0
0
0
0
0
0
0
0
0
0
0
0
0
0
0
0
0
0
0
0
0
0
0
0
0
0
0
0
0
0
0
0
0
0
0
0
0
0
0
0
0
0
0
0
0
0
0
0
0
0
0
0
0
0
0
0
0
0
0
0
0
0
0
0
0
0
0
0
0
0
0
0
0
0
0
0
0
0
0
0
0
0
0
0
0
0
0
0
0
0
0
0
0
0
0
0
0
0
0
0
0
0
0
0
0
0
0
0
0
0
0
0
0
0
0
0
0
0
0
0
0
0
0
0
0
0
0
0
0
0
0
0
0
0
0
0
0
0
0
0
0
0
0
0
0
0
0
0
0
0
0
0
0
0
0
0
0
0
0
0
0
0
0
0
0
0
0
0
0
0
0
0
0
0
0
0
0
0
0
0
0
0
0
0
0
0
0
0
0
0
0
0
0
0
0
0
0
0
0
0
0
0
0
0
0
0
0
0
0
0
0
0
0
0
0
0
0
0
0
0
0
0
0
0
0
0
0
0
0
0
0
0
0
0
0
0
0
0
0
0
0
0
0
0
0
0
0
0
0
0
0
0
0
0
0
0
0
0
0
0
0
0
0
0
0
0
0
0
0
0
0
0
0
0
0
0
0
0
0
0
0
0
0
0
0
0
0
0
0
0
0
0
0
0
0
0
0
0
0
0
0
0
0
0
0
0
0
0
0
0
0
0
0
0
0
0
0
0
0
0
0
0
0
0
0
0
0
0
0
0
0
0
0
0
0
0
0
0
0
0
0
0
0
0
0
0
0
0
0
0
0
0
0
0
0
0
0
0
0
0
0
0
0
0
0
0
0
0
0
0
0
0
0
0
0
0
0
0
0
0
0
0
0
0
0
0
0
0
0
0
0
0
0
0
0
0
0
0
0
0
0
0
0
0
0
0
0
0
0
0
0
0
0
0
0
0
0
0
0
0
0
0
0
0
0
0
0
0
0
0
0
0
0
0
0
0
0
0
0
0
0
0
0
0
0
0
0
0
0
0
0
0
0
0
0
0
0
0
0
0
0
0
0
0
0
0
0
0
0
0
0
0
0
0
0
0
0
0
0
0
0
0
0
0
0
0
0
0
0
0
0
0
0
0
0
0
0
0
0
0
0
0
0
0
0
0
0
0
0
0
0
0
0
0
0
0
0
0
0
0
0
0
0
0
0
0
0
0
0
0
0
0
0
0
0
0
0
0
0
0
0
0
0
0
0
0
0
0
0
0
0
0
0
0
0
0
0
0
0
0
0
0
0
0
0
0
0
0
0
0
0
0
0
0
0
0
0
0
0
0
0
0
0
0
0
0
0
0
0
0
0
0
0
0
0
0
0
0
0
0
0
0
0
0
0
0
0
0
0
0
0
0
0
0
0
0
0
0
0
0
0
0
0
0
0
0
0
0
0
0
0
0
0
0
0
0
0
0
0
0
0
0
0
0
0
0
0
0
0
0
0
0
0
0
0
0
0
0
0
0
0
0
0
0
0
0
0
0
0
0
0
0
0
0
0
0
0
0
0
0
0
0
0
0
0
0
0
0
0
0
0
0
0
0
0
0
0
0
0
0
0
0
0
0
0
0
0
0
0
0
0
0
0
0
0
0
0
0
0
0
0
0
0
0
0
0
0
0
0
0
0
0
0
0
0
0
0
0
0
0
0
0
0
0
0
0
0
0
0
0
0
0
0
0
0
0
0
0
0
0
0
0
0
0
0
0
0
0
0
0
0
0
0
0
0
0
0
0
0
0
0
0
0
0
0
0
0
0
0
0
0
0
0
0
0
0
0
0
0
0
0
0
0
0
0
0
0
0
0
0
0
0
0
0
0
0
0
0
0
0
0
0
0
0
0
0
0
0
0
0
0
0
0
0
0
0
0
0
0
0
0
0
0
0
0
0
0
0
0
0
0
0
0
0
0
0
0
0
0
0
0
0
0
0
0
0
0
0
0
0
0
0
0
0
0
0
0
0
0
0
0
0
0
0
0
0
0
0
0
0
0
0
0
0
0
0
0
0
0
0
0
0
0
0
0
0
0
0
0
0
0
0
0
0
0
0
0
0
0
0
0
0
0
0
0
0
0
0
0
0
0
0
0
0
0
0
0
0
0
0
0
0
0
0
0
0
0
0
0
0
0
0
0
0
0
0
0
0
0
0
0
0
0
0
0
0
0
0
0
0
0
0
0
0
0
0
0
0
0
0
0
0
0
0
0
0
0
0
0
0
0
0
0
0
0
0
0
0
0
0
0
0
0
0
0
0
0
0
0
0
0
0
0
0
0
0
0
0
0
0
0
0
0
0
0
0
0
0
0
0
0
0
0
0
0
0
0
0
0
0
0
0
0
0
0
0
0
0
0
0
0
0
0
0
0
0
0
0
0
0
0
0
0
0
0
0
0
0
0
0
0
0
0
0
0
0
0
0
0
0
0
0
0
0
0
0
0
0
0
0
0
0
0
0
0
0
0
0
0
0
0
0
0
0
0
0
0
0
0
0
0
0
0
0
0
0
0
0
0
0
0
0
0
0
0
0
0
0
0
0
0
0
0
0
0
0
0
0
0
0
0
0
0
0
0
0
0
0
0
0
0
0
0
0
0
0
0
0
0
0
0
0
0
0
0
0
0
0
0
0
0
0
0
0
0
0
0
0
0
0
0
0
0
0
0
0
0
0
0
0
0
0
0
0
0
0
0
0
0
0
0
0
0
0
0
0
0
0
0
0
0
0
0
0
0
0
0
0
0
0
0
0
0
0
0
0
0
0
0
0
0
0
0
0
0
0
0
0
0
0
0
0
0
0
0
0
0
0
0
0
0
0
0
0
0
0
0
0
0
0
0
0
0
0
0
0
0
0
0
0
0
0
0
0
0
0
0
0
0
0
0
0
0
0
0
0
0
0
0
0
0
0
0
0
0
0
0
0
0
0
0
0
0
0
0
0
0
0
0
0
0
0
0
0
0
0
0
0
0
0
0
0
0
0
0
0
0
0
0
0
0
0
0
0
0
0
0
0
0
0
0
0
0
0
0
0
0
0
0
0
0
0
0
0
0
0
0
0
0
0
0
0
0
0
0
0
0
0
0
0
0
0
0
0
0
0
0
0
0
0
0
0
0
0
0
0
0
0
0
0
0
0
0
0
0
0
0
0
0
0
0
0
0
0
0
0
0
0
0
0
0
0
0
0
0
0
0
0
0
0
0
0
0
0
0
0
0
0
0
0
0
0
0
0
0
0
0
0
0
0
0
0
0
0
0
0
0
0
0
0
0
0
0
0
0
0
0
0
0
0
0
0
0
0
0
0
0
0
0
0
0
0
0
0
0
0
0
0
0
0
0
0
0
0
0
0
0
0
0
0
0
0
0
0
0
0
0
0
0
0
0
0
0
0
0
0
0
0
0
0
0
0
0
0
0
0
0
0
0
0
0
0
0
0
0
0
0
0
0
0
0
0
0
0
0
0
0
0
0
0
0
0
0
0
0
0
0
0
0
0
0
0
0
0
0
0
0
0
0
0
0
0
0
0
0
0
0
0
0
0
0
0
0
0
0
0
0
0
0
0
0
0
0
0
0
0
0
0
0
0
0
0
0
0
0
0
0
0
0
0
0
0
0
0
0
0
0
0
0
0
0
0
0
0
0
0
0
0
0
0
0
0
0
0
0
0
0
0
0
0
0
0
0
0
0
0
0
0
0
0
0
0
0
0
0
0
0
0
0
0
0
0
0
0
0
0
0
0
0
0
0
0
0
0
0
0
0
0
0
0
0
0
0
0
0
0
0
0
0
0
0
0
0
0
0
0
0
0
0
0
0
0
0
0
0
0
0
0
0
0
0
0
0
0
0
0
0
0
0
0
0
0
0
0
0
0
0
0
0
0
0
0
0
0
0
0
0
0
0
0
0
0
0
0
0
0
0
0
0
0
0
0
0
0
0
0
0
0
0
0
0
0
0
0
0
0
0
0
0
0
0
0
0
0
0
0
0
0
0
0
0
0
0
0
0
0
0
0
0
0
0
0
0
0
0
0
0
0
0
0
0
0
0
0
0
0
0
0
0
0
0
0
0
0
0
0
0
0
0
0
0
0
0
0
0
0
0
0
0
0
0
0
0
0
0
0
0
0
0
0
0
0
0
0
0
0
0
0
0
0
0
0
0
0
0
0
0
0
0
0
0
0
0
0
0
0
0
0
0
0
0
0
0
0
0
0
0
0
0
0
0
0
0
0
0
0
0
0
0
0
0
0
0
0
0
0
0
0
0
0
0
0
0
0
0
0
0
0
0
0
0
0
0
0
0
0
0
0
0
0
0
0
0
0
0
0
0
0
0
0
0
0
0
0
0
0
0
0
0
0
0
0
0
0
0
0
0
0
0
0
0
0
0
0
0
0
0
0
0
0
0
0
0
0
0
0
0
0
0
0
0
0
0
0
0
0
0
0
0
0
0
0
0
0
0
0
0
0
0
0
0
0
0
0
0
0
0
0
0
0
0
0
0
0
0
0
0
0
0
0
0
0
0
0
0
0
0
0
0
0
0
0
0
0
0
0
0
0
0
0
0
0
0
0
0
0
0
0
0
0
0
0
0
0
0
0
0
0
0
0
0
0
0
0
0
0
0
0
0
0
0
0
0
0
0
0
0
0
0
0
0
0
0
0
0
0
0
0
0
0
0
0
0
0
0
0
0
0
0
0
0
0
0
0
0
0
0
0
0
0
0
0
0
0
0
0
0
0
0
0
0
0
0
0
0
0
0
0
0
0
0
0
0
0
0
0
0
0
0
0
0
0
0
0
0
0
0
0
0
0
0
0
0
0
0
0
0
0
0
0
0
0
0
0
0
0
0
0
0
0
0
0
0
0
0
0
0
0
0
0
0
0
0
0
0
0
0
0
0
0
0
0
0
0
0
0
0
0
0
0
0
0
0
0
0
0
0
0
0
0
0
0
0
0
0
0
0
0
0
0
0
0
0
0
0
0
0
0
0
0
0
0
0
0
0
0
0
0
0
0
0
0
0
0
0
0
0
0
0
0
0
0
0
0
0
0
0
0
0
0
0
0
0
0
0
0
0
0
0
0
0
0
0
0
0
0
0
0
0
0
0
0
0
0
0
0
0
0
0
0
0
0
0
0
0
0
0
0
0
0
0
0
0
0
0
0
0
0
0
0
0
0
0
0
0
0
0
0
0
0
0
0
0
0
0
0
0
0
0
0
0
0
0
0
0
0
0
0
0
0
0
0
0
0
0
0
0
0
0
0
0
0
0
0
0
0
0
0
0
0
0
0
0
0
0
0
0
0
0
0
0
0
0
0
0
0
0
0
0
0
0
0
0
0
0
0
0
0
0
0
0
0
0
0
0
0
0
0
0
0
0
0
0
0
0
0
0
0
0
0
0
0
0
0
0
0
0
0
0
0
0
0
0
0
0
0
0
0
0
0
0
0
0
0
0
0
0
0
0
0
0
0
0
0
0
0
0
0
0
0
0
0
0
0
0
0
0
0
0
0
0
0
0
0
0
0
0
0
0
0
0
0
0
0
0
0
0
0
0
0
0
0
0
0
0
0
0
0
0
0
0
0
0
0
0
0
0
0
0
0
0
0
0
0
0
0
0
0
0
0
0
0
0
0
0
0
0
0
0
0
0
0
0
0
0
0
0
0
0
0
0
0
0
0
0
0
0
0
0
0
0
0
0
0
0
0
0
0
0
0
0
0
0
0
0
0
0
0
0
0
0
0
0
0
0
0
0
0
0
0
0
0
0
0
0
0
0
0
0
0
0
0
0
0
0
0
0
0
0
0
0
0
0
0
0
0
0
0
0
0
0
0
0
0
0
0
0
0
0
0
0
0
0
0
0
0
0
0
0
0
0
0
0
0
0
0
0
0
0
0
0
0
0
0
0
0
0
0
0
0
0
0
0
0
0
0
0
0
0
0
0
0
0
0
0
0
0
0
0
0
0
0
0
0
0
0
0
0
0
0
0
0
0
0
0
0
0
0
0
0
0
0
0
0
0
0
0
0
0
0
0
0
0
0
0
0
0
0
0
0
0
0
0
0
0
0
0
0
0
0
0
0
0
0
0
0
0
0
0
0
0
0
0
0
0
0
0
0
0
0
0
0
0
0
0
0
0
0
0
0
0
0
0
0
0
0
0
0
0
0
0
0
0
0
0
0
0
0
0
0
0
0
0
0
0
0
0
0
0
0
0
0
0
0
0
0
0
0
0
0
0
0
0
0
0
0
0
0
0
0
0
0
0
0
0
0
0
0
0
0
0
0
0
0
0
0
0
0
0
0
0
0
0
0
0
0
0
0
0
0
0
0
0
0
0
0
0
0
0
0
0
0
0
0
0
0
0
0
0
0
0
0
0
0
0
0
0
0
0
0
0
0
0
0
0
0
0
0
0
0
0
0
0
0
0
0
0
0
0
0
0
0
0
0
0
0
0
0
0
0
0
0
0
0
0
0
0
0
0
0
0
0
0
0
0
0
0
0
0
0
0
0
0
0
0
0
0
0
0
0
0
0
0
0
0
0
0
0
0
0
0
0
0
0
0
0
0
0
0
0
0
0
0
0
0
0
0
0
0
0
0
0
0
0
0
0
0
0
0
0
0
0
0
0
0
0
0
0
0
0
0
0
0
0
0
0
0
0
0
0
0
0
0
0
0
0
0
0
0
0
0
0
0
0
0
0
0
0
0
0
0
0
0
0
0
0
0
0
0
0
0
0
0
0
0
0
0
0
0
0
0
0
0
0
0
0
0
0
0
0
0
0
0
0
0
0
0
0
0
0
0
0
0
0
0
0
0
0
0
0
0
0
0
0
0
0
0
0
0
0
0
0
0
0
0
0
0
0
0
0
0
0
0
0
0
0
0
0
0
0
0
0
0
0
0
0
0
0
0
0
0
0
0
0
0
0
0
0
0
0
0
0
0
0
0
0
0
0
0
0
0
0
0
0
0
0
0
0
0
0
0
0
0
0
0
0
0
0
0
0
0
0
0
0
0
0
0
0
0
0
0
0
0
0
0
0
0
0
0
0
0
0
0
0
0
0
0
0
0
0
0
0
0
0
0
0
0
0
0
0
0
0
0
0
0
0
0
0
0
0
0
0
0
0
0
0
0
0
0
0
0
0
0
0
0
0
0
0
0
0
0
0
0
0
0
0
0
0
0
0
0
0
0
0
0
0
0
0
0
0
0
0
0
0
0
0
0
0
0
0
0
0
0
0
0
0
0
0
0
0
0
0
0
0
0
0
0
0
0
0
0
0
0
0
0
0
0
0
0
0
0
0
0
0
0
0
0
0
0
0
0
0
0
0
0
0
0
0
0
0
0
0
0
0
0
0
0
0
0
0
0
0
0
0
0
0
0
0
0
0
0
0
0
0
0
0
0
0
0
0
0
0
0
0
0
0
0
0
0
0
0
0
0
0
0
0
0
0
0
0
0
0
0
0
0
0
0
0
0
0
0
0
0
0
0
0
0
0
0
0
0
0
0
0
0
0
0
0
0
0
0
0
0
0
0
0
0
0
0
0
0
0
0
0
0
0
0
0
0
0
0
0
0
0
0
0
0
0
0
0
0
0
0
0
0
0
0
0
0
0
0
0
0
0
0
0
0
0
0
0
0
0
0
0
0
0
0
0
0
0
0
0
0
0
0
0
0
0
0
0
0
0
0
0
0
0
0
0
0
0
0
0
0
0
0
0
0
0
0
0
0
0
0
0
0
0
0
0
0
0
0
0
0
0
0
0
0
0
0
0
0
0
0
0
0
0
0
0
0
0
0
0
0
0
0
0
0
0
0
0
0
0
0
0
0
0
0
0
0
0
0
0
0
0
0
0
0
0
0
0
0
0
0
0
0
0
0
0
0
0
0
0
0
0
0
0
0
0
0
0
0
0
0
0
0
0
0
0
0
0
0
0
0
0
0
0
0
0
0
0
0
0
0
0
0
0
0
0
0
0
0
0
0
0
0
0
0
0
0
0
0
0
0
0
0
0
0
0
0
0
0
0
0
0
0
0
0
0
0
0
0
0
0
0
0
0
0
0
0
0
0
0
0
0
0
0
0
0
0
0
0
0
0
0
0
0
0
0
0
0
0
0
0
0
0
0
0
0
0
0
0
0
0
0
0
0
0
0
0
0
0
0
0
0
0
0
0
0
0
0
0
0
0
0
0
0
0
0
0
0
0
0
0
0
0
0
0
0
0
0
0
0
0
0
0
0
0
0
0
0
0
0
0
0
0
0
0
0
0
0
0
0
0
0
0
0
0
0
0
0
0
0
0
0
0
0
0
0
0
0
0
0
0
0
0
0
0
0
0
0
0
0
0
0
0
0
0
0
0
0
0
0
0
0
0
0
0
0
0
0
0
0
0
0
0
0
0
0
0
0
0
0
0
0
0
0
0
0
0
0
0
0
0
0
0
0
0
0
0
0
0
0
0
0
0
0
0
0
0
0
0
0
0
0
0
0
0
0
0
0
0
0
0
0
0
0
0
0
0
0
0
0
0
0
0
0
0
0
0
0
0
0
0
0
0
0
0
0
0
0
0
0
0
0
0
0
0
0
0
0
0
0
0
0
0
0
0
0
0
0
0
0
0
0
0
0
0
0
0
0
0
0
0
0
0
0
0
0
0
0
0
0
0
0
0
0
0
0
0
0
0
0
0
0
0
0
0
0
0
0
0
0
0
0
0
0
0
0
0
0
0
0
0
0
0
0
0
0
0
0
0
0
0
0
0
0
0
0
0
0
0
0
0
0
0
0
0
0
0
0
0
0
0
0
0
0
0
0
0
0
0
0
0
0
0
0
0
0
0
0
0
0
0
0
0
0
0
0
0
0
0
0
0
0
0
0
0
0
0
0
0
0
0
0
0
0
0
0
0
0
0
0
0
0
0
0
0
0
0
0
0
0
0
0
0
0
0
0
0
0
0
0
0
0
0
0
0
0
0
0
0
0
0
0
0
0
0
0
0
0
0
0
0
0
0
0
0
0
0
0
0
0
0
0
0
0
0
0
0
0
0
0
0
0
0
0
0
0
0
0
0
0
0
0
0
0
0
0
0
0
0
0
0
0
0
0
0
0
0
0
0
0
0
0
0
0
0
0
0
0
0
0
0
0
0
0
0
0
0
0
0
0
0
0
0
0
0
0
0
0
0
0
0
0
0
0
0
0
0
0
0
0
0
0
0
0
0
0
0
0
0
0
0
0
0
0
0
0
0
0
0
0
0
0
0
0
0
0
0
0
0
0
0
0
0
0
0
0
0
0
0
0
0
0
0
0
0
0
0
0
0
0
0
0
0
0
0
0
0
0
0
0
0
0
0
0
0
0
0
0
0
0
0
0
0
0
0
0
0
0
0
0
0
0
0
0
0
0
0
0
0
0
0
0
0
0
0
0
0
0
0
0
0
0
0
0
0
0
0
0
0
0
0
0
0
0
0
0
0
0
0
0
0
0
0
0
0
0
0
0
0
0
0
0
0
0
0
0
0
0
0
0
0
0
0
0
0
0
0
0
0
0
0
0
0
0
0
0
0
0
0
0
0
0
0
0
0
0
0
0
0
0
0
0
0
0
0
0
0
0
0
0
0
0
0
0
0
0
0
0
0
0
0
0
0
0
0
0
0
0
0
0
0
0
0
0
0
0
0
0
0
0
0
0
0
0
0
0
0
0
0
0
0
0
0
0
0
0
0
0
0
0
0
0
0
0
0
0
0
0
0
0
0
0
0
0
0
0
0
0
0
0
0
0
0
0
0
0
0
0
0
0
0
0
0
0
0
0
0
0
0
0
0
0
0
0
0
0
0
0
0
0
0
0
0
0
0
0
0
0
0
0
0
0
0
0
0
0
0
0
0
0
0
0
0
0
0
0
0
0
0
0
0
0
0
0
0
0
0
0
0
0
0
0
0
0
0
0
0
0
0
0
0
0
0
0
0
0
0
0
0
0
0
0
0
0
0
0
0
0
0
0
0
0
0
0
0
0
0
0
0
0
0
0
0
0
0
0
0
0
0
0
0
0
0
0
0
0
0
0
0
0
0
0
0
0
0
0
0
0
0
0
0
0
0
0
0
0
0
0
0
0
0
0
0
0
0
0
0
0
0
0
0
0
0
0
0
0
0
0
0
0
0
0
0
0
0
0
0
0
0
0
0
0
0
0
0
0
0
0
0
0
0
0
0
0
0
0
0
0
0
0
0
0
0
0
0
0
0
0
0
0
0
0
0
0
0
0
0
0
0
0
0
0
0
0
0
0
0
0
0
0
0
0
0
0
0
0
0
0
0
0
0
0
0
0
0
0
0
0
0
0
0
0
0
0
0
0
0
0
0
0
0
0
0
0
0
0
0
0
0
0
0
0
0
0
0
0
0
0
0
0
0
0
0
0
0
0
0
0
0
0
0
0
0
0
0
0
0
0
0
0
0
0
0
0
0
0
0
0
0
0
0
0
0
0
0
0
0
0
0
0
0
0
0
0
0
0
0
0
0
0
0
0
0
0
0
0
0
0
0
0
0
0
0
0
0
0
0
0
0
0
0
0
0
0
0
0
0
0
0
0
0
0
0
0
0
0
0
0
0
0
0
0
0
0
0
0
0
0
0
0
0
0
0
0
0
0
0
0
0
0
0
0
0
0
0
0
0
0
0
0
0
0
0
0
0
0
0
0
0
0
0
0
0
0
0
0
0
0
0
0
0
0
0
0
0
0
0
0
0
0
0
0
0
0
0
0
0
0
0
0
0
0
0
0
0
0
0
0
0
0
0
0
0
0
0
0
0
0
0
0
0
0
0
0
0
0
0
0
0
0
0
0
0
0
0
0
0
0
0
0
0
0
0
0
0
0
0
0
0
0
0
0
0
0
0
0
0
0
0
0
0
0
0
0
0
0
0
0
0
0
0
0
0
0
0
0
0
0
0
0
0
0
0
0
0
0
0
0
0
0
0
0
0
0
0
0
0
0
0
0
0
0
0
0
0
0
0
0
0
0
0
0
0
0
0
0
0
0
0
0
0
0
0
0
0
0
0
0
0
0
0
0
0
0
0
0
0
0
0
0
0
0
0
0
0
0
0
0
0
0
0
0
0
0
0
0
0
0
0
0
0
0
0
0
0
0
0
0
0
0
0
0
0
0
0
0
0
0
0
0
0
0
0
0
0
0
0
0
0
0
0
0
0
0
0
0
0
0
0
0
0
0
0
0
0
0
0
0
0
0
0
0
0
0
0
0
0
0
0
0
0
0
0
0
0
0
0
0
0
0
0
0
0
0
0
0
0
0
0
0
0
0
0
0
0
0
0
0
0
0
0
0
0
0
0
0
0
0
0
0
0
0
0
0
0
0
0
0
0
0
0
0
0
0
0
0
0
0
0
0
0
0
0
0
0
0
0
0
0
0
0
0
0
0
0
0
0
0
0
0
0
0
0
0
0
0
0
0
0
0
0
0
0
0
0
0
0
0
0
0
0
0
0
0
0
0
0
0
0
0
0
0
0
0
0
0
0
0
0
0
0
0
0
0
0
0
0
0
0
0
0
0
0
0
0
0
0
0
0
0
0
0
0
0
0
0
0
0
0
0
0
0
0
0
0
0
0
0
0
0
0
0
0
0
0
0
0
0
0
0
0
0
0
0
0
0
0
0
0
0
0
0
0
0
0
0
0
0
0
0
0
0
0
0
0
0
0
0
0
0
0
0
0
0
0
0
0
0
0
0
0
0
0
0
0
0
0
0
0
0
0
0
0
0
0
0
0
0
0
0
0
0
0
0
0
0
0
0
0
0
0
0
0
0
0
0
0
0
0
0
0
0
0
0
0
0
0
0
0
0
0
0
0
0
0
0
0
0
0
0
0
0
0
0
0
0
0
0
0
0
0
0
0
0
0
0
0
0
0
0
0
0
0
0
0
0
0
0
0
0
0
0
0
0
0
0
0
0
0
0
0
0
0
0
0
0
0
0
0
0
0
0
0
0
0
0
0
0
0
0
0
0
0
0
0
0
0
0
0
0
0
0
0
0
0
0
0
0
0
0
0
0
0
0
0
0
0
0
0
0
0
0
0
0
0
0
0
0
0
0
0
0
0
0
0
0
0
0
0
0
0
0
0
0
0
0
0
0
0
0
0
0
0
0
0
0
0
0
0
0
0
0
0
0
0
0
0
0
0
0
0
0
0
0
0
0
0
0
0
0
0
0
0
0
0
0
0
0
0
0
0
0
0
0
0
0
0
0
0
0
0
0
0
0
0
0
0
0
0
0
0
0
0
0
0
0
0
0
0
0
0
0
0
0
0
0
0
0
0
0
0
0
0
0
0
0
0
0
0
0
0
0
0
0
0
0
0
0
0
0
0
0
0
0
0
0
0
0
0
0
0
0
0
0
0
0
0
0
0
0
0
0
0
0
0
0
0
0
0
0
0
0
0
0
0
0
0
0
0
0
0
0
0
0
0
0
0
0
0
0
0
0
0
0
0
0
0
0
0
0
0
0
0
0
0
0
0
0
0
0
0
0
0
0
0
0
0
0
0
0
0
0
0
0
0
0
0
0
0
0
0
0
0
0
0
0
0
0
0
0
0
0
0
0
0
0
0
0
0
0
0
0
0
0
0
0
0
0
0
0
0
0
0
0
0
0
0
0
0
0
0
0
0
0
0
0
0
0
0
0
0
0
0
0
0
0
0
0
0
0
0
0
0
0
0
0
0
0
0
0
0
0
0
0
0
0
0
0
0
0
0
0
0
0
0
0
0
0
0
0
0
0
0
0
0
0
0
0
0
0
0
0
0
0
0
0
0
0
0
0
0
0
0
0
0
0
0
0
0
0
0
0
0
0
0
0
0
0
0
0
0
0
0
0
0
0
0
0
0
0
0
0
0
0
0
0
0
0
0
0
0
0
0
0
0
0
0
0
0
1.66613
1.67857
1.66513
1.66641
0
0
1.6726
1.67452
1.6682
1.66485
1.66999
1.66581
1.66022
1.6628
1.67541
1.67181
1.65687
1.65681
1.65672
1.65676
1.65279
1.65442
1.64958
1.64888
1.41519
1.42969
1.42872
1.42016
1.42016
1.4376
1.43156
1.41543
1.43267
1.41485
1.42329
1.4442
1.4429
1.44392
1.44154
1.44349
1.44415
1.43901
1.42507
1.4448
1.43894
1.43447
1.44284
1.43434
1.44403
1.43226
1.44482
1.43388
1.43496
1.43249
1.42487
1.40152
1.4397
1.43977
1.44022
1.41274
1.42924
1.41052
1.43301
1.43961
1.43534
1.43975
1.44018
1.43598
1.4242
1.4273
1.4369
1.41437
1.43703
1.43602
1.41786
1.42771
1.43987
1.42069
1.43927
1.41196
1.38846
1.40374
1.43895
1.42444
1.43415
1.41691
1.41611
1.43815
1.41861
1.42508
1.41404
1.42768
1.4443
1.44434
1.44084
1.445
1.44468
1.43921
1.44461
1.44502
1.44423
1.42508
1.42551
1.4346
1.42433
1.43874
1.43394
1.42551
1.44455
1.44414
1.4443
1.4259
1.44419
1.44237
1.44168
1.44272
1.44167
1.44275
1.44195
1.4423
1.44199
1.44119
1.4409
1.44147
1.44058
1.44042
1.44032
1.43982
1.43984
1.44008
1.44037
1.43984
1.44016
1.43981
1.43937
1.43978
1.4396
1.43868
1.43909
1.43924
1.43677
1.43776
1.43812
1.43716
1.43784
1.4372
1.43522
1.43664
1.43496
1.43614
1.43248
1.43392
1.43744
1.44461
1.44418
1.44507
1.43669
1.44511
1.44505
1.44502
1.44503
1.445
1.44272
1.44457
1.44436
1.44276
1.44441
1.44241
1.44106
1.44517
1.43477
1.44396
1.44244
1.43719
1.43509
1.43456
1.43949
1.43212
1.44211
1.4417
1.43612
1.43536
1.43335
1.44513
1.44397
1.44052
1.44517
1.44515
1.44443
1.44505
1.43635
1.43717
1.44316
1.43926
1.42938
1.43434
1.44508
1.445
1.4437
1.44509
1.43998
1.44512
1.43635
1.43635
1.44341
1.44516
1.44516
1.44029
1.4383
1.44434
1.43635
1.43663
1.43635
1.44273
1.43635
1.43821
1.43874
1.43755
1.43635
1.44505
1.44499
1.4452
1.43486
1.44513
1.43914
1.44287
1.44515
1.44492
1.44514
1.43635
1.43933
1.43783
1.43635
1.43635
1.43635
1.44186
1.43739
1.44507
1.43635
1.44406
1.43635
1.44385
1.43635
1.43635
1.44504
1.44499
1.44516
1.43842
1.44203
1.4408
1.44516
1.44192
1.43635
1.44504
1.44496
1.44396
1.44511
1.44488
1.44354
1.44162
1.44429
1.44277
1.44245
1.44203
1.44162
1.44504
1.43635
1.44523
1.44487
1.44319
1.44502
1.44509
1.44481
1.44495
1.44473
1.44494
1.44428
1.44398
1.44398
1.44197
1.44339
1.43221
1.43778
1.44168
1.44167
1.44257
1.44183
1.44451
1.44398
1.44285
1.44168
1.44168
1.44174
1.44241
1.44232
1.44202
1.4429
1.44172
1.44271
1.44058
1.44079
1.44029
1.44051
1.44268
1.44149
1.44058
1.44049
1.43981
1.43984
1.43953
1.43962
1.44032
1.43989
1.43994
1.43984
1.44481
1.44498
1.4428
1.44435
1.44297
1.4418
1.44168
1.44205
1.44506
1.44385
1.44504
1.44502
1.4445
1.44342
1.4428
1.44161
1.44483
1.44242
1.44168
1.44168
1.44167
1.44221
1.44168
1.44311
1.44303
1.44167
1.44202
1.44289
1.44309
1.44274
1.441
1.44278
1.44265
1.4404
1.43984
1.44122
1.43998
1.43979
1.44275
1.44167
1.44058
1.44226
1.4406
1.44167
1.44282
1.44209
1.44242
1.44168
1.44316
1.44168
1.4412
1.44251
1.44058
1.44058
1.44149
1.44045
1.44244
1.44168
1.4425
1.43984
1.44058
1.4398
1.43983
1.43987
1.43977
1.43941
1.43977
1.43909
1.43934
1.43909
1.43798
1.43489
1.43237
1.43422
1.43241
1.43159
1.43206
1.43155
1.43202
1.43018
1.43071
1.43152
1.43045
1.43088
1.43056
1.42806
1.42972
1.42775
1.42916
1.42546
1.42649
1.42838
1.42633
1.42708
1.42629
1.42491
1.42568
1.42446
1.42507
1.42334
1.42407
1.42512
1.42326
1.42431
1.42205
1.42323
1.42066
1.4222
1.41751
1.4198
1.41946
1.42081
1.41572
1.41647
1.41548
1.41565
1.41778
1.41819
1.41632
1.41502
1.41536
1.41685
1.41562
1.41454
1.41542
1.41436
1.41456
1.43885
1.43871
1.43937
1.43739
1.43832
1.43694
1.43717
1.43973
1.43984
1.43937
1.43961
1.43952
1.43912
1.43893
1.43746
1.43583
1.43715
1.43948
1.43909
1.43726
1.43976
1.43984
1.44057
1.43981
1.43923
1.4398
1.4391
1.43783
1.43939
1.43867
1.43444
1.43522
1.43618
1.43443
1.43462
1.43681
1.43582
1.43763
1.43659
1.43722
1.43806
1.43501
1.43619
1.43621
1.43415
1.43312
1.43435
1.43221
1.43171
1.43233
1.4313
1.43126
1.43773
1.43694
1.43558
1.43353
1.43575
1.43454
1.42987
1.42791
1.431
1.43086
1.4303
1.42968
1.42569
1.42606
1.42459
1.42551
1.43213
1.43067
1.43274
1.4317
1.42962
1.42949
1.43095
1.42832
1.42961
1.4283
1.42661
1.42674
1.4244
1.42372
1.4333
1.43301
1.43295
1.43134
1.42981
1.43167
1.43102
1.42799
1.4345
1.43499
1.4325
1.43141
1.43344
1.4322
1.43186
1.42398
1.42399
1.42514
1.42362
1.42393
1.42546
1.4243
1.42228
1.41988
1.42325
1.42241
1.41731
1.41976
1.41617
1.41735
1.41573
1.41557
1.41597
1.4231
1.42341
1.42123
1.41892
1.4237
1.42309
1.42024
1.41704
1.41788
1.41501
1.41557
1.41497
1.41534
1.41568
1.41532
1.41938
1.41765
1.41654
1.42893
1.42978
1.42714
1.425
1.42793
1.42621
1.42383
1.42502
1.43083
1.43123
1.42925
1.42741
1.43089
1.42858
1.42561
1.42653
1.42309
1.4227
1.42408
1.42347
1.42773
1.42468
1.42376
1.4264
1.42496
1.42343
1.42397
1.42091
1.42251
1.41911
1.41736
1.42094
1.41915
1.42237
1.42212
1.42097
1.42329
1.42152
0
0
0
1.66949
1.67764
0
0
0
1.67778
1.67149
1.6718
1.66465
1.67138
1.66802
0
0
0
0
1.66441
1.66914
1.6787
1.67241
1.68011
0
0
1.66658
0
1.6741
1.67293
1.68302
0
1.66176
1.67735
1.66365
1.66295
1.66325
1.66823
1.67028
1.6724
1.65989
1.67675
1.68023
1.68382
1.65675
1.65743
1.65315
1.65448
1.65363
1.65068
1.65876
1.65473
1.6748
1.64732
1.66061
1.68225
1.66506
1.68078
1.68202
1.68126
1.68314
1.68325
1.682
1.68325
1.68264
1.68114
1.66407
1.67826
1.67664
1.68253
1.68256
1.66425
1.68511
1.68155
1.68442
1.68454
1.68311
1.68407
1.6837
1.67485
1.68494
1.68409
1.67636
1.68414
1.68345
1.68217
0
0
1.68831
1.68831
0
0
1.68409
1.67353
1.66972
0
1.68772
1.67643
1.67783
1.66998
1.68431
1.67409
1.68493
1.68472
1.67621
1.68067
1.67696
1.68582
1.68501
1.68587
1.68524
0
0
0
0
0
0
1.6751
1.67214
1.67048
1.67857
1.68515
1.67555
1.66757
1.66898
1.6625
1.67081
1.68534
1.66861
1.68413
1.68419
0
0
0
0
0
1.66938
1.66169
1.67097
1.6707
1.67894
1.66057
1.67137
1.67196
1.68408
0
0
0
1.68517
1.677
1.66299
1.67081
1.67092
1.68519
1.68498
1.68488
1.68461
0
0
0
0
1.67659
0
1.68086
1.67253
1.68816
1.68451
1.67864
1.66283
1.68331
1.68025
1.66364
0
0
1.66557
1.68692
1.68819
1.68061
1.67839
1.68463
1.68494
1.68506
1.68422
1.68462
1.67568
1.68509
1.6848
1.64409
1.6403
1.68108
1.68099
1.68063
1.68063
1.61368
1.6427
1.68063
1.67719
1.59948
1.60168
1.61302
1.58793
1.5949
1.68243
1.68231
1.68329
1.68318
1.68272
1.68263
1.68138
1.68134
1.68126
1.68126
1.68126
1.68063
1.68063
1.67394
1.68063
1.68063
1.67646
1.68063
1.62803
1.62098
1.58824
1.59541
1.663
1.6807
1.68063
1.62955
1.64155
1.61271
1.59727
1.59658
1.57154
1.58171
1.57424
1.57369
1.6843
1.68451
1.68435
1.68468
1.68441
1.6847
1.685
1.68327
1.68403
1.68274
1.68263
1.68261
1.68193
1.68183
1.68387
1.68366
1.6829
1.68302
1.6822
1.6823
1.68083
1.68104
1.68088
1.6814
1.68063
1.68063
1.67243
1.66071
1.62003
1.59827
1.68063
1.68063
1.68063
1.68063
1.6288
1.64428
1.6842
1.68417
1.68317
1.68341
1.68171
1.68206
1.68413
1.68435
1.68315
1.68399
1.68287
1.68308
1.68122
1.68155
1.6818
1.68179
1.68166
1.68063
1.68063
1.68063
1.68063
1.68063
1.66949
1.68063
1.68119
1.68125
1.68063
1.68063
1.68037
1.58354
1.58017
1.59033
1.59249
1.68517
1.6842
1.68462
1.6842
1.68416
1.6842
1.68323
1.68359
1.68467
1.6842
1.68434
1.68366
1.68245
1.68254
1.68166
1.6842
1.68374
1.68308
1.68353
1.68312
1.68166
1.68274
1.68128
1.68143
1.68073
1.68082
1.68151
1.68428
1.68365
1.6842
1.68303
0
0
0
0.745281
0.733901
0
0
0
0
0
0.768369
0.76439
0.7604
0.74131
0.73417
0.728083
0.732909
0.723897
0.709874
0.705026
0.701118
0.702071
0.69062
0
0
0
0
0
0
0.734308
0.727322
0
0.728951
0.727286
0.72222
0.704852
0
0.71686
0.700805
0.689116
0.683884
0.682164
0.671987
0.674545
0
0
0
0
0.73867
0
0.727047
0.717582
0.738423
0.754634
0.740292
0.719374
0.709948
0.700612
0.703381
0.681017
0.693493
0.676267
0.660482
0.731985
0.709666
0.719731
0.700279
0.68432
0.691564
0.674847
0.656914
0.649316
0.724538
0.70544
0.688963
0.702019
0.689817
0.67281
0.674709
0.659618
0.662842
0.644678
0.633435
0.647651
0.638492
0.627204
0.693948
0.674345
0.651587
0.65028
0.633513
0.634036
0.626874
0.64714
0.631626
0.628176
0.619417
0.612669
0.617457
0.608375
0.603287
0.605931
0.599846
0
0
0
0
0
0.775997
0.765761
0
0.748724
0.751688
0
0.773982
0.741538
0
0.749233
0.711559
0.738743
0.727467
0.720179
0.701491
0.692822
0.677471
0
0.727549
0.726571
0.719254
0.725932
0.699306
0.702114
0.684517
0.672107
0.679811
0.676954
0.664816
0.65785
0.695667
0.685403
0.686958
0.67393
0.663447
0.670146
0.651334
0.648415
0.640157
0.687884
0.677284
0.663246
0.653866
0.720085
0.69901
0.698138
0.693915
0.684038
0.677911
0.665795
0.680648
0.655878
0.645398
0.661312
0.647987
0.635685
0.645665
0.632049
0.63966
0.627128
0.617071
0.61403
0.646568
0.641142
0.631458
0.623016
0.625138
0.616767
0.61293
0.613876
0.609014
0.60978
0.597844
0.674924
0.660784
0.652064
0.651425
0.645204
0.638049
0.632658
0.622437
0.617736
0.65513
0.641606
0.624354
0.627767
0.616901
0.608185
0.615827
0.605584
0.600951
0.598116
0.640412
0.624632
0.62678
0.616769
0.613676
0.607346
0.618441
0.610303
0.605292
0.603413
0.606248
0.600431
0.598116
0.597548
0.601221
0.597818
0.598116
0.595736
0.592253
0.594191
0.590524
0.597049
0.593511
0.589855
0.588984
0.606333
0.607869
0.60542
0.602204
0.60058
0.596875
0.591977
0.590117
0.592464
0.58874
0.599117
0.593764
0.593229
0.588947
0.590853
0.588963
0.593927
0.589443
0.587888
0.588792
0.651777
0.655556
0.647733
0.634944
0.644864
0.634581
0.632449
0.625029
0.618223
0.628844
0.618821
0.610325
0.606465
0.598437
0.634094
0.628041
0.620844
0.622721
0.613439
0.609141
0.602088
0.606713
0.609063
0.596011
0.597533
0.59604
0.592287
0.597686
0.592935
0.597486
0.591855
0.593996
0.591778
0.58948
0.588049
0.590491
0.587369
0.587725
0.587356
0.587367
0.587356
0.589532
0.587358
0.587448
0.590638
0.58886
0.591988
0.597917
0.5938
0.602578
0.59527
0.600927
0.591965
0.591804
0.589378
0.58771
0.58822
0.587361
0.587366
0.587358
0.588384
0.589242
0.587938
0.592332
0.591815
0.588239
0.592848
0.596894
0.600343
0.597193
0.602336
0.5934
0.599924
0.602459
0.602751
0.603314
0.602883
0.608598
0.606828
0.607018
0.612689
0.612725
0.644127
0.649639
0.603823
0.611891
0.604628
0.611217
0.619172
0.608021
0.612689
0.615542
0.623257
0.628017
0.633677
0.607902
0.614551
0.625572
0.622911
0.624732
0.634665
0.631227
0.633777
0.647532
0.652853
0.668696
0.654344
0.679002
0.665427
0.653579
0.66992
0.669428
0.669944
0.683887
0.679979
0.691768
0.680747
0.700785
0.695895
0.697285
0.654369
0.63471
0.647958
0.628785
0.625067
0.61451
0.614144
0.60883
0.64164
0.628462
0.63537
0.623852
0.612356
0.608799
0.599174
0.60575
0.597335
0.605945
0.601391
0.596404
0.59241
0.594789
0.591862
0.604548
0.602921
0.598116
0.59757
0.594842
0.590715
0.593136
0.589464
0.588876
0.588185
0.589701
0.612555
0.605853
0.608658
0.601552
0.598116
0.598506
0.598116
0.592874
0.594442
0.591839
0.595421
0.59032
0.594654
0.590734
0.591716
0.58891
0.588163
0.589484
0.587931
0.591938
0.589385
0.588619
0.587931
0.587885
0.587931
0.587931
0.587931
0.588282
0.588372
0.58784
0.588673
0.588047
0.58776
0.587931
0.58799
0.588041
0.587626
0.588615
0.588696
0.588907
0.588615
0.588823
0.58903
0.589819
0.591076
0.588702
0.588534
0.588109
0.587445
0.587448
0.587443
0.587875
0.589121
0.588255
0.590461
0.591791
0.587757
0.587639
0.58878
0.59071
0.588643
0.593019
0.593576
0.597195
0.600955
0.596647
0.604595
0.606597
0.59824
0.603467
0.590794
0.593079
0.590709
0.593492
0.597559
0.597437
0.603554
0.603958
0.587946
0.588286
0.588183
0.589001
0.588803
0.590109
0.588817
0.590991
0.588491
0.589064
0.591042
0.591356
0.592886
0.594721
0.593427
0.595949
0.597291
0.590436
0.592765
0.594657
0.598609
0.598322
0.598127
0.604754
0.605138
0.59547
0.596888
0.603044
0.598923
0.606282
0.606866
0.610393
0.617212
0.590692
0.5881
0.587612
0.587493
0.587473
0.587548
0.587905
0.589098
0.591965
0.592146
0.5876
0.587415
0.588014
0.58834
0.589664
0.592899
0.590264
0.592693
0.591393
0.597383
0.597036
0.603481
0.597095
0.598335
0.601554
0.602318
0.608074
0.607371
0.615737
0.617129
0.602884
0.604498
0.610563
0.618217
0.611099
0.618985
0.625678
0.627805
0.587984
0.587671
0.587906
0.587496
0.588475
0.588448
0.588532
0.588255
0.589717
0.593343
0.591656
0.593899
0.587726
0.588333
0.589595
0.591493
0.599057
0.595206
0.597939
0.605716
0.589909
0.592243
0.590671
0.593583
0.594486
0.593456
0.597122
0.595311
0.597606
0.597642
0.604651
0.598553
0.608066
0.604625
0.604611
0.610549
0.622065
0.608496
0.620581
0.630172
0.612875
0.621258
0.612862
0.624701
0.627992
0.632965
0.639474
0.637205
0.648129
0.666736
0.650902
0.649794
0.668218
0.62443
0.631484
0.648989
0.638918
0.655298
0.663105
0.664871
0.677915
0.595648
0.600851
0.598378
0.603336
0.611307
0.60648
0.61215
0.609386
0.618478
0.629284
0.629943
0.634674
0.650152
0.63859
0.651765
0.619425
0.629511
0.621563
0.629988
0.639531
0.64879
0.639652
0.651476
0.652308
0.665403
0.667271
0.678968
0.620831
0.62688
0.612736
0.618409
0.630143
0.638658
0.633156
0.640793
0.636928
0.652998
0.678125
0.689286
0.695737
0.711721
0.657905
0.647931
0.652947
0.67573
0.660308
0.669995
0.671031
0.686739
0.678667
0.691716
0.689718
0.730511
0.710442
0.707774
0.72417
0.743576
0.726657
0.748413
0.741095
0.717279
0.735314
0.709334
0.74039
0.723364
0.745071
0.748413
0.732267
0.748413
0.748413
0.748413
0.763442
0.748413
0.766136
0.774737
0.824621
0.778694
0.804044
0.767504
0.821767
0.792317
0.805269
0.826411
0.816904
0.860237
0.831137
0.848164
0.808581
0.821594
0.714929
0.734856
0.729587
0.747732
0.684172
0.685221
0.699155
0.696906
0.728316
0.74419
0.700864
0.71885
0.748413
0.745049
0.748413
0.713438
0.737124
0.756409
0.749496
0.75759
0.748413
0.748413
0.748413
0.742654
0.748413
0.7577
0.748413
0.749876
0.751247
0.756093
0.753692
0.776212
0.753222
0.782873
0.787153
0.767859
0.607554
0.61528
0.609002
0.616412
0.622154
0.624172
0.610339
0.615764
0.611665
0.616565
0.626207
0.618645
0.625493
0.63236
0.636112
0.63522
0.642485
0.643653
0.613143
0.612142
0.618875
0.618478
0.624389
0.61894
0.626283
0.611416
0.618478
0.620252
0.624287
0.630392
0.633275
0.635443
0.643344
0.643815
0.637972
0.641736
0.645848
0.622094
0.629139
0.631472
0.641679
0.640604
0.657493
0.673411
0.656216
0.64425
0.651776
0.649405
0.625681
0.635609
0.656684
0.651291
0.64447
0.646761
0.648187
0.651462
0.672271
0.682096
0.671951
0.681814
0.691672
0.682506
0.695757
0.667982
0.661741
0.681019
0.690083
0.680855
0.688074
0.722676
0.71844
0.739535
0.740061
0.734999
0.748369
0.747881
0.70716
0.692941
0.707295
0.727464
0.721342
0.669762
0.6664
0.680382
0.679212
0.660534
0.662336
0.676023
0.676286
0.684911
0.687795
0.702983
0.688307
0.705293
0.723408
0.719776
0.689076
0.701877
0.68785
0.698191
0.717227
0.719007
0
0.574103
0
0
0
0.573387
0
0.572069
0.576978
0.576187
0.581956
0
0
0
0.575166
0
0
0
0
0.579498
0.585413
0
0
0
0
0
0.575052
0
0
0
0.575954
0.576227
0.578521
0.578787
0
0
0
0
0
0
0.584357
0.583395
0.588689
0.581773
0
0.580861
0
0.583272
0.585906
0.587221
0.590018
0.598303
0.605249
0.585523
0.574488
0.575486
0.579313
0.576278
0.580861
0.583778
0.595252
0.590279
0.590465
0.607319
0.599986
0.606307
0.612708
0.634991
0.636267
0.656026
0.657218
0.577946
0.581903
0.586277
0.594354
0.581548
0.588862
0.607948
0.631177
0.637498
0.653227
0.656613
0.612106
0.632304
0.655478
0.677491
0.682464
0.703955
0.691489
0.690667
0.758781
0.728664
0.741985
0.725701
0.738792
0.725701
0.741985
0.744616
0.710182
0.735601
0.7095
0.682146
0.678823
0.689435
0.693333
0.714491
0.725373
0.713679
0.742872
0.734966
0.739114
0.729023
0.680805
0.691779
0.711422
0.725228
0.5761
0.579556
0.584988
0.593706
0.613507
0.585518
0.604394
0.619863
0.639695
0.658089
0.643392
0.662549
0.59856
0.6122
0.609641
0.626223
0.604272
0.615923
0.634116
0.647293
0.66301
0.650929
0.669061
0.680805
0.709679
0.69513
0.680264
0.71061
0.691593
0.719042
0.737227
0.707123
0.728615
0.743859
0.681964
0.708296
0.693291
0.686083
0.71116
0.701262
0.721014
0.738731
0.723964
0.741071
0.717155
0.726827
0
0.574993
0.579231
0.581736
0.58609
0.83973
0.826434
0.827442
0.853488
0.835046
0.838228
0.875554
0.839577
0.858236
0.827699
0.892515
0.871578
0.891464
0.870633
0.861602
0.901299
0.905504
0.807587
0.833659
0.820981
0.875782
0.851949
0.871702
0.790349
0.783901
0.775527
0.888516
0.79345
0.779938
0.764104
0.78271
0.758317
0.813106
0.781361
0.805213
0.783575
0.802796
0.824611
0.822572
0.800226
0.816518
0.85175
0.841203
0.838852
0.814592
0.812916
0.787381
0.822217
0.806968
0.83686
0.833906
0.822978
0.860102
0.797064
0.737208
0.76186
0.736176
0.763778
0.730549
0.740086
0.702732
0.686787
0.700058
0.702732
0.691907
0.700052
0.716433
0.712038
0.784362
0.769591
0.726627
0.744079
0.70473
0.721691
0.725701
0.736632
0.705898
0.717667
0.702732
0.695576
0.702732
0.702732
0.6978
0.699395
0.708099
0.845306
0.875707
0.866176
0.723296
0.760146
0.680805
0.680805
0.68715
0.692012
0.681806
0.707101
0.688904
0.685638
0.788235
0.680805
0.689435
0.689435
0.689435
0.689435
0.685531
0.689435
0.696878
0.770414
0.74516
0.757559
0.780169
0.780693
0.743771
0.742321
0.759473
0.762933
0.779269
0.7649
0.77801
0.805718
0.819952
0.799135
0.826826
0.834771
0.817178
0.79653
0.79511
0.817169
0.815203
0.737213
0.732721
0.763388
0.756763
0.778854
0.779391
0.731912
0.73327
0.757723
0.75244
0.776731
0.774309
0.791489
0.795306
0.808793
0.809516
0.796293
0.797116
0.80941
0.808818
0.837602
0.84998
0.83638
0.854066
0.774579
0.855589
0.88237
0.840184
0.829316
0.861306
0.885974
0.84373
0.877882
0.697815
0.882665
0.691867
0.723552
0.910151
0.907351
0.88037
0.936045
0.833175
0.820507
0.856211
0.880451
0.847864
0.875907
0.827299
0.826249
0.880566
0.852868
0.872722
0.843402
0.891478
0.905333
0.89779
0.935297
0.933758
0.897966
0.932718
0.933096
0.921946
0.952405
0.964138
0.947286
0.95254
0.978222
0
0
0
0.581743
0.581187
0.583618
0
0.583223
0.588605
0
0.5861
0.590188
0.592963
0.594634
0.590827
0.595169
0.580102
0.585059
0.585182
0.590954
0.591589
0.594348
0.589855
0.594229
0.597643
0.601934
0.5954
0.598655
0.600597
0.601003
0.607761
0.606427
0.613843
0.60706
0.614209
0.620372
0.597501
0.600344
0.602436
0.607232
0.599612
0.601889
0.604588
0.613422
0.618316
0.626472
0.617729
0.619
0.623274
0.63318
0.62264
0.636762
0.640579
0
0.587015
0
0.58866
0.591389
0.596289
0.601606
0.591414
0.599724
0.604873
0.585603
0.591001
0.595143
0.588837
0.592583
0.591364
0.598765
0.59412
0.598928
0.606724
0.605216
0.60768
0.60949
0.613763
0.611339
0.611129
0.611401
0.614634
0.622472
0.61868
0.620373
0.617324
0.623615
0.629175
0.63533
0.634105
0.63831
0.627193
0.635892
0.640905
0.619404
0.623905
0.619796
0.626702
0.633175
0.638776
0.64518
0.632023
0.638003
0.646463
0.602806
0.612731
0.608468
0.617676
0.625595
0.632311
0.643159
0.660537
0.649137
0.680805
0.664387
0.616182
0.622536
0.620898
0.636802
0.628906
0.642541
0.650421
0.680805
0.660925
0.653656
0.680805
0.664645
0.633705
0.639293
0.688075
0.702732
0.684724
0.702022
0.681925
0.690217
0.680805
0.71269
0.707269
0.687142
0.69837
0.689435
0.696019
0.650811
0.656267
0.680805
0.670439
0.680805
0.681758
0.639976
0.650133
0.638637
0.648138
0.648424
0.65665
0.655099
0.660246
0.667159
0.662489
0.677002
0.665983
0.67487
0.687121
0.688062
0.673421
0.684098
0.695496
0.698857
0.687555
0.689435
0.689435
0.695666
0.6978
0.6978
0.6978
0.699739
0.6978
0.700317
0.702732
0.648912
0.662689
0.651606
0.660696
0.668984
0.668787
0.669711
0.675286
0.68672
0.699612
0.679097
0.690584
0.700191
0.653521
0.661437
0.655397
0.665425
0.667725
0.674306
0.678909
0.692967
0.703047
0.685868
0.699254
0.705472
0.711477
0.711207
0.726656
0.714843
0.730162
0.710628
0.718856
0.735346
0.748854
0.6978
0.699784
0.702732
0.848618
0.700644
0.702732
0.702732
0.709182
0.705543
0.792786
0.719154
0.730392
0.733361
0.709097
0.721453
0.732822
0.719219
0.733361
0.725857
0.733361
0.729403
0.737238
0.733361
0.741058
0.764771
0.774532
0.788237
0.786655
0.793341
0.793341
0.955513
0.954
0.967143
0.968071
0.980195
0.870381
0.881514
0.982446
0.985822
0.992229
0.95397
0.976302
0.95205
0.967528
0.984969
0.985822
0.98089
0.995011
0.987254
0.999264
0.877768
0.994984
0.879559
1.00346
1.00346
0.793341
0.793341
0.946207
0.959438
1.00346
1.00346
1.00346
1.00346
1.00346
0.717828
0.730684
0.751619
0.724222
0.738554
0.751764
0.76327
0.754408
0.769425
0.787705
0.759653
0.783662
0.793341
0.793341
0.793341
0.787359
0.793341
0.793341
0.744436
0.739978
0.75619
0.778692
0.789191
0.763473
0.77916
0.776648
0.789368
0.793341
0.793341
0.794805
0.863671
0.763268
0.723494
0.786576
0.855666
0.848319
0.84805
0.851275
0.85179
0.852367
0.847089
0.851054
0.838604
0.837242
0
0.841769
0.841193
0.839605
0.838673
0.843705
0.846985
0.846486
0.844351
0.844685
0.84196
0.838163
0.837635
0.842588
0.84203
0.83982
0.83952
0
0.84157
0.83871
0
0
0.840459
0.838738
0.837584
0
0
0
0
0.845871
0.845145
0.842453
0.841873
0.851832
0.849104
0.848921
0.848892
0.84527
0.844854
0.844294
0.840771
0.608066
0.60979
0.611398
0.613672
0.618385
0.618478
0.619558
0.621563
0.621563
0.621563
0.621563
0.621563
0.621563
0.73341
0.636362
0.621563
0.617361
0.619305
0.621563
0.621273
0.62076
0.628412
0.627488
0.620941
0.621563
0.626373
0.628337
0.622818
0.755498
0.624552
0.627488
0.631135
0.627488
0.621563
0.633835
0.621563
0.633835
0.621563
0.642198
0.649084
0.640138
0.649208
0.621563
0.639163
0.796279
0.665373
0.621563
0.646992
0.852476
0.851972
0.850335
0.848877
0.855566
0.74984
0.852295
0.851706
0.847512
0.846422
0.85031
0.848487
0.847105
0.844296
0.849598
0.85847
0.859824
0.855727
0.857534
0.856771
0.85353
0.85282
0.85024
0.85495
0.853112
0.852022
0
0
0
0.837686
0.836991
0
0.840462
0.839918
0.838567
0.838804
0
0.837094
0
0
0
0
0.84259
0.841039
0.846247
0.843493
0.842895
0.83929
0.837389
0.842212
0.840212
0.848203
0.846644
0.851158
0.848658
0.844857
0.843136
0.847196
0.8455
0
0.838088
0
0.836196
0
0
0
0.840413
0.838996
0.843112
0.840955
0.836929
0.843019
0.841086
0.835677
0.835205
0
0
0.839228
0.837481
0.83637
0.836005
0.628849
0.635753
0.639183
0.638107
0.641446
0.646057
0.638643
0.642416
0.646
0.646108
0.798088
0.646717
0.647251
0.649448
0.651118
0.647251
0.64742
0.715139
0.650538
0.659541
0.752524
0.86197
0.859257
0.864077
0.862151
0.857712
0.855709
0.859676
0.857145
0.867624
0.863162
0.874286
0.866022
0.860522
0.858719
0.862599
0.860285
0.662664
0.66382
0.671923
0.670116
0.684879
0.670863
0.683085
0.66073
0.665547
0.802361
0.763158
0.886177
0.696071
0.69694
0.71803
0.814671
0.874925
0.822413
0.890349
0.89813
0.895466
0.889565
0.902242
0.894206
0.876855
0.871194
0.880769
0.877981
0.87666
0.864855
0.863311
0.870311
0.865699
0.863102
0.87164
0.866278
0.883405
0.880554
0.887256
0.880065
0.888791
0.88598
0.8863
0.877092
0.876989
0.870126
0.873586
0.880501
0.880755
0.875912
0.876042
0.852866
0.852125
0.854752
0.853154
0.849187
0.847826
0.851291
0.850004
0.85038
0.856628
0.854609
0.859502
0.85789
0.857436
0.8537
0.852513
0.855428
0.852908
0.851855
0.854911
0.853257
0.853652
0.84566
0.847723
0.84462
0.843311
0.843636
0.847528
0.846572
0.845676
0.841208
0.841757
0.839219
0.843864
0.841179
0.849772
0.84967
0.848238
0.84824
0.850968
0.851869
0.85043
0.846584
0.843461
0.848153
0.83792
0.839964
0.85041
0.845812
0.843447
0.843095
0.848244
0.84605
0.845127
0.860919
0.859233
0.861725
0.85956
0.8636
0.863134
0.861917
0.86197
0.857443
0.857941
0.854923
0.855628
0.860672
0.859778
0.858336
0.865762
0.867114
0.863504
0.871598
0.861676
0.85956
0.85956
0.86753
0.865351
0.870933
0.872972
0.867369
0.869869
0.869984
0.861869
0.862468
0.859615
0.861052
0.863983
0.864178
0.861897
0.862081
0.86672
0.866358
0.863316
0.864072
0.853767
0.851625
0.855415
0.854789
0.851489
0.855966
0.85625
0.853147
0.855415
0.855415
0.850968
0.850502
0.848473
0.848649
0.851793
0.851502
0.850968
0.848772
0.853751
0.853765
0.8498
0.850968
0.858579
0.858428
0.857077
0.860413
0.859935
0.856246
0.859368
0.861985
0.862073
0.860876
0.855096
0.855832
0
0
0
0
0.835647
0
0
0.838763
0.838316
0.835842
0.836264
0
0
0
0
0.841027
0.84095
0.838863
0.843216
0.840433
0.837215
0.842559
0.840526
0.840807
0.836077
0
0.838012
0.837329
0.84583
0.846437
0.846117
0.843783
0.843079
0.848418
0.849262
0.737837
0.750034
0.754039
0.756114
0.900674
0.769779
0.914841
0.906733
0.899751
0.901892
0.909486
0.910306
0.904415
0.905093
0.807313
0.920956
0.923929
0.878576
0.933824
0.928837
0.928204
0.917024
0.917372
0.910412
0.922379
0.904723
0.917041
0.912073
0.920772
0.917975
0.920518
0.893784
0.895762
0.890149
0.891662
0.898547
0.895629
0.884625
0.880582
0.892135
0.901645
0.89622
0.898921
0.888217
0.888357
0.880463
0.885066
0.892238
0.892051
0.888003
0.885378
0.893141
0.890248
0.888959
0.908301
0.90752
0.904101
0.903618
0.912419
0.916062
0.908501
0.902967
0.906364
0.91602
0.920192
0.909247
0.914158
0.898145
0.897637
0.902154
0.893883
0.895061
0.907993
0.86403
0.939764
0.934952
0.945394
0.942853
0.928413
0.955633
0.936447
0.948092
0.943741
0.944461
0.931982
0.933853
0.926204
0.925616
0.936739
0.940742
0.932765
0.93038
0.931374
0.941092
0.937067
0.936847
0.95896
0.960591
0.951866
0.955341
0.964338
0.968425
0.963608
0.959651
0.970166
0.965908
0.973033
0.94895
0.947615
0.957045
0.94525
0.945492
0.959879
0.965587
0.920307
0.92309
0.925782
0.921108
0.931469
0.877144
0.878476
0.873602
0.88034
0.881681
0.874375
0.876896
0.88441
0.885331
0.882147
0.870124
0.869527
0.866841
0.980563
0.983748
0.983848
0.977993
0.982261
0.985516
0.987384
0.988377
0.697373
0.718873
0.707201
0.713432
0.737781
0.7293
0.746606
0.742321
0.679046
0.679961
0.674346
0.695175
0.693964
0.668393
0.675719
0.695505
0.691177
0.706813
0.69282
0.705053
0.722151
0.72082
0.721969
0.739433
0.748413
0.748413
0.738139
0.732171
0.74377
0.70613
0.708001
0.719265
0.73211
0.699748
0.715548
0.728647
0.742827
0.753573
0.761876
0.758498
0.770609
0.769229
0.741399
0.742381
0.752667
0.772745
0.757778
0.773669
0.788683
0.788697
0.663531
0.671529
0.675243
0.694321
0.677886
0.693137
0.702742
0.705444
0.666972
0.666987
0.678131
0.689103
0.672048
0.672691
0.682026
0.699776
0.709482
0.708714
0.700273
0.818562
0.713196
0.726055
0.711599
0.71776
0.744487
0.880023
0.744947
0.733785
0.760718
0.758755
0.758403
0.771055
0.775615
0.789118
0.849322
0.783684
0.832588
0.894211
0.898202
0.902973
0.892298
0.909937
0.916166
0.92672
0.92027
0.902325
0.908026
0.912224
0.786732
0.79812
0.799012
0.804614
0.822199
0.822572
0.741944
0.748413
0.748413
0.748413
0.755478
0.748413
0.754115
0.771824
0.753266
0.766125
0.788864
0.782665
0.725329
0.742014
0.74898
0.764829
0.750052
0.748965
0.782464
0.748413
0.773078
0.773634
0.759744
0.774895
0.78387
0.8117
0.804695
0.82589
0.784814
0.765197
0.791653
0.792797
0.807185
0.800288
0.823936
0.805415
0.80447
0.828231
0.831647
0.812889
0.822911
0.850439
0.846797
0.824022
0.819235
0.836194
0.830237
0.839737
0.833143
0.861909
0.842533
0.849327
0.840626
0.877104
0.861415
0.889142
0.884657
0.858688
0.861809
0.870048
0.851117
0.860972
0.861298
0.822572
0.804572
0.822572
0.817175
0.822572
0.832718
0.815049
0.831255
0.821691
0.856387
0.841616
0.872463
0.853273
0.883414
0.868132
0.855241
0.869794
0.867216
0.886574
0.883142
0.890338
0.90824
0.893639
0.926685
0.897928
0.836053
0.850038
0.847955
0.863851
0.870236
0.86014
0.883455
0.870667
0.892922
0.884814
0.899335
0.894911
0.893226
0.887053
0.898996
0.901638
0.914758
0.902886
0.924505
0.912906
0.916711
0.900876
0.945979
0.916434
0.944667
0.915963
0.959229
0.927333
0.956205
0.936487
1.02395
0.949869
1.00842
1.05177
0.930002
0.891938
0.871623
0.896511
0.883839
0.904601
0.905681
0.874752
0.85667
0.867001
0.884535
0.877653
0.884617
0.892005
0.888673
0.954931
0.921927
0.891843
0.904152
1.01751
1.03906
0.909387
0.939752
0.921251
0.927625
0.990624
0.958511
0.950635
1.05916
1.04203
1.03618
1.00911
1.0662
1.05911
1.0592
1.07832
1.06989
1.07143
1.10075
1.08917
1.07845
1.1126
1.09567
0.980391
1.04578
1.06635
1.09675
1.07968
1.07658
1.08355
1.10283
1.13257
1.12156
1.14924
1.13675
1.08145
1.10176
1.0925
1.11126
1.10653
1.11401
1.12611
1.12104
1.14762
1.144
1.11437
1.12772
1.14892
1.14448
0.90437
0.913436
0.917199
1.01965
0.996407
1.06291
1.05952
1.03404
1.06748
1.06393
1.0143
1.05616
1.05052
1.07594
1.063
1.06645
1.07854
1.07534
1.06211
1.03908
1.05112
1.06211
1.06081
1.06406
1.06384
1.06211
1.07886
1.0735
1.05869
1.06526
1.08007
1.06905
1.08732
1.09182
1.08692
1.11053
1.09765
1.11879
1.10989
1.12392
1.13044
1.12789
1.08767
1.09138
1.08185
0.768715
0.782987
0.786893
0.805347
0.802194
0.820498
0.820085
0.82312
0.833946
0.830719
0.789555
0.795761
0.820216
0.797228
0.816168
0.836223
0.797796
0.84041
0.851686
0.93454
0.925877
0.917906
0.85431
0.844027
0.864389
0.858231
0.835119
0.828901
0.85361
0.878528
0.876643
0.938991
0.981658
0.973827
0.864962
0.881872
0.873842
0.891876
0.921003
1.01449
1.00616
0.930185
0.999083
1.01439
0.929213
0.992603
0.997564
0.981452
0.993565
1.0056
0.997672
1.03131
1.02767
1.01503
1.03126
1.02519
1.00316
1.01118
0.92461
0.939083
0.953362
0.95899
0.945517
0.951908
0.966262
0.958017
0.929781
0.92357
0.938141
0.941856
0.925732
0.935215
0.951713
0.947399
0.974694
0.983905
0.96627
0.972283
0.993424
0.980243
0.934903
0.958259
0.963744
0.946463
0.956228
0.970864
0.948856
0.960155
0.997134
1.00024
0.991869
0.979316
0.973048
1.04269
1.04945
1.03775
1.04349
1.05929
1.05035
1.06211
1.06597
1.06078
1.06211
1.03164
1.02009
1.04714
1.03561
1.05689
1.06211
1.05054
1.0542
1.07074
1.06494
1.06211
1.05892
0.964367
0.997298
1.0078
0.997005
0.997511
1.01004
1.00286
1.02768
1.03535
1.04895
1.02009
0.990243
0.995641
0.978991
0.991148
0.997279
0.987588
0.994383
1.00573
1.04242
1.05565
1.03435
1.05005
1.06157
1.05697
0.997449
0.997693
0.997564
1.01847
1.03939
1.00228
1.02761
1.05482
1.0138
1.04364
1.14637
1.14218
1.1153
1.13391
1.14423
1.14174
1.10662
1.0999
1.12066
1.13864
1.11059
1.12717
1.14235
1.14062
1.08809
1.07502
1.1011
1.11305
1.08672
1.10765
1.12897
1.11836
1.06524
1.06349
1.07794
1.09716
1.06677
1.08113
1.11162
1.06202
1.06211
1.07174
1.06166
1.05999
1.0051
1.00152
0.932131
1.02407
0.953918
0.965239
0.86372
0.84652
0.861264
0.881812
0.885892
1.00738
1.03297
1.05282
1.04612
1.07968
1.07188
1.06393
1.10054
1.07839
1.08089
1.1144
1.09434
1.12308
1.13142
0.976714
1.08054
1.0273
1.06422
1.06262
1.09125
1.07951
0.905195
0.8976
0.910418
0.972602
1.10711
1.12106
1.11437
0.913692
0.934691
0.945312
0.909888
0.929298
0.957759
0.959701
0.95361
0.828191
0.844496
0.821056
0.838401
0.83813
0.810335
0.828089
0.888489
0.858028
0.876907
0.850346
0.858842
0.856913
0.877949
0.865769
0.877479
0.85559
0.867085
0.842917
0.860782
0.831093
0.855017
0.870469
0.864273
0.812347
0.801257
0.83467
0.825536
0.793045
0.818306
0.785943
0.846759
0.91925
0.902683
0.90978
0.906948
0.905116
0.910068
0.907399
0.933756
0.930775
0.947987
0.9441
0.930179
0.959956
0.952318
0.894802
0.899184
0.91036
0.892583
0.898228
0.893454
0.908629
0.925115
0.940109
1.09468
1.12439
1.10931
1.10688
1.13253
1.12024
1.12356
1.1426
1.1334
1.13455
1.15341
1.14285
1.1461
1.12301
1.15189
1.15308
1.17342
1.16385
1.16906
1.18675
1.18011
1.18175
1.19598
1.19048
1.13385
1.14267
1.15182
1.16899
1.14752
1.17429
1.16239
1.16376
1.18455
1.17378
1.17598
1.19458
1.18739
1.20841
1.20345
1.20589
1.21113
1.19303
1.20512
1.21984
1.2301
1.20822
1.21731
1.19774
1.21561
1.21228
1.23605
1.22856
1.24602
1.24205
1.22362
1.22047
1.22976
1.18083
1.19341
1.20372
1.21598
1.03412
1.06997
1.04941
1.01214
1.0416
1.1926
1.0706
1.10311
1.05993
1.07823
1.09943
1.04506
1.08352
0.983487
0.998334
0.98984
1.01767
1.0163
1.02931
0.986699
1.01652
0.9806
1.04716
1.0745
1.03386
1.03763
1.2429
1.22362
1.23472
1.09906
1.166
1.25074
1.24116
1.25534
1.24353
1.26684
1.25522
1.22231
1.22424
1.2659
1.24958
1.2718
1.10662
1.11703
1.1091
1.16062
1.14151
1.14917
1.13278
1.1634
1.17052
1.19018
1.21199
1.15683
1.16898
1.16483
1.18793
1.18268
1.10463
1.15138
0.972617
1.04294
0.978263
0.994635
1.18399
1.2028
1.2109
1.06996
1.09097
1.11067
1.05667
1.09266
1.03791
1.08296
1.04056
1.06571
1.10485
1.08788
1.10016
1.12031
1.14024
1.12483
1.14448
1.1654
1.15604
1.18397
1.17163
1.19671
1.19142
1.24272
1.17988
1.2074
1.17078
1.1795
1.19675
1.18392
1.2044
1.23652
1.30594
1.25674
1.1365
1.16748
1.12155
1.16483
1.14192
1.1601
1.18985
1.2021
1.01774
1.02796
1.02032
1.02984
1.08299
1.11689
1.05303
1.13291
1.08241
1.11879
1.05343
1.02172
1.03331
1.02428
1.04216
1.14131
1.08781
1.12038
1.05611
1.09197
1.14317
1.11908
1.06118
1.16517
1.18729
1.15683
1.19425
1.22924
1.30703
1.26999
1.31959
1.26573
1.29944
1.26759
1.14008
1.13507
1.18823
1.21632
1.17937
1.30629
1.22882
1.33458
1.34946
1.2737
1.35013
1.34804
1.28148
0.858891
0.865446
0.848339
0.863583
0.870708
0.831862
0.854354
0.923928
0.900979
0.91268
0.877752
0.90207
0.893673
0.917462
0.906434
0.973722
0.944183
0.965499
0.928551
0.93671
0.978537
0.954819
0.954799
0.962563
0.974317
0.948531
0.964235
0.903935
0.919937
0.87841
0.938357
0.891927
0.918403
0.873725
0.940768
0.953111
0.937276
0.833431
0.793454
0.821852
0.780971
0.81831
0.769416
0.812234
0.855937
0.866468
0.842614
0.851242
0.862396
0.781319
0.810901
0.75554
0.763855
0.78534
0.753757
0.754573
0.830654
0.795247
0.829274
0.822979
0.884606
0.76197
0.77744
0.760628
0.788104
0.830675
0.869133
0.853331
0.836536
0.860306
0.856655
0.760138
0.770706
0.834813
0.858698
0.843911
0.788409
0.834813
0.856276
0.837709
0.939151
0.957155
0.986126
0.970655
0.930054
0.952693
0.984425
0.969832
0.88798
0.907031
0.873967
0.900899
0.934628
0.951023
0.974879
0.960019
0.94165
0.959153
0.985452
0.968976
0.877124
0.910102
0.870854
0.897714
0.856118
0.752632
0.787578
0.75276
0.752426
0.75923
0.755255
0.764528
0.787706
0.990454
1.00845
0.998406
1.04407
1.02825
1.0309
1.01515
1.06245
1.05468
1.09308
1.07742
1.06034
1.07906
0.995129
1.01096
0.996177
1.02995
0.978108
0.998673
1.02155
0.984475
1.04111
1.12048
1.13235
1.00232
1.01581
1.00504
1.00367
1.00452
1.3237
1.32766
1.30342
1.30794
1.32428
1.3313
1.31428
1.27463
1.29345
1.28475
1.32312
1.31794
1.33784
1.38748
1.3689
1.39535
1.39793
1.39609
1.39878
1.38996
1.39921
1.37744
1.39172
1.39062
1.39777
1.41622
1.41961
1.41334
1.41496
1.40964
1.42039
1.38944
1.39748
1.40813
1.40455
1.40869
1.40585
1.40943
1.41196
1.40938
1.41454
1.41464
1.41309
1.41543
1.41548
1.39899
1.42313
1.40795
1.41786
1.43935
1.43997
1.43925
1.42631
1.41638
1.43845
1.43872
1.36276
1.41816
1.41576
1.38637
1.42181
1.42279
1.41299
1.43887
1.42629
1.39807
1.21626
1.2115
1.2492
1.24535
1.26166
1.2537
1.2322
1.24062
1.23966
1.24688
1.2674
1.2693
1.24696
1.25535
1.27482
1.26631
1.2206
1.23692
1.21947
1.21812
1.22596
1.24722
1.2371
1.25005
1.24549
1.25406
1.25768
1.25575
1.28157
1.28195
1.273
1.28457
1.28062
1.25161
1.26469
1.27616
1.28173
1.28058
1.31192
1.31814
1.30366
1.30992
1.2723
1.26698
1.27788
1.271
1.28275
1.27832
1.28805
1.28721
1.28552
1.2769
1.29511
1.28559
1.29512
1.30297
1.26391
1.28845
1.31287
1.30063
1.22139
1.19614
1.27073
1.32165
1.32184
1.30656
1.30523
1.3208
1.28247
1.2931
1.32788
1.30539
1.35646
1.36918
1.30278
1.2956
1.30925
1.30877
1.31327
1.30445
1.31689
1.32838
1.33646
1.31859
1.29228
1.29512
1.29111
1.28473
1.3229
1.3603
1.36415
1.36289
1.27545
1.27953
1.29022
1.30158
1.28881
1.29282
1.30908
1.32429
1.30401
1.31663
1.32461
1.28803
1.29539
1.30799
1.29168
1.28541
1.29638
1.39294
1.38946
1.39772
1.39467
1.36624
1.37219
1.39573
1.39311
1.38841
1.40276
1.38374
1.39661
1.40764
1.41253
1.39227
1.4098
1.3932
1.39861
1.40259
1.38936
1.39184
1.388
1.41524
1.40114
1.41306
1.41461
1.39374
1.37361
1.40255
1.37712
1.40712
1.38761
1.40205
1.41102
1.41514
1.40979
1.41321
1.42015
1.41536
1.38468
1.39079
1.41464
1.39893
1.33479
1.33749
1.35969
1.36482
1.35212
1.37663
1.37888
1.38484
1.39132
1.39116
1.39281
1.31652
1.34345
1.3104
1.3404
1.35316
1.37774
1.38459
1.39649
1.37042
1.3704
1.38701
1.38066
1.38518
1.39622
1.38736
1.40678
1.41334
1.39014
1.40855
1.41553
1.41233
1.41762
1.40634
1.41582
1.41835
1.39889
1.40083
1.38936
1.39403
1.41256
1.40665
1.41553
1.41657
1.4118
1.4155
1.39759
1.4005
1.40823
1.38845
1.40384
1.40588
1.41059
1.40828
1.40277
1.41085
1.41269
1.41194
1.41148
1.41348
1.41244
1.41417
1.40424
1.41274
1.41464
1.41197
1.2741
1.32807
1.36984
1.28109
1.37622
1.20789
1.20416
1.25463
1.2693
1.26098
1.24537
1.2736
1.27062
1.27122
1.30135
1.27194
1.26909
1.33973
1.27959
1.3352
1.28507
1.34963
1.31626
1.38038
1.34985
1.38934
1.3642
1.37378
1.36625
1.39062
1.38543
1.39245
1.39331
1.3953
1.38059
1.38927
1.39639
1.40436
1.40175
1.40792
1.39999
1.40433
1.40967
1.35557
1.37745
1.39687
1.40195
1.40694
1.38889
1.40158
1.39143
1.40286
1.3778
1.39206
1.40125
1.38877
1.36801
1.38729
1.39329
1.40473
1.37448
1.39823
1.40462
1.40937
1.399
1.41269
1.40693
1.41217
1.40147
1.39019
1.41538
1.38557
1.41418
1.4177
1.41278
1.41999
1.42495
1.42473
1.409
1.41293
1.4047
1.41262
1.41185
1.41268
1.41339
1.40524
1.41269
1.41446
1.40176
1.41269
1.41476
1.39585
1.37465
1.41818
1.37456
1.37
1.37468
1.41213
1.41194
1.35631
1.38399
1.34911
1.37688
1.37249
1.37161
1.35555
1.41409
1.41936
1.41726
1.39767
1.41363
1.42011
1.42001
1.43544
1.40938
1.4173
1.41717
1.43842
1.41701
1.40457
1.42818
1.37773
1.37208
1.3758
1.3905
1.37146
1.37666
1.43444
1.43996
1.3991
1.43919
1.43295
1.41345
1.3933
1.41216
1.37566
1.41366
1.40537
1.37534
1.41187
1.41543
1.41901
1.44005
1.41123
1.42057
1.43678
1.43219
1.43903
1.4183
1.4271
1.41518
1.43833
1.39978
1.43871
1.43955
1.43965
1.42328
1.42215
1.43865
1.43282
1.41691
1.41292
1.44195
1.43419
1.41088
1.42853
1.4116
1.41419
1.41124
1.41275
1.41211
1.41199
1.38889
1.37994
1.41369
1.37609
1.41899
1.36895
1.41105
1.41693
1.4397
1.40737
0.88777
0.910215
0.896738
0.916376
0.900273
0.926756
0.901578
0.916113
0.95871
0.895572
0.967548
0.960292
0.938439
0.97874
0.915996
0.813425
0.879896
0.984293
0.980932
1.00665
1.04546
1.06702
0.808558
0.804045
1.0824
1.09658
1.10833
1.12347
1.13442
1.15854
1.15165
1.17488
1.16196
1.17933
1.173
1.18838
1.19383
1.15707
1.16331
1.15474
1.06082
1.03201
1.05088
1.05939
1.00346
1.01027
1.00346
1.00346
1.00346
1.00606
1.01281
1.00346
1.0076
1.01732
1.02857
0.796568
0.794619
0.799669
0.80197
0.793341
0.796248
0.798562
0.80197
0.802525
0.793341
0.802287
0.810298
0.818448
0.81178
0.827697
0.849661
0.800032
0.931766
1.03053
0.804919
0.807276
0.822166
0.887933
1.04858
0.819375
0.99541
1.06819
1.01687
1.02267
1.01968
1.04186
1.05703
1.02972
1.05272
1.05721
1.06457
1.06444
0.810815
0.826799
0.844844
0.882754
0.97144
0.836112
0.861338
0.877593
1.07829
1.06252
1.09585
1.07691
1.07811
1.11214
1.12115
1.1209
1.08775
0.884961
1.02117
0.978925
1.07108
1.091
1.1111
1.09179
1.11584
1.10698
1.09159
1.13394
1.13013
1.13213
1.14448
1.15438
1.13832
1.14609
1.14807
1.1516
1.15996
1.15706
1.16146
1.16528
1.18174
1.19301
1.19715
1.18948
1.18442
1.20049
1.2148
1.19682
1.19012
1.20197
1.21978
1.21457
1.173
1.18464
1.15469
1.16912
1.19567
1.19259
1.19988
1.21855
1.2108
1.18114
1.19538
1.20464
1.22595
1.23037
1.23903
1.22772
1.22891
1.22219
1.21591
1.25062
1.2375
1.25729
1.2507
1.26268
1.26751
1.26338
1.27743
1.2818
1.27608
1.28062
1.23191
1.24295
1.20699
1.22127
1.23298
1.25214
1.24101
1.26158
1.27967
1.237
1.25331
1.27254
1.14653
1.15469
1.14476
1.16986
1.15875
1.19163
1.19791
1.18021
1.17088
1.19268
1.14245
1.14631
1.15939
1.14324
1.14974
1.17632
1.16139
1.20228
1.20005
1.19027
1.20365
1.19999
1.17788
1.19337
1.21593
1.22903
1.20717
1.21014
1.23274
1.2278
1.2411
1.26532
1.23231
1.25347
1.20754
1.20001
1.2149
1.20628
1.22364
1.239
1.21187
1.23081
1.29698
1.29389
1.28774
1.2806
1.28184
1.27858
1.2735
1.25695
1.24772
1.30534
1.33076
1.30047
1.30909
1.3573
1.34149
1.37334
1.37659
1.32901
1.3726
1.37555
1.28955
1.29984
1.29177
1.29949
1.32191
1.31228
1.37143
1.3592
1.36099
1.3654
1.37587
1.39585
1.36655
1.35944
1.3576
1.39479
1.39086
1.38507
1.39024
1.38479
1.39261
1.3918
1.40927
1.41236
1.3997
1.4107
1.37592
1.39636
1.36505
1.37846
1.39034
1.39746
1.38732
1.40417
1.39037
1.3913
1.28403
1.29393
1.27901
1.28425
1.30011
1.2992
1.34183
1.36626
1.31511
1.34305
1.27191
1.28134
1.26398
1.27813
1.29497
1.28084
1.29424
1.30047
1.32461
1.29439
1.31581
1.3692
1.37824
1.37075
1.32795
1.35123
1.35587
1.36222
1.3609
1.35915
1.3765
1.37074
1.39677
1.38553
1.38984
1.35364
1.35579
1.37372
1.36177
1.36032
1.37324
1.36287
1.37895
1.3787
1.14117
1.14442
1.12838
1.1403
1.14649
1.14449
1.10462
1.09922
1.11312
1.12727
1.1165
1.12824
1.14097
1.11939
1.1364
1.1441
1.15597
1.17342
1.15844
1.17704
1.14682
1.14449
1.19876
1.16157
1.1864
1.2035
1.19132
1.20526
1.22201
1.20384
1.2082
1.14921
1.16647
1.14449
1.15726
1.18032
1.1527
1.16209
1.19033
1.19714
1.20401
1.18585
1.06211
1.07756
1.06216
1.06744
1.09291
1.08632
1.10093
1.10903
1.12301
1.10717
1.06211
1.06686
1.05986
1.06471
1.07106
1.06211
1.06751
1.09922
1.11597
1.13464
1.11269
1.13079
1.14262
1.0859
1.06211
1.0736
1.07055
1.09374
1.1108
1.1207
1.10369
1.11387
1.13732
1.10549
1.14291
1.14449
1.14449
1.16391
1.14449
1.15569
1.18552
1.144
1.23123
1.21254
1.20187
1.20677
1.20259
1.20548
1.20677
1.11023
1.12406
1.14316
1.11509
1.13819
1.14449
1.13611
1.14449
1.14449
1.175
1.14491
1.15949
1.1789
1.19503
1.20431
1.19108
1.20092
1.20677
1.20222
1.20655
1.14449
1.15234
1.15224
1.15982
1.14879
1.1838
1.2106
1.20288
1.20677
1.20677
1.15948
1.16209
1.15107
1.16103
1.1875
1.17752
1.19502
1.1983
1.20551
1.2062
1.20677
1.20405
1.24024
1.24749
1.26636
1.2373
1.26516
1.2815
1.24688
1.26788
1.29264
1.28677
1.22154
1.21076
1.23801
1.26242
1.22116
1.24224
1.28066
1.30047
1.31243
1.2908
1.31978
1.36214
1.29383
1.32496
1.27812
1.23776
1.27271
1.27877
1.28121
1.28078
1.292
1.31203
1.2843
1.29942
1.36814
1.37663
1.38307
1.35137
1.33283
1.21309
1.227
1.25291
1.20677
1.247
1.27869
1.22236
1.25824
1.29224
1.41184
1.41205
1.40943
1.38688
1.39148
1.3816
1.39383
1.40489
1.39023
1.39541
1.38393
1.39757
1.38524
1.39902
1.37341
1.38293
1.38664
1.2311
1.18921
1.20209
1.20567
1.20677
1.2154
1.20677
1.20677
1.2253
1.20677
1.23111
1.21335
1.22608
1.2682
1.22501
1.25578
1.28158
1.24614
1.2775
1.28115
1.26073
1.27813
1.28103
1.28807
1.28141
1.29893
1.28176
1.29191
1.29208
1.29493
1.3008
1.30274
1.32463
1.34882
1.31135
1.32306
1.33113
1.36269
1.36791
1.37375
1.36837
1.3454
1.36042
1.36748
1.35848
1.37357
1.37754
1.39604
1.36884
1.37046
1.36705
1.36641
1.37421
1.35894
1.36928
1.36461
1.39376
1.38784
1.38956
1.38957
1.38354
1.39551
1.38866
1.36005
1.35223
1.37686
1.36729
1.35786
1.36579
1.3511
1.36342
1.37591
1.39368
1.36242
1.28226
1.261
1.27691
1.29727
1.2672
1.29076
1.29996
1.30047
1.32463
1.30047
1.23701
1.27505
1.28107
1.29332
1.30326
1.32295
1.355
1.32512
1.35049
1.32556
1.35118
1.32599
1.276
1.29534
1.29489
1.30047
1.29033
1.34114
1.37137
1.37079
1.36632
1.38543
1.35775
1.36257
1.38662
1.39276
1.36709
1.37556
1.38803
1.36922
1.39278
1.39099
1.37637
1.39603
1.38276
1.39505
1.33515
1.36427
1.35539
1.36433
1.3342
1.30047
1.31
1.2885
1.34675
1.35963
1.29929
1.3265
1.36047
1.33946
1.36743
1.3674
1.35086
1.35459
1.318
1.34835
1.33327
1.33334
1.32716
1.33295
1.35096
1.34542
1.34763
1.35086
1.37284
1.3474
1.35695
1.36215
1.36303
1.3505
1.3581
1.35642
1.35404
1.37537
1.34773
1.36114
1.38605
1.39291
1.38152
1.43831
1.42514
1.42724
1.44241
1.4377
1.41918
1.41853
1.4276
1.44273
1.42948
1.43764
1.41444
1.43141
1.40771
1.43846
1.40891
1.44018
1.42042
1.4245
1.43219
1.43448
1.42609
1.4383
1.44084
1.43879
1.41222
1.43385
1.3675
1.39314
1.43399
1.36512
1.4248
1.36784
1.37574
1.40998
1.41767
1.42677
1.43524
1.44207
1.44403
1.43591
1.43023
1.44456
1.43187
1.43357
1.44148
1.44413
1.42454
1.44214
1.43168
1.42775
1.42497
1.44428
1.43755
1.42369
1.43597
1.44457
1.43644
1.44128
1.44115
1.43853
1.44013
1.43635
1.44329
1.43618
1.43567
1.44488
1.43995
1.44457
1.43814
1.44284
1.43884
1.43941
1.4442
1.42166
1.42538
1.42714
1.43174
1.4199
1.44455
1.44116
1.43295
1.44461
1.43482
1.44171
1.43812
1.43708
1.44059
1.4343
1.44322
1.44412
1.44423
1.43932
1.4368
1.44444
1.43947
1.44449
1.43667
1.43483
1.44472
1.44193
1.44023
1.43738
1.44515
1.44496
1.44518
1.44507
1.44482
1.44373
1.4449
1.44343
1.43721
1.43808
1.44465
1.44507
1.43912
1.44512
1.445
1.44483
1.44504
1.44485
1.44479
1.44326
1.44185
1.44229
1.44287
1.44246
1.4429
1.44308
1.44373
1.4424
1.44184
1.44316
1.442
1.44328
1.44271
1.44165
1.44166
1.44289
1.44163
1.4423
1.44295
1.44237
1.44313
1.44254
1.44253
1.44316
1.43928
1.44354
1.44055
1.44204
1.44512
1.44499
1.44523
1.44345
1.43988
1.44179
1.44036
1.44521
1.44511
1.44493
1.44514
1.44502
1.44024
1.44223
1.43868
1.44515
1.44503
1.44378
1.44505
1.44504
1.44423
1.44184
1.44484
1.44299
1.44213
1.44164
1.44161
1.44218
1.44322
1.44164
1.44211
1.44494
1.44459
1.44503
1.44485
1.44388
1.44499
1.44469
1.44372
1.44237
1.44426
1.44396
1.44339
1.44254
1.44244
1.43873
1.42963
1.41588
1.43436
1.43907
1.43715
1.42773
1.43353
1.43943
1.41456
1.44334
1.44397
1.44269
1.44346
1.44447
1.444
1.44415
1.44491
1.44445
1.44441
1.43858
1.43503
1.42807
1.42223
1.42775
1.43383
1.41539
1.44402
1.44424
1.4396
1.44418
1.44074
1.44482
1.44373
1.4443
1.39353
1.36207
1.37011
1.42075
1.43917
1.39795
1.4384
1.43358
1.43886
1.38568
1.39159
1.42238
1.40923
1.43049
1.4376
1.37853
1.40658
1.43836
1.38015
1.42371
1.44086
1.43827
1.44106
1.41348
1.41331
1.44304
1.43341
1.40526
1.43882
1.43917
1.44065
1.43819
1.43801
1.42193
1.41772
1.43026
1.42255
1.40831
1.43098
1.40814
1.43604
1.41441
1.43263
1.42656
1.421
1.43859
1.41883
1.41563
1.43685
1.43698
1.43816
1.44212
1.43245
1.44025
1.43877
1.44515
1.44395
1.44414
1.44511
1.44522
1.44395
1.44269
1.44183
1.44445
1.44216
1.43918
1.44455
1.43922
1.44516
1.43995
1.44075
1.44011
1.44518
1.44504
1.44477
1.44504
1.4449
1.44456
1.44424
1.4367
1.425
1.44416
1.44467
1.44204
1.44425
1.44497
1.44515
1.44479
1.44447
1.44415
1.42998
1.44521
1.44522
1.44471
1.44498
1.44485
1.44339
1.44305
1.4445
1.44419
1.44348
1.44443
1.44409
1.44514
1.44502
1.44524
1.44512
1.44505
1.4448
1.44494
1.44452
1.44421
1.44479
1.44439
1.44424
1.4444
1.44504
1.44394
1.44487
1.44478
1.44304
1.44438
1.44406
1.42701
1.44016
1.44438
1.43671
1.43828
1.44453
1.43728
1.43853
1.44477
1.44376
1.43833
1.44116
1.44521
1.43889
1.44335
1.44514
1.43968
1.44521
1.44486
1.4446
1.44499
1.44521
1.44522
1.44517
1.44511
1.44474
1.44444
1.44488
1.4446
1.44444
1.44521
1.44515
1.44522
1.44519
1.44515
1.44198
1.44288
1.44496
1.44483
1.44508
1.44475
1.44512
1.44498
1.44048
1.43982
1.44108
1.44019
1.43978
1.44073
1.44036
1.43984
1.43973
1.43889
1.43984
1.43929
1.44199
1.44108
1.44017
1.4421
1.44053
1.43976
1.43976
1.43992
1.43792
1.43701
1.43816
1.4426
1.4414
1.44303
1.44283
1.43908
1.44049
1.43979
1.43961
1.44012
1.43968
1.43741
1.43657
1.43767
1.43725
1.43523
1.43396
1.43561
1.43454
1.4324
1.43561
1.43403
1.43899
1.43777
1.43891
1.43843
1.43743
1.43891
1.43807
1.43645
1.43613
1.43491
1.43696
1.43576
1.43416
1.43656
1.43531
1.44151
1.44071
1.44245
1.44148
1.44058
1.43972
1.44058
1.44024
1.43973
1.44058
1.44012
1.44314
1.44247
1.44251
1.4429
1.4419
1.44217
1.44273
1.44117
1.44058
1.44035
1.44175
1.44044
1.44025
1.43965
1.43934
1.43794
1.43955
1.43883
1.4373
1.43998
1.4401
1.43771
1.43937
1.43861
1.43719
1.43586
1.43743
1.43678
1.43568
1.43729
1.43649
1.43968
1.4392
1.43998
1.43943
1.4391
1.43815
1.43888
1.43766
1.43665
1.43825
1.43711
1.43152
1.43039
1.43247
1.4312
1.43363
1.42893
1.43213
1.43072
1.42698
1.42555
1.42866
1.4266
1.42462
1.42775
1.42563
1.43274
1.43132
1.43337
1.43255
1.43073
1.43372
1.43239
1.43001
1.42956
1.42811
1.43039
1.42875
1.42365
1.42212
1.42431
1.43473
1.43424
1.43267
1.43505
1.4339
1.43134
1.43571
1.44215
1.4417
1.44285
1.44279
1.44274
1.44233
1.44099
1.4426
1.44389
1.44338
1.44408
1.4429
1.44226
1.44089
1.44252
1.44167
1.44126
1.4437
1.44322
1.4437
1.44306
1.44214
1.44266
1.44233
1.44291
1.44252
1.44173
1.44268
1.44141
1.44001
1.43961
1.44022
1.43988
1.43952
1.4401
1.43991
1.43899
1.4405
1.44241
1.44163
1.44415
1.44217
1.44167
1.44434
1.443
1.4431
1.44447
1.41542
1.41454
1.41841
1.41797
1.41444
1.41863
1.38552
1.40078
1.36212
1.36398
1.4164
1.36368
1.39357
1.41451
1.41611
1.41421
1.4155
1.42149
1.41413
1.39237
1.41645
1.38025
1.34699
1.42822
1.37609
1.42632
1.42315
1.4078
1.42745
1.42771
1.43854
1.43858
1.43967
1.42999
1.43893
1.43119
1.43859
1.43921
1.44062
1.42155
1.43846
1.43483
1.44127
1.37605
1.40213
1.40968
1.4388
1.39568
1.39233
1.43978
1.41072
1.40961
1.41357
1.39434
1.41279
1.41555
1.34083
1.411
1.41477
1.39637
1.34734
1.34927
1.34733
1.41824
1.33273
1.37011
1.42611
1.33698
1.3715
1.41144
1.40469
1.40479
1.41429
1.36875
1.41189
1.38477
1.32937
1.33141
1.33899
1.33027
1.40575
1.37637
1.43653
1.41291
1.42943
1.44263
1.43288
1.37602
1.42494
1.42468
1.43485
1.43829
1.44007
1.4421
1.43944
1.44088
1.41633
1.35212
1.38505
1.33541
1.34236
1.33478
1.33443
1.345
1.33032
1.33864
1.34567
1.3759
1.3843
1.40293
1.39988
1.40128
1.4125
1.38902
1.42433
1.43848
1.43494
1.41237
1.36093
1.39314
1.38849
1.38912
1.4012
1.43816
1.42229
1.4384
1.43793
1.44083
1.43821
1.42907
1.42768
1.38971
1.40493
1.3951
1.37316
1.38176
1.40088
1.41587
1.39037
1.43389
1.38204
1.44108
1.439
1.44318
1.44362
1.44396
1.44334
1.44396
1.44465
1.44171
1.44429
1.44307
1.44367
1.44218
1.44421
1.44485
1.43711
1.44418
1.44476
1.43449
1.44429
1.44476
1.44345
1.44401
1.44237
1.44315
1.44396
1.44274
1.44372
1.44412
1.44436
1.44476
1.44443
1.44408
1.4399
1.43629
1.44343
1.4451
1.44294
1.44511
1.44493
1.43724
1.44227
1.41897
1.43624
1.44184
1.43563
1.39566
1.4023
1.4133
1.39531
1.41011
1.41525
1.40753
1.41291
1.37345
1.41092
1.41485
1.36087
1.3293
1.33473
1.35874
1.38887
1.39852
1.40297
1.32442
1.32816
1.33241
1.33855
1.32859
1.33328
1.34813
1.32692
1.3338
1.40929
1.39984
1.40888
1.41235
1.38845
1.40941
1.32224
1.36646
1.41543
1.42748
0.86436
0.856683
0.870785
0.860084
0.847196
0.852196
0.846905
0.852594
0.846768
0.861441
0.852136
0.847408
0.865253
0.851912
0.846503
0.867031
0.855056
0
0.840253
0
0.839478
0
0.840305
0
0.84046
0
0.842748
0.842269
0.843108
0.843568
0.840019
0
0
0
0.837078
0
0.842344
0.839498
0.842294
0.840332
0.847464
0.855635
0.847207
0.843138
0.838647
0.847566
0.843698
0
0.837922
0
0
0.839539
0.842463
0.841365
0.838533
0.660114
0.758397
0.777233
0.873165
0.792107
0.879055
0.876431
0.879474
0.87701
0.883247
0.885048
0.879197
0.868821
0.870316
0.872459
0.888341
0.877769
0.879555
0.888567
0.882391
0.871221
0.869935
0.873525
0.868905
0.876629
0.877555
0.873908
0.882797
0.87803
0.869376
0.873093
0.894453
0.894347
0.889431
0.897593
0.888576
0.901775
0.907057
0.895837
0.889864
0.896881
0.883476
0.884941
0.877604
0.873908
0.877337
0.89136
0.881322
0.857433
0.864019
0.851425
0.865496
0.850721
0.870275
0.869518
0.864773
0.84376
0.84109
0.848657
0.843879
0.873496
0.870297
0.875813
0.873014
0.862927
0.838346
0.890606
0.885543
0.840264
0.849869
0.843761
0.869621
0.879046
0.873196
0.863569
0.849297
0.869781
0.8598
0
0
0.840624
0
0
0.838567
0
0
0
0
0
0
0.838203
0
0.840672
0.838416
0
0
0
0.844276
0.842023
0.849328
0.845945
0.840177
0.838125
0.842614
0.840404
0
0
0.838069
0.910053
0.901389
0.897046
0.916023
0.906655
0.919547
0.922342
0.912081
0.916358
0.898373
0.890384
0.902616
0.909828
0.893732
0.901074
0.930083
0.920356
0.937
0.927946
0.943657
0.9522
0.937775
0.950839
0.915126
0.904496
0.915212
0.910412
0.920993
0.922829
0.916052
0.883289
0.876626
0.888735
0.894339
0.883729
0.888594
0.871413
0.866538
0.873799
0.870221
0.898271
0.883131
0.889487
0.905081
0.895979
0.913747
0.880901
0.88708
0.872914
0.882993
0.888693
0.879325
0.885987
0.956435
0.939086
0.948304
0.954588
0.929632
0.939345
0.925886
0.936581
0.950245
0.92837
0.937257
0.955893
0.934082
0.947545
0.956551
0.954629
0.970425
0.959802
0.978094
0.992826
0.966344
0.963512
0.983822
0.992936
0.978821
0.987272
0.997112
0.979675
0.995879
1.00167
0.96691
0.973067
0.987793
0.966394
0.906641
0.901613
0.906134
0.915553
0.908623
0.922467
0.914408
0.894565
0.881997
0.889237
0.90059
0.88833
0.893911
0.907589
0.925617
0.941109
0.917012
0.933297
0.949785
0.925071
0.904668
0.893131
0.899934
0.910711
0.897844
0.903894
0.91225
0.918959
0.858426
0.846457
0.843586
0.850366
0.846903
0.863135
0.865949
0.855537
0.850766
0.850164
0.861075
0.860261
0.855237
0.854753
0.844072
0.841061
0.837976
0.839354
0.844374
0.844459
0.841604
0.841591
0.836742
0
0.839608
0.837473
0.837201
0.837702
0
0.84039
0.845024
0.851439
0.849238
0.847904
0.847795
0.847151
0.844556
0.852181
0.848299
0.843842
0.843223
0.841139
0.840435
0.846896
0.845924
0.844006
0.842716
0.864496
0.863852
0.864475
0.869519
0.865747
0.867473
0.86864
0.876398
0.872308
0.859439
0.861503
0.861696
0.864895
0.867143
0.860185
0.867082
0.869813
0.866096
0.876146
0.882417
0.871415
0.87421
0.888312
0.875007
0.8821
0.869583
0.863674
0.867538
0.869383
0.870269
0.867835
0.867519
0.868749
0.871238
0.86753
0.872182
0.859775
0.854958
0.857386
0.847634
0.854295
0.853937
0.850792
0.850202
0.849539
0.846464
0.847829
0.852766
0.85232
0.849492
0.850368
0.860677
0.858244
0.858798
0.862387
0.862972
0.859702
0.86122
0.860274
0.861185
0.857484
0.857444
0.862596
0.863868
0.856229
0.85598
0.855415
0.854046
0.854527
0.85098
0.851009
0.858046
0.858068
0.854509
0.854887
0.849631
0.847073
0.851386
0.861177
0.860099
0.852007
0.86628
0.85658
0.845492
0.843204
0.850727
0.870272
0.867585
0.872966
0.869613
0.875208
0.870691
0.878913
0.872223
0.887515
0.892501
0
0.840746
0.839573
0.837361
0
0
0.840551
0.841147
0.83933
0.838453
0
0.834921
0
0
0.837203
0.836945
0
0
0.836369
0
0
0
0
0.838256
0.834921
0.840585
0.845515
0.846012
0.842075
0.843155
0.84888
0.848791
0.844652
0.843576
0.842507
0.890417
0.916821
0.918558
0.902713
0.904988
0.896272
0.901296
0.910444
0.91314
0.908185
0.901822
0.904886
0.916187
0.916701
0.907631
0.908089
0.908094
0.905234
0.916437
0.912515
0.915307
0.912731
0.912701
0.930516
0.91566
0.923846
0.941745
0.945126
0.977409
0.960878
0.955022
0.954732
0.971849
0.976496
0.964089
0.964227
0.961356
0.981261
0.973934
0.977105
0.988747
0.991097
0.927692
0.929449
0.92233
0.924214
0.933902
0.93907
0.932797
0.926995
0.931616
0.94619
0.949638
0.936759
0.941978
0.919158
0.919215
0.923855
0.950281
0.95744
0.956487
0.948856
0.96341
0.966248
0.931726
0.943469
0.948858
0.954382
0.963033
0.926036
0.928831
0.920121
0.920806
0.9367
0.93799
0.936256
0.934414
0.923613
0.926053
0.945133
0.94986
0.961847
0.973753
0.954802
0.960499
0.976704
0.98706
0.9795
0.982524
0.96661
0.976428
0.990406
0.990576
0.959919
0.97534
0.986554
0.996865
0.997476
0.997195
0.997495
1.01056
1.04764
1.00064
1.03799
1.05599
1.02184
0.989934
0.993505
0.975228
0.995216
0.997205
0.986875
1.0118
1.05057
1.06057
1.0474
1.05913
1.06211
1.05473
1.06283
0.997161
0.999455
0.995967
0.997261
1.00378
0.996929
1.00184
1.03362
1.04367
0.94151
0.954176
0.933946
0.949358
0.962758
0.944924
0.953175
0.917881
0.902831
0.90749
0.923522
0.907892
0.917222
0.925721
0.933071
0.948877
0.954745
0.967564
0.972208
0.954358
0.955128
0.981518
0.989587
0.967817
0.928005
0.932946
0.921921
0.921987
0.932344
0.943129
0.924415
0.943383
0.9972
0.997401
0.997451
1.00111
1.01364
1.00001
1.02984
1.02097
1.04787
1.06021
1.06634
1.06406
1.07302
1.04566
0.997564
1.01963
1.05472
1.05493
1.02777
1.04826
1.05556
1.06262
1.07021
1.09299
1.11359
1.06014
1.06301
1.04806
1.06405
1.07182
1.05645
1.06799
1.07855
1.08878
1.10755
0.960303
0.962033
0.994234
0.967238
0.982749
0.99044
0.996865
0.977513
0.996964
0.996865
0.986384
0.948025
0.952964
0.95286
0.993411
0.996865
0.98301
0.990429
0.997157
0.996996
0.997038
1.00043
0.87702
0.878317
0.887761
0.890224
0.882638
0.885276
0.876993
0.879037
0.892033
0.89194
0.88481
0.885307
0.870655
0.870769
0.867537
0.867119
0.871384
0.872741
0.868845
0.867913
0.892713
0.89541
0.897447
0.898693
0.880994
0.880528
0.892797
0.895182
0.88721
0.889318
0.892152
0.890753
0.885527
0.885816
0.895631
0.902227
0.888487
0.872957
0.873294
0.899139
0.900547
0.9066
0.907443
0.903587
0.905933
0.905686
0.894928
0.900029
0.984775
0.986423
1.00134
1.00906
0.992921
0.996468
1.00731
1.01096
0.98092
0.983352
0.992115
0.984622
0.992088
0.981428
0.986269
0.997237
1.00348
1.00449
1.00581
1.01416
1.00346
1.01761
1.03586
1.01912
1.0276
1.01078
1.02704
1.04426
1.01547
0.996865
0.996865
0.997786
1.0026
1.01835
0.998062
1.00294
0.99734
1.00062
1.03264
1.0423
1.00959
1.01553
1.03755
1.04861
1.06967
1.07938
1.05009
1.06707
1.06181
1.08139
1.0929
1.0223
1.03572
1.04941
1.05745
1.06745
1.07567
0.995503
0.996905
0.996124
1.03969
1.06641
1.09557
1.091
1.11003
1.10218
1.1086
1.09486
1.10445
1.11143
1.12008
1.11496
1.13208
1.01812
1.03914
1.05861
1.0665
1.04096
1.04973
1.06614
1.07074
1.05506
1.05797
1.06997
1.08311
1.05892
1.09708
1.10938
1.1137
1.11881
1.07221
1.08241
1.08249
1.09819
1.08883
1.09766
1.10582
1.11266
1.12436
1.13018
1.13388
1.07254
1.08974
1.06206
1.10335
1.11109
1.10185
1.11387
1.11986
1.1188
1.13046
1.13471
1.14291
1.13815
1.14449
1.14449
1.14449
1.1126
1.11418
1.12002
1.12515
1.12616
0.997327
1.10873
1.11949
1.12834
1.14421
1.12264
1.12949
1.12727
1.13461
1.14589
1.14794
1.14234
1.14667
1.14308
1.14685
1.15493
1.15039
1.15569
1.1575
1.16309
1.13967
1.14482
1.15693
1.16053
1.14741
1.15345
1.14977
1.15605
1.17266
1.17935
1.16056
1.16209
1.171
1.17909
1.17991
1.19378
1.19296
1.20005
1.20272
1.20677
1.06165
1.06211
1.06718
1.08792
1.06518
1.08466
1.09971
1.07561
1.10724
1.11443
1.09423
1.11008
1.11424
1.12527
1.14191
1.1272
1.1113
1.11424
1.12029
1.12994
1.14449
1.14449
1.13666
1.14449
1.14555
1.13838
1.14945
1.16227
1.13809
1.13846
1.14186
1.14508
1.14973
1.15823
1.14449
1.16134
1.16472
1.15149
1.14449
1.15002
1.15224
1.16485
1.1693
1.19002
1.16442
1.19694
1.20383
1.17304
1.17379
1.20071
1.20066
1.20525
1.20406
1.20677
1.20677
1.20677
1.20256
1.16457
1.18526
1.19595
1.20414
1.18439
1.19545
1.20336
1.20618
1.18997
1.20677
1.20677
1.20488
1.20677
1.20677
1.21042
1.21367
1.23214
1.22518
1.25827
1.20677
1.22702
1.22515
1.25884
1.26472
1.27828
1.27304
1.28022
0
0
0
0
0
0
0
0.354585
0.356787
0.35513
0.357435
0.35993
0
0.355039
0
0
0.356773
0.355002
0.358544
0.356106
0.358517
0.359883
0.361123
0.361731
0.363567
0.363769
0.367639
0
0
0
0
0
0
0
0
0
0
0
0
0.353787
0
0.353811
0.35483
0.354125
0.354946
0.353914
0
0.351084
0.352299
0
0.351623
0
0.353948
0.353238
0.354602
0.356616
0.353257
0.355773
0.359186
0.354002
0.356884
0.361125
0.357523
0.359471
0.360655
0.362696
0.363886
0.36617
0
0
0.355126
0.354238
0.351578
0.352155
0.352909
0.353816
0.356621
0.360775
0.357525
0.359284
0.361731
0.353819
0.354791
0.355294
0.35891
0.362336
0.362797
0.359857
0.3632
0.364439
0.369268
0.366187
0.372016
0.370659
0.37216
0.367368
0.370544
0.359134
0.363336
0.360546
0.364003
0.368759
0.371634
0.356686
0.360871
0.363368
0.359595
0.362019
0.365269
0.366787
0.369907
0.370278
0.369886
0.372752
0.373084
0.373643
0.367391
0.369423
0.372791
0.373186
0.373807
0.374476
0.375733
0.375371
0.377031
0.375733
0.377788
0.379537
0.377299
0.376304
0.377086
0.371328
0.375511
0.379182
0.380743
0.38086
0.381947
0.374701
0.374242
0.37664
0.376202
0.376312
0.377938
0.379075
0.384953
0.381946
0.383852
0.388133
0.384098
0.386313
0.381416
0.381001
0.38648
0.387653
0.385705
0.37599
0.374923
0.376621
0.376899
0.375504
0.379347
0.38067
0.375873
0.379748
0.38285
0.380687
0.384176
0.387833
0.381202
0.384
0.385355
0.387624
0.387096
0.38889
0.391799
0.389908
0.3937
0.395906
0.390883
0.390628
0.389969
0.39095
0.391161
0.393221
0.3927
0.394294
0.394797
0.395345
0.389489
0.392901
0.394023
0.393689
0.396546
0.393707
0.395918
0.391645
0.394296
0.398604
0.396193
0.400923
0.401941
0.400231
0.403429
0.536524
0.53477
0.535481
0.539438
0.546405
0.548409
0.534933
0.53784
0.545973
0.557499
0.550593
0.547098
0.543988
0.552742
0.558027
0.553951
0.552916
0.565051
0.551932
0.563469
0.55733
0.559667
0.575067
0.552527
0.55657
0.547948
0.564491
0.556081
0.579461
0.559443
0.560741
0.572986
0.566093
0.572896
0.598823
0.588686
0.561696
0.562533
0.570905
0.568814
0.564714
0.582617
0.573755
0.578598
0.603599
0.588301
0.603
0.589726
0.583324
0.605828
0.597455
0.599866
0.610733
0.605391
0.606056
0.610277
0.60776
0.615853
0.607775
0.601754
0
0
0
0
0
0
0
0.442842
0.442842
0.4431
0.446586
0.443483
0.445107
0.444047
0.444574
0.442842
0.448378
0.449071
0.455865
0.456943
0.459917
0.46198
0.451978
0.447587
0.449946
0.455333
0.452248
0.453957
0.452805
0.452962
0.455648
0.464509
0.467879
0.476991
0.471529
0.473505
0.460038
0.456406
0.459492
0.467772
0.464437
0.466501
0.462066
0.467998
0.488141
0.484144
0.48156
0.480944
0.464704
0.478685
0.463142
0.485566
0.494785
0.493534
0.477239
0.472918
0.473737
0.491623
0.485243
0.489611
0.472156
0.560013
0.56261
0.567947
0.557644
0.560797
0.571247
0.576236
0.57338
0.576939
0.578105
0.604465
0.591908
0.598455
0.593145
0.574581
0.605094
0.591317
0.606423
0.623324
0.61493
0.61604
0.624126
0.614507
0.60863
0.608575
0.614685
0.622981
0.60704
0.606345
0.60593
0.609534
0.613042
0.617102
0.632344
0.623149
0.617737
0.644347
0.64073
0.612374
0.623869
0.619281
0.644236
0.635445
0.639603
0.641246
0.589092
0.591547
0.471988
0.469952
0.483943
0.479007
0.476996
0.507425
0.492118
0.48987
0.484317
0.514569
0.526256
0.527398
0.517886
0.532901
0.531387
0.485317
0.501446
0.484549
0.51516
0.511793
0.470181
0.465928
0.492349
0.477874
0.504087
0.500645
0.500143
0.496953
0.509709
0.506329
0.507737
0.495672
0.520839
0.506774
0.503929
0.497224
0.508783
0.495008
0.48511
0.520784
0.518964
0.516966
0.521774
0.522273
0.517162
0.539303
0.536438
0.520701
0.51631
0.525255
0.533882
0.534035
0.538551
0.531365
0.521263
0.535933
0.54248
0.565432
0.568754
0.568441
0.546285
0.576636
0.564663
0.570818
0.592671
0.575501
0.564271
0.572653
0.57184
0.568395
0.562991
0.590008
0.564193
0.563994
0.570951
0.568508
0.564389
0.516911
0.517326
0.546951
0.523258
0.517431
0.527234
0.543254
0.556846
0.566631
0.563353
0.576153
0.555023
0.559522
0.572588
0.567896
0.514
0.506217
0.516208
0.532511
0.522764
0.507176
0.522074
0.516934
0.566219
0.57633
0.52907
0.560537
0
0
0.443186
0.442842
0
0
0.442842
0.442842
0
0.442842
0
0.443143
0.44413
0.446827
0.446092
0.452064
0.451207
0.45165
0.444347
0.445281
0.445647
0.449453
0.451693
0.451411
0.44656
0.448605
0.451697
0.454548
0
0
0.442842
0.442842
0.454809
0.454808
0.455107
0.463195
0.460774
0.460967
0.456092
0.45335
0.463351
0.460729
0.457721
0.460021
0.464556
0.465885
0.467066
0.472471
0.471028
0.47087
0.482589
0.480289
0.479051
0.471217
0.478501
0.470946
0.47186
0.472446
0.479293
0.480107
0.480377
0.497683
0.494729
0.496169
0.506342
0.502235
0.501374
0.494431
0.50187
0.492515
0.49069
0.488608
0.499251
0.497647
0.49716
0.515501
0.512851
0.511034
0.525941
0.52545
0.522707
0.509194
0.520316
0.506676
0.510515
0.502834
0.50548
0.516869
0.519437
0.513895
0.525221
0.534595
0.512879
0.517545
0.517301
0.512127
0.5037
0.50678
0.527957
0.508043
0.516529
0.530621
0.504659
0.503334
0.533011
0.525493
0.521011
0.57247
0.563844
0.563535
0.561587
0.538854
0.557625
0.530128
0.531788
0.512046
0.532053
0.525342
0.522652
0.356108
0.358066
0.361975
0.361848
0.36415
0.4389
0
0
0.441868
0
0.444259
0.444351
0.443121
0.447758
0.446093
0.446885
0.44453
0.445268
0.441419
0.44194
0
0.444491
0.442478
0
0.441816
0
0.364641
0.367129
0.366636
0.369537
0.370071
0.371098
0.369648
0.372264
0.375836
0.382488
0.379996
0.376504
0.377231
0.38123
0.383811
0.381501
0.384147
0.381633
0.421534
0.382805
0.4032
0.384832
0.384531
0.384531
0.384531
0.380646
0.385679
0.383656
0.382562
0.386624
0.38486
0.386522
0.387535
0.384628
0.452844
0.386952
0.403787
0.38534
0.388963
0.387535
0.420025
0.39388
0.379519
0.383427
0.381082
0.385548
0.384148
0.384615
0.38544
0.387139
0.385833
0.387316
0.388437
0.386488
0.386903
0.390968
0.388826
0.388254
0.387712
0.393971
0.390064
0.392519
0.39707
0.393594
0.391526
0.407848
0.391696
0.393857
0.396965
0.432417
0.409397
0.388853
0.38964
0.393052
0.389879
0.392042
0.387619
0.394434
0.397283
0.400481
0.403054
0.411679
0.399906
0.429619
0.404702
0.416125
0.442955
0.403054
0.390133
0.446462
0.445294
0.444436
0.447892
0.447066
0.446276
0.449682
0.44804
0.451679
0.449426
0.448281
0.450302
0.447641
0.442222
0.449723
0.451644
0.453225
0.451984
0.454517
0.453441
0.451614
0.422805
0.442326
0.450568
0.447292
0.449156
0.457026
0.457561
0.454278
0.46123
0.452754
0.459217
0.456881
0.457118
0.46193
0.461283
0.464153
0.46472
0.46279
0.462638
0.454464
0.452226
0.452538
0.457851
0.455606
0.460408
0.455852
0
0
0
0.442734
0.44035
0.444181
0.442198
0.44546
0.446646
0.444454
0.451684
0.454983
0.353188
0.354688
0.356642
0.356517
0.359643
0.360057
0.356422
0.357696
0.361052
0.358202
0.361615
0.359808
0.363809
0.363025
0.366535
0.365525
0.365444
0.36845
0.367801
0.370976
0.370883
0.364048
0.364273
0.366373
0.368746
0.366642
0.367556
0.36936
0.371733
0.370016
0.372302
0.433511
0.379579
0.415122
0.376265
0.380166
0.372302
0.372302
0.372302
0.374433
0.372649
0.377307
0.378086
0.442756
0.398404
0.378086
0.445143
0.397545
0.358768
0.362806
0.366904
0.364551
0.366601
0.367827
0.368855
0.370869
0.371625
0.372302
0.372256
0.373552
0.378086
0.378182
0.435702
0.384656
0.437777
0.382163
0.4116
0.439893
0
0.439533
0
0.439204
0
0.43998
0.440636
0.441242
0.44238
0.44126
0.444757
0.442984
0.444124
0.443011
0.440031
0.44266
0.441173
0.443182
0.441436
0.444149
0.444857
0.445956
0.446395
0.447182
0.415914
0.445933
0.446186
0.440377
0.443144
0.441587
0.440606
0.443811
0.442574
0.445055
0.442174
0
0.446122
0.444462
0.445681
0.442673
0.446993
0.448129
0.450692
0.448823
0.446448
0.448789
0.447255
0.43717
0.450832
0.450702
0.449085
0.447663
0
0
0
0.444841
0.447089
0.443375
0.442575
0.445852
0.445494
0.367513
0.369057
0.372302
0.372302
0.372413
0.374713
0.373881
0.372302
0.377309
0.376281
0.378124
0.379849
0.379912
0.381202
0.378086
0.381436
0.370814
0.372814
0.372755
0.373612
0.374643
0.376551
0.379137
0.374094
0.37476
0.375733
0.375733
0.375733
0.375936
0.376111
0.37727
0.376016
0.380643
0.379652
0.384906
0.375733
0.376708
0.378728
0.381786
0.38288
0.382886
0.38563
0.384693
0.376588
0.379184
0.378932
0.382833
0.381505
0.383232
0.38042
0.384531
0.388088
0.384531
0.384531
0.384531
0.384731
0.389021
0.384531
0.415689
0.386921
0.391042
0.391118
0.450584
0.40325
0.389768
0.392065
0.392065
0.392065
0.379383
0.38185
0.385401
0.38895
0.385611
0.388805
0.393853
0.397038
0.451638
0.452926
0.451097
0.453978
0.452566
0.450453
0.458003
0.38501
0.387667
0.38661
0.390906
0.388387
0.391982
0.391713
0.393353
0.394262
0.395879
0.396709
0.39788
0.39358
0.455685
0.409363
0.398729
0.431727
0.397671
0.400124
0.402411
0.386021
0.38902
0.392165
0.391727
0.395086
0.392155
0.393354
0.395147
0.396963
0.392892
0.3959
0.398601
0.395088
0.395436
0.397588
0.396557
0.396368
0.39824
0.398895
0.399897
0.401689
0.403339
0.406041
0.407634
0.410334
0.413519
0.394928
0.398854
0.400959
0.400295
0.402073
0.402455
0.405667
0.404279
0.411286
0.447379
0.401775
0.40442
0.405011
0.409658
0.408015
0.412161
0.411424
0.414909
0.417696
0.420732
0.455685
0.453892
0.456599
0.455129
0.451664
0.457693
0.458835
0.457216
0.442305
0.458973
0.455603
0.460315
0.459673
0.449666
0.447723
0.45457
0.451629
0.458864
0.443302
0.464135
0.461535
0.47155
0.469056
0.456618
0.457212
0.460535
0.459684
0.460137
0.464253
0.461536
0
0
0
0
0
0
0.442036
0.440665
0.441613
0.443695
0.44158
0.442635
0.447158
0.444604
0.444481
0.442586
0.445115
0.442483
0.448649
0.446267
0.448078
0.446518
0.449856
0.446941
0.45149
0.447686
0.455785
0.456203
0.451229
0.448269
0.452679
0.456839
0.456505
0.447044
0.449558
0.454227
0.457738
0.392868
0.391136
0.392813
0.396652
0.400877
0.398308
0.396108
0.406039
0.39969
0.402805
0.398428
0.399596
0.404639
0.40975
0.405454
0.414765
0.403915
0.403397
0.407098
0.408554
0.420634
0.450208
0.405533
0.429253
0.457297
0.409106
0.44477
0.415321
0.425912
0.415385
0.424878
0.44226
0.420371
0.421845
0.431133
0.434922
0.432952
0.433193
0.442676
0.465905
0.466005
0.465603
0.467411
0.467072
0.468271
0.468187
0.46566
0.471159
0.468953
0.471615
0.463464
0.463615
0.461765
0.467204
0.468103
0.467265
0.472091
0.473583
0.475018
0.451623
0.477176
0.444442
0.478354
0.47368
0.471917
0.483755
0.440001
0.446686
0.448938
0.484276
0.46574
0.498339
0.48352
0.487451
0.488431
0.471944
0.450273
0.488573
0.466217
0.476141
0.468808
0.502628
0.48166
0.483113
0.494222
0.495025
0.493877
0.49371
0.493197
0.493444
0.494791
0.494105
0.496566
0.495271
0.392581
0.394433
0.393368
0.395147
0.397021
0.395247
0.400546
0.397074
0.399776
0.399243
0.40226
0.409346
0.415479
0.408722
0.399376
0.402174
0.405252
0.409206
0.412171
0.417303
0.417627
0.415994
0.426771
0.428197
0.426325
0.418157
0.417539
0.426855
0.435426
0.462042
0.462637
0.465439
0.465077
0.476135
0.473872
0.475406
0.483212
0.482855
0.491761
0.400508
0.400738
0.402157
0.40329
0.40566
0.404686
0.408609
0.405903
0.411657
0.414807
0.408024
0.41163
0.411125
0.414286
0.411295
0.413951
0.412358
0.416468
0.416914
0.41767
0.421085
0.425229
0.421677
0.439918
0.429097
0.436866
0.44296
0.443853
0.470798
0.423594
0.431142
0.445156
0.446101
0.453683
0.4849
0.455118
0.490392
0.49185
0.488285
0.468829
0.486552
0.480059
0.478776
0.496123
0.489896
0.477109
0.476091
0.463456
0.475013
0.468593
0.478852
0.483918
0.482772
0.481232
0.480408
0.486559
0.485724
0.481782
0.486414
0.486822
0.476474
0.489336
0.465491
0.473622
0.472214
0.462065
0.47558
0.485023
0.489464
0.488321
0.483128
0.473546
0.492746
0.49606
0.480131
0.477362
0.445476
0.447458
0.466582
0.479445
0.475649
0.499085
0.485861
0.477855
0.496649
0.467957
0.458041
0.498021
0.490342
0.474914
0.505339
0.498425
0.496485
0.498437
0.487231
0.474292
0.482479
0.491344
0.497093
0.485464
0.490997
0.508719
0.487098
0.497758
0.499966
0.482546
0.495028
0.494582
0.47597
0.484311
0.492488
0.496717
0.493528
0.494234
0.466771
0.477527
0.504317
0.491447
0.48507
0.478099
0.481277
0.501709
0.489273
0.508869
0.483076
0.490246
0.504972
0.503513
0.507655
0.512809
0.508408
0.51053
0.511567
0.525943
0.514495
0.511352
0.470918
0.473554
0.504971
0.491332
0.474258
0.490949
0.489665
0.491312
0.491863
0.496135
0.489359
0.49332
0.506602
0.497383
0.495875
0.459269
0.460216
0.466141
0.459632
0.460517
0.464477
0.468021
0.475522
0.497006
0.478703
0.482047
0.502412
0.500727
0.603128
0.603128
0.577352
0.600783
0.57988
0.603128
0
0
0
0.552349
0.562709
0.550539
0.567526
0.597311
0.575985
0.544448
0.564822
0.595785
0.585851
0.619621
0
0.611786
0
0.602135
0.461941
0.472201
0.485093
0.495935
0.50095
0.567865
0.587607
0.615418
0
0.602898
0
0.4985
0.502244
0.498113
0.502908
0.507292
0.505265
0.508171
0.519438
0.511553
0.517541
0.537444
0.537248
0.525071
0.528843
0.504677
0.510893
0.503532
0.508499
0.51967
0.533331
0.520797
0.535849
0.497034
0.499856
0.499928
0.50964
0.520065
0.506987
0.512723
0.548852
0.55344
0.568283
0.566445
0.539711
0.553165
0.583027
0.610887
0.610812
0.570256
0.583115
0.568193
0.587629
0.549464
0.612849
0.58728
0.575106
0.586136
0.530912
0.54201
0.540517
0.520374
0.534078
0.52534
0.532454
0.551751
0.555035
0.571382
0.542424
0.547504
0.529305
0.524005
0.532717
0.5556
0.567906
0.553257
0.567091
0.545304
0.544977
0.50095
0.505318
0.50045
0.50095
0.50502
0.498867
0.50095
0.514844
0.525504
0.508303
0.520334
0.505885
0.507872
0.497172
0.495281
0.498738
0.50095
0.498309
0.514248
0.501761
0.507224
0.513229
0.50095
0.506224
0.494077
0.497192
0.493609
0.494572
0.495478
0.494314
0.498313
0.547365
0.574102
0.532456
0.550962
0.593509
0.615299
0.575257
0.595851
0.527426
0.540975
0.52018
0.527923
0.555935
0.509142
0.494138
0.494262
0.507825
0.498796
0.495861
0.493478
0.493187
0.494226
0.493152
0.499245
0.497248
0.495761
0.493663
0.495041
0.493187
0.509282
0.508151
0.515714
0.508096
0.530435
0.521067
0.516117
0.50853
0.510796
0.504665
0.531422
0.51393
0.515507
0.532996
0.536846
0.540122
0.539006
0.52835
0.530567
0.5086
0.505262
0.525505
0.513583
0.51001
0.516098
0.543991
0.547121
0.550515
0.54821
0.501018
0.494191
0.493494
0.50255
0.498939
0.504354
0.500474
0.495763
0.494282
0.498959
0.494794
0.497555
0.495435
0.528486
0.530122
0.53285
0.543023
0.547981
0.49781
0.528034
0.525653
0.534596
0.547064
0.516141
0.512641
0.52287
0.520681
0.520486
0.525836
0.525627
0.537088
0.544717
0.545463
0.552384
0.539558
0.532909
0.556591
0.55464
0.548645
0.55834
0.555354
0.584403
0.577353
0.592851
0.566718
0.559871
0.511194
0.505895
0.506619
0.517272
0.513563
0.525036
0.519258
0.501421
0.500831
0.499347
0.516928
0.504898
0.49822
0.522221
0.515174
0.523967
0.531727
0.537324
0.540766
0.560057
0.525179
0.537235
0.556683
0.557082
0.556032
0.533953
0.528103
0.54585
0.536265
0.562074
0.555323
0.558305
0.529933
0.542589
0.563636
0.558914
0.562605
0.558432
0.574399
0.571691
0.493637
0.495951
0.493192
0.494556
0.494844
0.500979
0.508545
0.511086
0.498704
0.504428
0.497124
0.504853
0.510112
0.510734
0.499066
0.503925
0.498262
0.503353
0.49332
0.493392
0.493204
0.493761
0.493449
0.49385
0.493173
0.495066
0.493478
0.493539
0.493192
0.493192
0.494833
0.495328
0.493544
0.493425
0.514521
0.518732
0.522519
0.512711
0.523268
0.517962
0.523224
0.493694
0.501292
0.507271
0.500107
0.503713
0.498278
0.503256
0.497337
0.49331
0.494259
0.494653
0.493862
0.493307
0.497696
0.493616
0.496983
0.49538
0.493192
0.49335
0.493221
0.493333
0.495155
0.494871
0.493555
0.493146
0.499636
0.495092
0.500834
0.495675
0.509758
0.49698
0.515508
0.495384
0.495711
0.494112
0.495837
0.493703
0.500003
0.512319
0.503104
0.494919
0.512203
0.496294
0.527493
0.539754
0.519566
0.501414
0.527667
0.543842
0.55822
0.549395
0.544254
0.562352
0.565195
0.56499
0.559102
0.561931
0
0
0
0
0.608985
0
0
0.619159
0.620542
0
0
0
0.442842
0
0.442842
0.443002
0
0
0.442895
0
0
0
0
0
0
0.482042
0.495035
0.502604
0.511452
0.536047
0.534327
0.522846
0.503578
0.527349
0.521342
0.53103
0.539364
0.537016
0.53572
0.483992
0.497379
0.508106
0.492656
0.515816
0.508366
0.503
0.515099
0.522362
0.519066
0.535795
0.53399
0.503738
0.518145
0.529438
0.525193
0.535459
0.447299
0.445581
0.44567
0.449464
0.447477
0.4527
0.448853
0.443989
0.445072
0.446792
0.449607
0.450562
0.447923
0.448907
0.452907
0.452082
0.454433
0.451021
0.453872
0.456263
0.45504
0.45651
0.45841
0.458599
0.463454
0.460783
0.464968
0.461571
0.463125
0.462492
0.4648
0.461105
0.456942
0.455173
0.457656
0.455695
0.456773
0.459895
0.461824
0.459671
0.459162
0.462469
0.461519
0.457673
0.456445
0.458201
0.456488
0.456399
0.456579
0.461262
0.459273
0.462869
0.456596
0.457814
0.459116
0.463398
0.462753
0.458768
0.45291
0.453447
0.456432
0.454565
0.459149
0.452124
0.452689
0.45457
0.45597
0.460933
0.467876
0.466159
0.468581
0.467821
0.469215
0.46432
0.455591
0.45722
0.466774
0.463312
0.465206
0.468581
0.470146
0.467358
0.474291
0.470526
0.472342
0.477365
0.472871
0.474582
0.465422
0.468947
0.472006
0.47465
0.479995
0.472992
0.476489
0.483107
0.480507
0.462425
0.463318
0.463856
0.46364
0.458862
0.462121
0.460664
0.462804
0.460187
0.461321
0.472717
0.468687
0.474856
0.468449
0.478593
0.479163
0.473727
0.469656
0.470213
0.46761
0.467547
0.458256
0.459259
0.470849
0.472367
0.46571
0.45259
0.451037
0.45182
0.451066
0.451637
0.452431
0.451316
0.452156
0.47656
0.456971
0.451854
0.451055
0.451486
0.45081
0.451158
0.454968
0.450722
0.450943
0.451024
0.45162
0.450834
0.450897
0.451189
0.452789
0.453504
0.453559
0.486278
0.484253
0.475038
0.4544
0.454019
0.465766
0.452878
0.453896
0.452491
0.456401
0.456164
0.455078
0.453584
0.451675
0.45386
0.453355
0.452066
0.453458
0.451177
0.451197
0.452477
0.458091
0.457198
0.458357
0.456282
0.455065
0.455768
0.454747
0.46223
0.460979
0.45769
0.456185
0.452283
0.451341
0.450876
0.450921
0.451808
0.451512
0.456773
0.458295
0.458549
0.46067
0.454518
0.456183
0.461756
0.464563
0.460019
0.465713
0.466976
0.468581
0.467503
0.468196
0.468581
0.452274
0.452487
0.452163
0.457133
0.46331
0.468581
0.45329
0.458858
0.466505
0.468581
0.467403
0.471443
0.475075
0.480988
0.469825
0.472992
0.478267
0.469341
0.470318
0.47355
0.468581
0.468581
0.471837
0.451102
0.450618
0.451375
0.453896
0.452424
0.450867
0.451248
0.451186
0.454799
0.456506
0.453489
0.451865
0.451595
0.455333
0.453062
0.452712
0.45137
0.451388
0.451891
0.45189
0.451497
0.452284
0.455914
0.464193
0.451357
0.454476
0.462429
0.466534
0.462271
0.451369
0.45297
0.453271
0.451382
0.450843
0.451079
0.458778
0.458338
0.451703
0.452712
0.466772
0.468663
0.465426
0.467106
0.46468
0.461426
0.458937
0.539157
0.54402
0.547936
0.538855
0.552793
0.56382
0.560128
0.538307
0.543112
0.543603
0.54769
0.550127
0.566189
0.558011
0.555705
0.562713
0.564116
0.565946
0.567301
0.563182
0.562719
0.561023
0.5661
0.574955
0.564373
0.56366
0.556575
0.558671
0.557843
0.562321
0.56035
0.54018
0.540184
0.547676
0.535659
0.501575
0.540584
0.535669
0.520836
0.54012
0.53959
0.545027
0.533855
0.557982
0.554278
0.553791
0.535475
0.55765
0.548409
0.551534
0.566323
0.55426
0.564292
0.56659
0.562022
0.564909
0.566182
0.56931
0.56079
0.553641
0.5555
0.586144
0.578691
0.585187
0.577018
0.582773
0.598356
0.603305
0.581163
0.582379
0.576494
0.577453
0.58557
0.605861
0.563337
0.565226
0.566077
0.563713
0.559865
0.560963
0.562342
0.571619
0.559113
0.568879
0.579397
0.568956
0.563938
0.560654
0.560453
0.580948
0.559859
0.562312
0.577984
0.581168
0.595389
0.590851
0.607635
0.581054
0.566332
0.575927
0.589252
0.59062
0.60254
0.605139
0.60417
0.604572
0.600582
0.614143
0.608313
0.610535
0.617766
0.622061
0.622
0.606028
0.607136
0.612426
0.614816
0.612232
0.625864
0.622179
0.634502
0.633592
0.57656
0.571703
0.638039
0.566482
0.599616
0.605241
0.606139
0.616633
0.612327
0.624068
0.49829
0.502414
0.506263
0.522468
0.533353
0.560786
0.554346
0.558413
0.469816
0.46804
0.48148
0.474045
0.481086
0.474296
0.465558
0.465136
0.464414
0.467444
0.468503
0.464557
0.466944
0.478712
0.474884
0.468577
0.471655
0.494554
0.488345
0.516699
0.524957
0.503097
0.499461
0.485578
0.482667
0.479356
0.493768
0.488636
0.50005
0.509899
0.463829
0.460384
0.45898
0.465762
0.465731
0.464963
0.47268
0.476904
0.48782
0.459608
0.462622
0.458141
0.462398
0.456363
0.454887
0.455004
0.4572
0.45724
0.453331
0.454357
0.468985
0.468914
0.454747
0.454747
0.452868
0.453405
0.451881
0.454747
0.454636
0.453347
0.451641
0.451368
0.451696
0.452347
0.466959
0.454567
0.46157
0.454146
0.475726
0.475855
0.484854
0.48635
0.473456
0.474334
0.483771
0.483107
0.536657
0.513955
0.535621
0.525722
0.519414
0.527135
0.518836
0.520743
0.512545
0.500608
0.536253
0.520803
0.527988
0.570039
0.53564
0.54963
0.540148
0.562478
0.562478
0.564641
0.544055
0.562478
0.572148
0.541085
0.569747
0.535086
0.53436
0.542388
0.571915
0.543661
0.519253
0.546254
0.531775
0.553991
0.549643
0.495336
0.500332
0.521484
0.543451
0.509732
0.494192
0.492877
0.513819
0.510761
0.531813
0.527067
0.549484
0.539228
0.533
0.546414
0.55556
0.530084
0.443291
0.443967
0.443059
0.444825
0.446086
0.447783
0.445223
0.446866
0.443423
0.444368
0.443439
0.446826
0.445006
0.448367
0.449482
0.448001
0.450594
0.449961
0.453977
0.454792
0.460728
0.461685
0.467152
0.465488
0.468581
0.447542
0.457438
0.461517
0.467208
0.468581
0.467572
0.468581
0
0
0.444741
0.445845
0.443646
0.443649
0.445603
0.445504
0.450032
0
0.443517
0
0
0.443639
0.445036
0.443208
0.4522
0.450036
0.454311
0.460615
0.462537
0.468007
0.468581
0.462577
0.467771
0.44565
0.446261
0.4438
0.443962
0.44788
0.454667
0.44706
0.44994
0.461996
0.461996
0.465152
0.468581
0.449947
0.452973
0.457109
0.458262
0.472392
0.462721
0.467564
0.471778
0.461854
0.448951
0.45004
0.45618
0.453516
0.459273
0.461996
0.461996
0.461205
0.461996
0.463798
0.461996
0.461996
0.455968
0.458858
0.46392
0.460586
0.461996
0.460707
0.461361
0.470891
0.472492
0.472888
0.518596
0.525641
0.525823
0.530211
0.472522
0.525664
0.529718
0.469038
0.472316
0.473816
0.47844
0.468581
0.469435
0.47477
0.483325
0.475156
0.484253
0.481594
0.492188
0.488833
0.475049
0.476529
0.475049
0.47841
0.481502
0.488877
0.485345
0.493017
0.479094
0.497694
0.490484
0.494244
0.502928
0.49903
0.503971
0.509355
0.503715
0.511813
0.525632
0.518596
0.496966
0.505982
0.501949
0.508194
0.51816
0.533456
0.518596
0.516271
0.484487
0.48713
0.487398
0.499751
0.507023
0.518451
0.494856
0.504821
0.507364
0.512711
0.515117
0.507364
0.477026
0.480901
0.474182
0.477504
0.481945
0.475049
0.479947
0.486134
0.494188
0.487647
0.488787
0.484929
0.488787
0.471435
0.476225
0.482071
0.489345
0.466386
0.475845
0.466058
0.474085
0.465214
0.470026
0.480901
0.484224
0.478721
0.480309
0.484037
0.476503
0.480655
0.497694
0.503004
0.501035
0.507913
0.492648
0.497694
0.499107
0.513608
0.526421
0.520308
0.538158
0.532429
0.507492
0.492712
0.502343
0.522132
0.530959
0.513829
0.52682
0.507848
0.516872
0.514421
0.498865
0.50801
0.493762
0.497694
0.489777
0.494886
0.484024
0.508781
0.520711
0.499408
0
0.443016
0.456307
0.456503
0.457325
0.45719
0.456644
0.457767
0.458048
0.457357
0.457286
0.459089
0.459269
0.460111
0.462228
0.461671
0.46726
0.461196
0.473129
0.476305
0.480308
0.464996
0.455999
0.453813
0.450923
0.451418
0.450686
0.451021
0.486011
0.483528
0.482845
0.491906
0.495222
0.504316
0.487823
0.485591
0.49896
0.506526
0.497655
0.505249
0.492297
0.491052
0.479228
0.478444
0.471587
0.473309
0.472731
0.484391
0.480475
0.478983
0.476173
0.473342
0.474381
0.486211
0.48496
0.462538
0.464781
0.46166
0.463876
0.470677
0.476303
0.476959
0.467643
0.473329
0.470338
0.460959
0.461484
0.459329
0.461308
0.464585
0.471206
0.466077
0.468419
0.464421
0.467626
0.46337
0.489587
0.485779
0.480427
0.488567
0.494747
0.505075
0.495591
0.504076
0.487378
0.491109
0.486032
0.492366
0.481642
0.483313
0.487544
0.47981
0.495534
0.481123
0.478959
0.483242
0.473933
0.476017
0.4765
0.478145
0.48476
0.475179
0.471182
0.464988
0.459191
0.458156
0.463306
0.46487
0.459226
0.457974
0.46932
0.470645
0.468162
0.470224
0.46608
0.466353
0.469797
0.472164
0.47013
0.472529
0.467854
0.465101
0.464988
0.464337
0.464709
0.461533
0.46586
0.464988
0.463727
0.466869
0.462693
0.46832
0.466179
0.461503
0.463064
0.460219
0.457665
0.460112
0.4585
0.455232
0.45729
0.462389
0.464234
0.461896
0.46068
0.457823
0.456032
0.458925
0.462636
0.460274
0.461277
0.45535
0.457078
0.456534
0.453412
0.455868
0.453678
0.45537
0.452636
0.452511
0.45153
0.459639
0.470637
0.47095
0.469198
0.464758
0.462057
0.457478
0.460305
0.457134
0.455091
0.456644
0.462713
0.459887
0.456633
0.461661
0.458192
0.459856
0.457425
0.458601
0.454294
0.455171
0.463687
0.459484
0.452414
0.453644
0.452856
0.456255
0.457181
0.454739
0.456304
0.465238
0.453374
0.451201
0.452401
0.450764
0.450956
0.451287
0.450668
0.45146
0.450672
0.453404
0.455614
0.452043
0.452906
0.462464
0.450605
0.450624
0.450708
0.450768
0.450787
0.45077
0.450878
0.451275
0.450745
0.460808
0.459764
0.459369
0.458051
0.457309
0.563454
0.568823
0.557434
0.564805
0.55446
0.562667
0.557459
0
0.544541
0.542828
0.553863
0.542081
0
0
0
0.55542
0
0.55821
0
0.54185
0.548184
0
0.544802
0
0
0.538428
0.547809
0.524785
0.535729
0.555393
0.545749
0.538854
0
0
0.554294
0.559503
0.519141
0.52736
0.521123
0.535152
0.525146
0.536518
0.517573
0.513605
0.549184
0.548224
0.531721
0.534819
0.541885
0
0
0.556483
0.549631
0.537286
0.552915
0.533736
0.546296
0
0.550647
0.529945
0.534096
0.525789
0.536191
0.521526
0.515902
0.540731
0.541821
0.528568
0.459785
0.48938
0.482427
0.497267
0.496943
0.453638
0.45236
0.452582
0.451059
0.451605
0.45076
0.450955
0.452512
0.452661
0.451855
0.450835
0.451154
0.450853
0.468496
0.455925
0.465942
0.472544
0.494908
0.509092
0.504645
0.505781
0.517107
0.514749
0.515757
0.50501
0.506789
0.497559
0.514292
0.515126
0.453498
0.452729
0.454059
0.452398
0.452911
0.451368
0.452616
0.452549
0.45148
0.451529
0.452935
0.452611
0.452017
0.451208
0.451787
0.456984
0.45454
0.455859
0.451018
0.451113
0.451844
0.451349
0.451328
0.451634
0.452041
0.452753
0.452288
0.451048
0.451227
0.451292
0.45125
0.450933
0.454056
0.473552
0.472498
0.484085
0.479682
0.466876
0.451839
0.451878
0.451546
0.460682
0.457757
0.452756
0.45249
0.450968
0.516714
0.501638
0.523516
0.514991
0.523516
0.505386
0.503037
0.534912
0.520145
0.515538
0.503832
0.503081
0.52746
0.5308
0.53082
0.511581
0.530665
0.534116
0.54822
0.53935
0.512696
0.519903
0.54389
0.538434
0.493731
0.493227
0.50335
0.504734
0.548091
0.545517
0.53457
0.538948
0
0
0
0
0
1.66577
0
1.68076
0
1.68037
1.68407
0
1.66718
1.67053
0
0
0
0
1.66641
0
1.6658
1.665
1.66483
0
1.66641
0
1.66516
0
0
1.66551
1.66559
1.66333
1.66212
1.66149
1.66471
1.65802
1.66134
0
0
0
0
0
0
0
0
1.68169
0
0
1.67026
1.67404
0
1.68027
1.66452
1.66482
1.66187
1.66134
1.6584
1.65579
1.65572
1.6567
1.65063
1.65427
1.66575
1.65811
1.66149
1.65703
1.65305
1.64808
1.64938
1.64499
1.66415
1.66027
1.65658
1.65766
1.6571
1.65455
1.65403
1.65545
1.65541
1.6512
1.6497
1.65401
1.65069
1.64595
1.64661
1.64518
1.64284
1.64214
1.66363
1.66523
1.65939
1.66067
1.65975
1.65714
1.65574
1.6574
1.65365
1.65333
1.65392
1.64918
1.65032
1.65307
1.65028
1.647
1.64225
1.63104
1.64816
1.64634
1.64796
1.64663
1.6438
1.64091
1.65035
1.64632
1.64649
1.64324
1.64256
1.64385
1.62881
1.63039
1.62552
1.63613
1.61244
1.61753
1.61626
1.64307
1.63042
1.62953
1.63659
1.62045
1.62397
1.61468
1.62001
1.61029
1.61231
1.61443
1.61437
1.60856
1.60834
1.65024
1.64656
1.64757
1.64584
1.64308
1.65127
1.64756
1.64213
1.63212
1.64322
1.64104
1.64105
1.63173
1.62244
1.62766
1.64317
1.64394
1.6384
1.63998
1.64103
1.6267
1.62666
1.62491
1.6216
1.62212
1.62249
1.6216
1.6216
1.62098
1.627
1.61354
1.61557
1.61798
1.61995
1.61522
1.61277
1.60904
1.61214
1.60458
1.60798
1.60741
1.60014
1.61548
1.61155
1.61524
1.61698
1.61009
1.61034
1.61085
1.60405
1.60492
1.59861
1.58864
1.59143
1.60556
1.59598
1.68113
1.68004
1.66568
1.66335
1.65918
1.65755
1.67272
1.66544
1.67874
1.66504
1.66276
1.65909
1.65407
1.65622
1.65048
1.65401
1.65458
1.64877
1.64599
1.64373
1.64212
1.64091
1.64064
1.64821
1.64306
1.64471
1.64111
1.64104
1.62633
1.63389
1.62413
1.65826
1.65365
1.64702
1.65426
1.64861
1.64361
1.64438
1.64149
1.6421
1.64064
1.63828
1.63479
1.6279
1.6216
1.62492
1.6216
1.64026
1.62466
1.63574
1.62366
1.62281
1.6216
1.6216
1.6216
0
0
0
1.67636
1.66159
0
0
1.67335
1.65618
1.65518
1.64692
1.64209
1.63339
1.67687
1.67202
1.6639
1.65633
1.64908
1.65916
1.65319
1.65755
1.65755
1.65028
1.65225
1.64502
1.64064
1.64252
1.63958
1.64064
1.63373
1.62474
1.62274
1.6216
1.6216
1.6216
1.6216
1.6216
1.62066
1.61816
1.61097
1.60919
1.6086
1.60573
1.6216
1.62159
1.6216
1.61866
1.61478
1.60957
1.61257
1.60799
1.6216
1.61629
1.62135
1.61428
1.61093
1.606
1.60929
1.60394
1.60382
1.59593
1.59324
1.6005
1.59291
1.58689
1.58084
1.5725
1.57365
1.57816
1.57088
1.59938
1.58934
1.59598
1.58434
1.57732
1.5706
1.57441
1.57063
1.63527
1.6241
1.62609
1.6216
1.6216
1.61843
1.62092
1.61386
1.6216
1.6216
1.61369
1.61303
1.60715
1.60884
1.60508
1.59763
1.59433
1.57656
1.58663
1.59448
1.5799
1.60839
1.60116
1.60435
1.59736
1.5921
1.57519
1.58782
1.57363
0
0
0
1.66979
0
1.68534
1.66248
1.66678
1.66568
1.67931
1.66514
1.65664
1.65755
0
1.66613
1.66243
1.66206
1.65755
1.65443
1.65934
1.65086
0
0
1.66542
1.66597
0
1.66469
1.66436
0
0
1.66403
1.65987
1.6604
1.65122
1.66544
1.6638
1.66539
0
1.66276
1.67102
1.67468
1.66041
1.6589
1.65281
1.65848
1.64515
1.64561
1.64865
1.65129
1.64194
1.64447
1.65798
1.65443
1.65483
1.64435
1.6567
1.64817
1.6512
1.6414
1.64296
1.64306
1.64064
1.64064
1.6216
1.6216
1.62158
1.6216
1.62065
1.65678
1.64358
1.64528
1.64874
1.64334
1.65222
1.64064
1.64064
1.63735
1.64064
1.64064
1.63403
1.63999
1.64372
1.64064
1.6447
1.6475
1.64064
1.64124
1.64194
1.64064
1.64064
1.63849
1.62816
1.62836
1.63256
1.62553
1.64064
1.63406
1.62698
1.62599
1.62328
1.6242
1.62208
1.6216
1.6216
1.62141
1.62408
1.62322
1.6216
1.6216
1.6233
1.6216
1.6216
1.6216
1.62061
1.6216
1.6216
1.61778
1.64153
1.63931
1.63997
1.62779
1.63136
1.62376
1.62485
1.63875
1.62676
1.62872
1.62463
1.6238
1.62708
1.623
1.64185
1.64064
1.64064
1.64117
1.63634
1.63059
1.64064
1.64064
1.63555
1.63673
1.63135
1.64064
1.64064
1.64064
1.64064
1.63401
1.6381
1.62807
1.62783
1.62536
1.62541
1.62612
1.6216
1.62216
1.62407
1.62678
1.62196
1.6216
1.6216
1.6216
1.6216
1.6216
1.62158
1.6216
1.62121
1.62012
1.61746
1.61723
1.62096
1.61547
1.6216
1.6216
1.6216
1.6216
1.6216
1.6216
1.62097
1.62153
1.61898
1.61481
1.6189
1.61628
1.61785
1.61809
1.61594
1.61635
1.6216
1.62062
1.62067
1.61213
1.61581
1.61106
1.60733
1.60265
1.60563
1.60037
1.61255
1.6096
1.6055
1.60012
1.59502
1.58725
1.59229
1.58273
1.57382
1.56889
1.573
1.56793
1.59171
1.58461
1.57335
1.56733
1.6173
1.61384
1.60809
1.61169
1.60705
1.60375
1.59695
1.60344
1.59578
1.59019
1.58487
1.58875
1.58263
1.57384
1.56702
1.57413
1.5683
1.61055
1.61233
1.60493
1.60814
1.60952
1.60436
1.60468
1.60295
1.59471
1.60013
1.59794
1.59426
1.59333
1.60953
1.60252
1.60628
1.60257
1.61128
1.60816
1.60194
1.59845
1.59194
1.59726
1.58927
1.59785
1.59278
1.58859
1.58222
1.58821
1.58646
1.5805
1.57721
1.57328
1.56623
1.5723
1.57294
1.56475
1.58466
1.57746
1.58539
1.57741
1.5688
1.57016
1.56418
1.56473
1.57129
1.56475
1.64064
1.6286
1.63356
1.62515
1.6216
1.62189
1.62678
1.62769
1.62376
1.62894
1.62596
1.62689
1.6216
1.62225
1.6216
1.6216
1.61935
1.61805
1.61145
1.6131
1.61696
1.61358
1.6216
1.6216
1.61969
1.62006
1.62158
1.61798
1.61883
1.6216
1.6216
1.62135
1.61798
1.61766
1.61798
1.61254
1.62118
1.62148
1.61867
1.61909
1.62043
1.64535
1.64499
1.65551
1.61556
1.61798
1.63288
1.65551
1.66842
1.66562
1.63939
1.66858
1.66742
1.6656
1.66573
1.6661
1.664
1.66454
1.60737
1.60575
1.60195
1.60397
1.60624
1.60056
1.6016
1.59697
1.58723
1.58957
1.59566
1.5954
1.58878
1.58748
1.60322
1.62415
1.62661
1.62571
1.60759
1.65355
1.66427
1.66242
1.66334
1.66382
1.6611
1.6607
1.6644
1.65934
1.65766
1.65854
1.6587
1.6559
1.65568
1.58429
1.57672
1.58364
1.57613
1.58395
1.58581
1.5759
1.57055
1.56442
1.57034
1.56307
1.57164
1.56298
1.5809
1.63081
1.57983
1.65358
1.65448
1.6527
1.56965
1.59502
1.56316
1.58561
1.65075
1.64874
1.65422
1.65151
1.6506
1.64867
1.66211
1.6601
1.66189
1.66223
1.6601
1.66013
1.66045
1.65821
1.65823
1.65695
1.65644
1.65495
1.65431
1.65268
1.65686
1.6556
1.6557
1.65574
1.65334
1.65336
1.65537
1.65307
1.65328
1.65361
1.65328
1.65183
1.65136
1.652
1.65136
1.65202
1.65117
1.65006
1.65065
1.64749
1.64754
1.6487
1.64921
1.64676
1.64629
1.65035
1.65136
1.65136
1.65077
1.64997
1.65088
1.64988
1.64873
1.64668
1.64862
1.64761
1.64479
1.64614
1.64752
1.6435
1.64517
1.43984
1.38626
1.41844
1.4319
1.40752
1.40103
1.39406
1.37281
1.39585
1.43695
1.42271
1.42774
1.39847
1.40127
1.42288
1.43941
1.43938
1.41877
1.38331
1.43864
1.43893
1.41284
1.38181
1.42142
1.4328
1.40006
1.43932
1.41545
1.43966
1.40646
1.43904
1.43051
1.43629
1.44445
1.44348
1.44045
1.43675
1.44466
1.4436
1.43183
1.43822
1.43327
1.433
1.44264
1.44155
1.44514
1.44407
1.4451
1.44037
1.42478
1.44326
1.44434
1.43573
1.44495
1.43749
1.43997
1.44495
1.43423
1.44095
1.44078
1.44359
1.43693
1.42121
1.44111
1.42294
1.43139
1.41901
1.42431
1.44187
1.43572
1.42644
1.44004
1.43296
1.4393
1.42295
1.41558
1.41186
1.42924
1.43306
1.44273
1.43343
1.42017
1.43807
1.41573
1.44305
1.42078
1.444
1.44095
1.40009
1.4005
1.44427
1.44387
1.44515
1.4429
1.44516
1.44247
1.43572
1.43321
1.43099
1.44428
1.43362
1.43297
1.44434
1.44333
1.44262
1.43834
1.44516
1.43864
1.44424
1.43635
1.437
1.43307
1.44447
1.43923
1.43206
1.44468
1.43977
1.43481
1.43236
1.44506
1.44454
1.44051
1.425
1.44006
1.4229
1.43487
1.43825
1.42089
1.44144
1.42633
1.444
1.44402
1.40709
1.41941
1.42677
1.43608
1.42467
1.44303
1.42485
1.41893
1.43017
1.42947
1.43344
1.44313
1.44333
1.41979
1.42752
1.43387
1.44467
1.40974
1.43222
1.40925
1.4386
1.44024
1.43378
1.4335
1.43297
1.44515
1.43689
1.44311
1.44173
1.43816
1.44444
1.43635
1.44074
1.44084
1.43635
1.43647
1.44492
1.43916
1.44046
1.44494
1.43635
1.43751
1.43512
1.43734
1.44284
1.43176
1.42813
1.435
1.4416
1.44472
1.44379
1.4393
1.43426
1.42658
1.42803
1.42406
1.40708
1.42976
1.41576
1.44253
1.44498
1.42444
1.43696
1.41258
1.42198
1.44135
1.43087
1.43553
1.44097
1.42354
1.42658
1.43282
1.42254
1.4446
1.4391
1.4181
1.44495
1.43747
1.43611
1.44241
1.43781
1.44058
1.4324
1.43307
1.43706
1.43224
1.44148
1.43908
1.44065
1.43736
1.44476
1.42775
1.44421
1.43479
1.42418
1.43721
1.44112
1.42644
1.44453
1.44411
1.43785
1.44422
1.43877
1.43558
1.43241
1.43753
1.43826
1.43335
1.44492
1.43902
1.44518
1.44082
1.43639
1.44349
1.44493
1.44302
1.43493
1.44493
1.44517
1.44041
1.44008
1.44275
1.4434
1.43651
1.44327
1.44006
1.43686
1.43247
1.44244
1.43447
1.44404
1.44503
1.43389
1.43981
1.43581
1.43953
1.44241
1.43746
1.43701
1.4443
1.44244
1.43312
1.43389
1.44344
1.43843
1.43958
1.44256
1.60847
1.60822
1.61377
1.60779
1.60848
1.59901
1.60156
1.58406
1.57243
1.60721
1.60343
1.60309
1.60035
1.59561
1.58164
1.57999
1.5754
1.60599
1.59135
1.57276
1.56875
1.57157
1.56788
1.56154
1.56133
1.57643
1.56936
1.56476
1.56654
1.56447
1.56025
1.55275
1.54109
1.53502
1.53195
1.56275
1.54076
1.55908
1.53316
1.53534
1.53997
1.52768
1.526
1.51849
1.51561
1.51632
1.51436
1.49867
1.51111
1.51273
1.50346
1.59318
1.58762
1.57909
1.57514
1.57253
1.56982
1.57055
1.5671
1.56262
1.56393
1.56073
1.55546
1.55806
1.5741
1.57691
1.56834
1.56736
1.57468
1.56841
1.56023
1.55977
1.54484
1.54794
1.56217
1.55517
1.58239
1.57339
1.56765
1.5613
1.53937
1.53397
1.53397
1.52073
1.52217
1.52574
1.51102
1.49616
1.50731
1.49838
1.47312
1.48135
1.53397
1.53377
1.52007
1.51485
1.53324
1.51579
1.51381
1.49121
1.46779
1.4753
1.50522
1.50015
1.47254
1.47654
1.54834
1.52673
1.52137
1.51131
1.51405
1.50722
1.51105
1.41222
1.41208
1.41323
1.41214
1.41224
1.41213
1.41206
1.41365
1.41244
1.41448
1.41289
1.4148
1.41343
1.41715
1.41567
1.41851
1.41366
1.41549
1.41297
1.47264
1.4762
1.49795
1.48386
1.46276
1.46675
1.47292
1.46933
1.45018
1.45295
1.46287
1.45787
1.44645
1.44789
1.44952
1.44883
1.43834
1.44028
1.43641
1.43559
1.44242
1.44586
1.44435
1.43882
1.44131
1.44013
1.43058
1.43301
1.42246
1.41831
1.42184
1.42316
1.42384
1.43301
1.43538
1.43128
1.43335
1.43443
1.43676
1.42918
1.46534
1.46283
1.45943
1.44997
1.44878
1.44819
1.44567
1.4438
1.4445
1.43991
1.43939
1.43973
1.45031
1.45028
1.44684
1.44339
1.44621
1.45513
1.44645
1.44071
1.43932
1.43981
1.43301
1.43619
1.43409
1.43729
1.44244
1.43559
1.43896
1.47128
1.47319
1.45265
1.45645
1.447
1.44817
1.44178
1.44459
1.43316
1.43749
1.43301
1.43311
1.43301
1.43355
1.43727
1.42447
1.4321
1.41432
1.41524
1.41651
1.41368
1.41502
1.41862
1.41608
1.41927
1.41304
1.41416
1.42162
1.4226
1.41562
1.41675
1.41884
1.42371
1.43077
1.43301
1.42093
1.42809
1.42238
1.42907
1.42166
1.41653
1.438
1.44139
1.43427
1.42963
1.51234
1.50853
1.51508
1.5035
1.48368
1.47639
1.46003
1.46799
1.57109
1.56845
1.561
1.55974
1.56529
1.56034
1.54706
1.54054
1.53397
1.53269
1.54472
1.52643
1.56343
1.55801
1.56231
1.55757
1.54583
1.52488
1.54444
1.52526
1.51494
1.51102
1.5161
1.50352
1.4741
1.46909
1.4728
1.45435
1.46166
1.5135
1.51101
1.51366
1.51102
1.4684
1.48751
1.45858
1.46879
1.46745
1.48476
1.4547
1.5715
1.57037
1.56502
1.56424
1.57228
1.56454
1.55841
1.5595
1.54566
1.55017
1.55893
1.54114
1.56879
1.56222
1.56916
1.56277
1.55762
1.54224
1.55405
1.53458
1.5266
1.53076
1.51352
1.51138
1.51962
1.51196
1.50194
1.51037
1.47057
1.47357
1.48606
1.4615
1.52191
1.51102
1.52093
1.47416
1.46388
1.43659
1.4332
1.43764
1.42988
1.43301
1.44578
1.44267
1.4486
1.44271
1.44845
1.43916
1.44242
1.43392
1.43686
1.43301
1.43301
1.43539
1.43824
1.43301
1.41271
1.41228
1.4131
1.41241
1.4122
1.41256
1.41213
1.42102
1.42636
1.41659
1.41915
1.4228
1.43176
1.41477
1.41505
1.417
1.41247
1.41336
1.4121
1.41223
1.4126
1.41377
1.41242
1.41221
1.41478
1.41919
1.41614
1.4209
1.41448
1.41604
1.42234
1.41792
1.42834
1.41292
1.41419
1.41204
1.41324
1.41436
1.41229
1.44471
1.44699
1.4411
1.44373
1.44661
1.45027
1.44197
1.43596
1.42769
1.43301
1.4372
1.4271
1.43338
1.44772
1.44204
1.44721
1.44223
1.43852
1.4285
1.43489
1.43697
1.43116
1.43301
1.41219
1.41235
1.41208
1.41243
1.41218
1.41202
1.41252
1.41231
1.41199
1.41315
1.41216
1.41226
1.42226
1.4151
1.41725
1.42241
1.41553
1.41861
1.43071
1.41324
1.41374
1.42359
1.41629
1.41929
1.42356
1.4159
1.41982
1.41398
1.41405
1.4502
1.45101
1.44357
1.44769
1.44856
1.44397
1.43973
1.43506
1.43991
1.45407
1.43225
1.44499
1.44491
1.44497
1.44456
1.44337
1.44318
1.44487
1.44487
1.44451
1.44268
1.44172
1.44327
1.44167
1.44167
1.44168
1.44179
1.44235
1.4443
1.44179
1.44233
1.4426
1.44168
1.44189
1.44229
1.44253
1.44168
1.44177
1.44222
1.44491
1.44476
1.44488
1.44292
1.44484
1.44215
1.44482
1.44446
1.44281
1.44405
1.44199
1.44243
1.44184
1.44168
1.44178
1.44272
1.44047
1.44205
1.44239
1.4403
1.44169
1.44168
1.44168
1.44165
1.44168
1.44347
1.44252
1.44168
1.44213
1.44046
1.44195
1.44238
1.44032
1.44095
1.44189
1.44034
1.44271
1.44145
1.43995
1.44032
1.43989
1.43934
1.43976
1.43979
1.43982
1.4394
1.43976
1.44004
1.43984
1.44004
1.43983
1.43941
1.43682
1.43817
1.43976
1.43682
1.4383
1.44038
1.4402
1.44089
1.43851
1.43822
1.43644
1.43346
1.43571
1.43435
1.43125
1.43169
1.43246
1.43315
1.43152
1.43204
1.43853
1.43774
1.43563
1.4373
1.43325
1.43598
1.43531
1.4313
1.43229
1.43194
1.42929
1.43075
1.43076
1.43145
1.42938
1.43087
1.43132
1.42981
1.42601
1.42753
1.4278
1.4313
1.42968
1.42571
1.42736
1.43217
1.43207
1.43101
1.43158
1.43049
1.42777
1.4255
1.42933
1.42673
1.42472
1.42898
1.44021
1.43983
1.43982
1.43976
1.4381
1.43915
1.43689
1.4382
1.43776
1.43579
1.43921
1.44091
1.43989
1.43894
1.43968
1.43989
1.4381
1.43946
1.43777
1.43524
1.43926
1.43649
1.43243
1.43391
1.43434
1.43216
1.43334
1.43212
1.43304
1.43282
1.43635
1.44068
1.43635
1.43635
1.43717
1.43635
1.43635
1.44513
1.44504
1.43901
1.44522
1.44504
1.44518
1.43635
1.44111
1.43635
1.43635
1.44522
1.43635
1.44517
1.44509
1.44507
1.44494
1.44123
1.44524
1.43686
1.44276
1.44521
1.43762
1.44506
1.44509
1.44095
1.44516
1.43635
1.44522
1.44516
1.43996
1.44501
1.44498
1.44481
1.44407
1.44282
1.44248
1.44168
1.44405
1.44299
1.44291
1.4422
1.44161
1.43987
1.44031
1.44165
1.43984
1.44027
1.44282
1.44193
1.44285
1.44205
1.4428
1.44145
1.44014
1.4425
1.44103
1.44024
1.4416
1.44043
1.44264
1.44211
1.43995
1.44051
1.44001
1.44055
1.4402
1.44072
1.44021
1.43211
1.43099
1.42777
1.42978
1.43225
1.4309
1.42751
1.42939
1.42274
1.42614
1.42437
1.4286
1.42572
1.42224
1.42435
1.43187
1.43022
1.42702
1.42866
1.43164
1.43038
1.42686
1.42854
1.42553
1.42131
1.42396
1.42505
1.42062
1.42344
1.43978
1.43774
1.43953
1.43961
1.43782
1.4388
1.43616
1.43426
1.43596
1.43372
1.43714
1.43983
1.4396
1.43807
1.43927
1.43796
1.43485
1.43339
1.43636
1.43371
1.43256
1.43575
1.43981
1.43972
1.43138
1.4258
1.42969
1.42771
1.42518
1.42871
1.42698
1.42422
1.42006
1.42272
1.42378
1.41973
1.42182
1.42494
1.42896
1.42685
1.41881
1.4228
1.42038
1.42437
1.42231
1.42017
1.42592
1.42368
1.42164
1.43869
1.43744
1.4333
1.43188
1.43511
1.43283
1.43166
1.43607
1.43393
1.43243
1.43945
1.43822
1.43943
1.43783
1.43959
1.43601
1.43432
1.4308
1.43225
1.43074
1.43257
1.4318
1.4387
1.43727
1.43917
1.43817
1.43979
1.43925
1.43611
1.43766
1.43533
1.43421
1.43055
1.43019
1.42956
1.42815
1.42934
1.42786
1.43047
1.44525
1.44511
1.44477
1.44522
1.44341
1.44499
1.44519
1.44491
1.44466
1.44482
1.44409
1.43635
1.44498
1.44158
1.4451
1.44521
1.44511
1.44482
1.44175
1.44485
1.44478
1.4444
1.44484
1.4446
1.43812
1.4452
1.44513
1.44307
1.44168
1.44261
1.44189
1.44496
1.4448
1.44403
1.44412
1.44435
1.44301
1.44429
1.44502
1.44493
1.44524
1.4451
1.44522
1.44521
1.44486
1.44481
1.4439
1.44502
1.44521
1.44512
1.44484
1.44294
1.44227
1.44492
1.44471
1.44433
1.44503
1.44483
1.44458
1.44255
1.44206
1.44317
1.44168
1.44208
1.44196
1.44176
1.44281
1.44217
1.44266
1.44275
1.44279
1.44265
1.44168
1.44229
1.44165
1.44035
1.44108
1.43984
1.44254
1.44177
1.44192
1.44194
1.44345
1.44381
1.44499
1.43821
1.44346
1.44024
1.44517
1.44496
1.43977
1.42776
1.42513
1.42674
1.42563
1.42418
1.42478
1.42519
1.42409
1.42241
1.42369
1.42264
1.41961
1.42212
1.42318
1.41814
1.42366
1.41557
1.4153
1.41489
1.41387
1.41547
1.41466
1.4136
1.41284
1.41211
1.41312
1.41229
1.4208
1.41774
1.41914
1.41643
1.41526
1.41563
1.41507
1.41595
1.41433
1.41498
1.41484
1.41334
1.41561
1.41443
1.43014
1.43101
1.42747
1.42964
1.42988
1.42685
1.42634
1.42683
1.42443
1.425
1.42547
1.42348
1.42885
1.427
1.4233
1.42373
1.42072
1.42237
1.42235
1.41839
1.41604
1.41565
1.41803
1.41571
1.41632
1.41742
1.41637
1.41473
1.41711
1.4154
1.42493
1.42357
1.42651
1.42428
1.4203
1.42248
1.42058
1.41721
1.41964
1.42223
1.42011
1.42147
1.41855
1.41541
1.41631
1.41455
1.41524
1.41526
1.41464
1.41575
1.4237
1.42275
1.42351
1.41241
1.41495
1.4133
1.41392
1.41494
1.41252
1.41369
1.41214
1.41242
1.41223
1.41215
1.41207
1.41211
1.41557
1.41265
1.41241
1.41301
1.41484
1.41285
1.41384
1.41239
1.41255
1.41202
1.41221
1.41204
1.41207
1.41215
1.41241
1.41209
1.41206
1.41315
1.41236
1.4139
1.41433
1.41278
1.4134
1.41431
1.41574
1.41308
1.41234
1.41227
1.41206
1.41267
1.41276
1.41224
1.41359
1.41281
1.41433
1.41339
1.41519
1.41441
1.41566
1.41471
1.41823
1.41594
1.41768
1.4203
1.42028
1.42459
1.41745
1.41974
1.4134
1.41477
1.41525
1.41642
1.41601
1.41509
1.41558
1.41407
1.41494
1.41413
1.41304
1.41312
1.41422
1.41243
1.41314
1.41271
1.41214
1.41468
1.41385
1.41225
1.41243
1.41205
1.41228
1.41208
1.41217
1.41202
1.4127
1.41312
1.41211
1.41201
1.41253
1.41319
1.41255
1.41398
1.41325
1.41225
1.41244
1.41212
1.41207
1.41213
1.41227
1.41204
1.41285
1.41377
1.4144
1.4139
1.41441
1.41287
1.41261
1.41369
1.41317
1.41237
1.41264
1.41481
1.41556
1.41442
1.41386
1.41488
1.41437
1.41331
1.41372
1.41637
1.41766
1.41551
1.41506
1.4164
1.41565
1.41466
1.41507
1.41853
1.41998
1.41683
1.41598
1.41902
1.41662
1.41578
1.41808
1.41684
1.41625
1.41544
1.42113
1.41692
1.41993
1.416
1.41732
1.41505
1.41339
1.41571
1.41406
1.41301
1.42322
1.41875
1.41542
1.41665
1.418
1.41499
1.416
1.41426
1.41393
1.41252
1.41486
1.41762
1.41625
1.41722
1.41424
1.41592
1.41301
1.41272
1.41705
1.4139
1.41526
1.4136
1.4162
1.41486
1.41294
1.41248
1.41824
1.41768
1.56133
1.55474
1.56034
1.55641
1.53397
1.52586
1.53548
1.52566
1.56045
1.55006
1.55805
1.5537
1.53397
1.52964
1.54206
1.52439
1.51302
1.50891
1.51169
1.50954
1.47174
1.47886
1.46013
1.46803
1.4795
1.45796
1.47067
1.51277
1.5029
1.51185
1.50795
1.48088
1.46897
1.48035
1.46964
1.51102
1.50718
1.48434
1.4727
1.56209
1.56073
1.55071
1.53799
1.52291
1.51443
1.56051
1.54728
1.55743
1.54676
1.53617
1.52602
1.5351
1.52712
1.55686
1.55728
1.54807
1.54873
1.55824
1.54678
1.53371
1.53522
1.52234
1.52573
1.53575
1.5282
1.5129
1.50401
1.51103
1.51069
1.48601
1.47649
1.49038
1.47315
1.47791
1.51406
1.51698
1.50917
1.51216
1.51466
1.50897
1.51052
1.4956
1.47916
1.49621
1.49532
1.48067
1.4821
1.44733
1.44277
1.4488
1.45897
1.44387
1.43845
1.4317
1.43416
1.43979
1.43253
1.43539
1.44804
1.45563
1.44401
1.44873
1.45915
1.44468
1.44774
1.43988
1.43596
1.44142
1.44397
1.43655
1.41331
1.41207
1.41221
1.42655
1.41685
1.42059
1.42723
1.41737
1.4199
1.43272
1.41473
1.41333
1.41554
1.4178
1.41243
1.41373
1.42505
1.42198
1.42576
1.42215
1.43231
1.43111
1.42482
1.41567
1.41879
1.41266
1.41369
1.41634
1.41791
1.41484
1.41632
1.46313
1.44959
1.46167
1.45274
1.44048
1.44343
1.43735
1.43806
1.44393
1.43934
1.45106
1.44467
1.44118
1.43231
1.43387
1.42216
1.42452
1.43253
1.43523
1.42689
1.43093
1.41968
1.41487
1.41639
1.4199
1.41744
1.42174
1.42217
1.42011
1.43569
1.42479
1.43016
1.44011
1.43537
1.43255
1.42372
1.42741
1.41705
1.41887
1.42269
1.42473
1.4206
1.42315
1.47041
1.46214
1.47187
1.45797
1.47335
1.47706
1.46136
1.447
1.44427
1.4503
1.4428
1.43857
1.43534
1.55807
1.55112
1.55655
1.54893
1.55608
1.54978
1.53437
1.52664
1.53361
1.52503
1.53802
1.53592
1.52545
1.55706
1.5631
1.54975
1.54795
1.6452
1.54815
1.53884
1.53946
1.5263
1.5318
1.56611
1.52215
1.52763
1.5122
1.51068
1.51295
1.51067
1.51375
1.51074
1.49116
1.4833
1.49922
1.48522
1.49993
1.48738
1.51472
1.50917
1.51303
1.51473
1.508
1.511
1.49922
1.48674
1.4998
1.50051
1.49034
1.491
1.64538
1.61832
1.63564
1.53838
1.64547
1.64025
1.64388
1.64287
1.63991
1.63932
1.63627
1.63266
1.63492
1.63494
1.63126
1.62989
1.64311
1.63898
1.64277
1.6386
1.64093
1.64099
1.6381
1.63752
1.63427
1.62928
1.63485
1.62927
1.63458
1.6331
1.62837
1.62903
1.54588
1.51048
1.50169
1.49028
1.62317
1.54312
1.62756
1.62601
1.61596
1.62337
1.50456
1.49328
1.58948
1.61963
1.51682
1.61381
1.62562
1.62276
1.62645
1.62254
1.62534
1.62583
1.62278
1.62316
1.61886
1.61294
1.61835
1.61124
1.61976
1.61782
1.6099
1.60954
1.43058
1.42623
1.42378
1.47116
1.47526
1.46291
1.46521
1.47693
1.46762
1.47513
1.47134
1.45162
1.45446
1.44366
1.44498
1.45758
1.44759
1.46611
1.4795
1.47314
1.47881
1.48168
1.47422
1.47577
1.45697
1.45102
1.46293
1.45334
1.46481
1.46713
1.45655
1.45907
1.43972
1.44238
1.43269
1.43712
1.44169
1.43266
1.43519
1.42879
1.42457
1.43061
1.43101
1.42589
1.42869
1.44451
1.43842
1.44539
1.44016
1.44822
1.45007
1.4427
1.44476
1.43381
1.42612
1.42973
1.43363
1.43192
1.43467
1.43847
1.42867
1.43128
1.43274
1.48565
1.47752
1.46866
1.46072
1.48798
1.47892
1.48886
1.50762
1.48045
1.50874
1.47015
1.46246
1.47351
1.5221
1.46476
1.51085
1.59257
1.58736
1.60014
1.58614
1.5989
1.59774
1.58547
1.58357
1.57827
1.56929
1.57347
1.56296
1.57646
1.57485
1.56576
1.56241
1.45295
1.44611
1.44015
1.43105
1.43232
1.43886
1.43282
1.45644
1.44999
1.45808
1.48807
1.45237
1.47315
1.44486
1.44389
1.49586
1.447
1.46728
1.55535
1.545
1.55435
1.54516
1.55403
1.55215
1.5446
1.5434
1.53829
1.50073
1.52587
1.53574
1.52782
1.53349
1.53367
1.52436
1.52295
1.42548
1.42369
1.41874
1.42094
1.41848
1.42232
1.42022
1.43278
1.4314
1.43531
1.43876
1.43677
1.43392
1.43211
1.43469
1.43068
1.43271
1.43138
1.43599
1.43413
1.43223
1.43124
1.43363
1.43219
1.4286
1.42651
1.43039
1.42805
1.42644
1.4295
1.42788
1.42477
1.42356
1.42159
1.43015
1.42581
1.42854
1.42701
1.42387
1.41921
1.42136
1.42508
1.41905
1.42285
1.42017
1.42625
1.42441
1.42214
1.42961
1.42767
1.43106
1.42955
1.42768
1.43191
1.43045
1.42843
1.42563
1.42
1.42341
1.42155
1.42684
1.42958
1.4278
1.42497
1.4223
1.42642
1.42093
1.42431
1.42188
1.42755
1.4258
1.42308
1.42124
1.42486
1.4223
1.44421
1.44476
1.44439
1.44115
1.44026
1.44284
1.44131
1.44027
1.43977
1.44087
1.44046
1.44292
1.44252
1.44318
1.44186
1.4433
1.44204
1.44298
1.44267
1.44195
1.442
1.44113
1.44271
1.43983
1.44153
1.44017
1.44312
1.44172
1.44082
1.44024
1.44109
1.44058
1.43739
1.44508
1.44132
1.44495
1.4441
1.44503
1.44485
1.44311
1.44494
1.44502
1.44403
1.43721
1.43931
1.44116
1.44485
1.43695
1.43892
1.44508
1.44485
1.4443
1.43831
1.44346
1.44407
1.44503
1.44469
1.44513
1.44485
1.44456
1.44507
1.44478
1.44162
1.44195
1.44159
1.44266
1.44317
1.44406
1.44384
1.44336
1.44405
1.44366
1.44258
1.44215
1.44105
1.44308
1.44259
1.44444
1.44297
1.44201
1.44444
1.44357
1.44223
1.44127
1.44273
1.44219
1.44227
1.44447
1.44398
1.4422
1.44254
1.44267
1.44282
1.44133
1.44332
1.44231
1.4393
1.43779
1.43902
1.43732
1.43985
1.43556
1.43855
1.43731
1.43889
1.4375
1.43863
1.4377
1.43504
1.43337
1.43616
1.43435
1.43286
1.43558
1.43369
1.43981
1.43946
1.4379
1.44013
1.43931
1.4364
1.4313
1.44036
1.4321
1.43475
1.43315
1.43738
1.43987
1.43859
1.43595
1.43434
1.4369
1.43265
1.43535
1.43384
1.43813
1.43651
1.43446
1.43463
1.43045
1.4289
1.4317
1.43028
1.42865
1.43156
1.43037
1.42716
1.43214
1.43092
1.43335
1.42826
1.42888
1.42681
1.42412
1.42715
1.42601
1.42358
1.42721
1.42544
1.43154
1.43011
1.43348
1.4316
1.42963
1.4304
1.4285
1.42803
1.42662
1.42939
1.42839
1.44026
1.43922
1.44067
1.43968
1.43825
1.44022
1.43965
1.43713
1.43572
1.43849
1.44139
1.44052
1.43979
1.4414
1.44029
1.43895
1.43657
1.43517
1.43715
1.43552
1.43556
1.43958
1.44151
1.44034
1.43837
1.43706
1.43899
1.43773
1.43604
1.43897
1.43748
1.43352
1.43233
1.43442
1.43313
1.43177
1.4346
1.43291
1.42969
1.42899
1.43202
1.43493
1.43362
1.43598
1.43501
1.43262
1.42627
1.42722
1.42917
1.42827
1.43042
1.42917
1.43316
1.43415
1.43155
1.43011
1.43321
1.43224
1.41291
1.41587
1.41409
1.41231
1.41201
1.41272
1.41221
1.41203
1.41361
1.41271
1.41719
1.41562
1.41693
1.41538
1.41796
1.41218
1.41234
1.41335
1.41253
1.41208
1.41224
1.41235
1.41207
1.41623
1.41466
1.41695
1.41548
1.41744
1.41437
1.41536
1.41302
1.41261
1.41219
1.41376
1.41295
1.4131
1.41844
1.4123
1.41202
1.41677
1.41538
1.41258
1.41213
1.41375
1.41209
1.41249
1.41208
1.41501
1.41353
1.41242
1.41203
1.41318
1.41233
1.41339
1.41493
1.41236
1.41333
1.41416
1.41241
1.41349
1.41215
1.41546
1.41257
1.41347
1.41663
1.41478
1.41785
1.42063
1.41343
1.41495
1.41208
1.41239
1.41201
1.41214
1.41265
1.41217
1.41203
1.41211
1.41383
1.41816
1.41655
1.41973
1.41797
1.41633
1.41923
1.41772
1.4147
1.42008
1.41587
1.41814
1.41745
1.41433
1.41306
1.41546
1.41387
1.41258
1.41503
1.41347
1.41985
1.41814
1.42085
1.41938
1.4178
1.42056
1.41885
1.41688
1.41658
1.41467
1.41753
1.41222
1.41205
1.41245
1.42195
1.42181
1.42052
1.42252
1.4212
1.42417
1.4178
1.42037
1.41618
1.41735
1.41971
1.41823
1.41313
1.4123
1.41458
1.41591
1.41261
1.41474
1.41585
1.41353
1.41389
1.41607
1.41421
1.4132
1.41626
1.4145
1.41871
1.41739
1.41606
1.41577
1.41207
1.41216
1.41246
1.41206
1.41217
1.41245
1.41207
1.41237
1.41234
1.41289
1.41212
1.41346
1.4143
1.41289
1.41237
1.41385
1.41304
1.41202
1.41251
1.41326
1.41212
1.41239
1.41362
1.41248
1.41225
1.4125
1.41207
1.41218
1.41213
1.41199
1.41218
1.41205
1.41209
1.4223
1.42181
1.41973
1.41802
1.4232
1.42457
1.42063
1.42132
1.4251
1.42234
1.42669
1.42422
1.41818
1.41981
1.41567
1.41811
1.41977
1.41626
1.41725
1.42144
1.4142
1.41468
1.41499
1.41315
1.41406
1.41232
1.41221
1.42882
1.42848
1.42555
1.4271
1.42953
1.42823
1.41958
1.41847
1.42139
1.42299
1.42028
1.42168
1.42492
1.42012
1.42188
1.44686
1.47442
1.46097
1.45278
1.51505
1.51691
1.51201
1.51151
1.51441
1.50955
1.51921
1.51593
1.51653
1.5085
1.5081
1.50583
1.50562
1.50083
1.499
1.50504
1.49905
1.5055
1.50307
1.49725
1.49913
1.4163
1.41315
1.414
1.41785
1.41577
1.41878
1.41966
1.41673
1.4174
1.41246
1.41333
1.41226
1.41251
1.41265
1.41413
1.41326
1.4146
1.41512
1.4136
1.41384
1.44084
1.44651
1.45059
1.46472
1.43557
1.48014
1.49319
1.48458
1.48468
1.49145
1.48133
1.4895
1.48185
1.47985
1.47828
1.47448
1.47427
1.47667
1.47337
1.47646
1.47218
1.41944
1.42182
1.42023
1.41832
1.41723
1.41971
1.41801
1.41706
1.41862
1.41741
1.42436
1.42179
1.42552
1.42363
1.42107
1.42187
1.42035
1.41995
1.41886
1.42059
1.41997
1.4183
1.4187
1.41548
1.41363
1.41694
1.41744
1.41487
1.41339
1.41636
1.41388
1.41391
1.41262
1.41303
1.41239
1.41222
1.4131
1.41259
1.41736
1.41592
1.41805
1.41726
1.41474
1.41648
1.41387
1.4134
1.41513
1.41402
1.42669
1.42499
1.428
1.42633
1.42433
1.42708
1.42589
1.42179
1.42031
1.42398
1.42863
1.42996
1.42795
1.42682
1.42848
1.42756
1.42494
1.42643
1.42539
1.42113
1.42021
1.42158
1.42056
1.4226
1.42173
1.42448
1.42293
1.4193
1.41825
1.41993
1.41888
1.41766
1.41832
1.41693
1.41442
1.41727
1.41683
1.42055
1.41975
1.42158
1.42029
1.41868
1.41917
1.41949
1.41792
1.41712
1.41863
1.41804
1.41209
1.41221
1.41275
1.41321
1.41358
1.41456
1.41593
1.412
1.41707
1.41751
1.41639
1.41204
1.41213
1.41203
1.41204
1.4123
1.41208
1.41252
1.41274
1.41218
1.42059
1.4123
1.41206
1.41278
1.41238
1.41202
1.41211
1.412
1.41215
1.41202
1.41503
1.43554
1.44901
1.42665
1.43686
1.46915
1.46081
1.45393
1.45341
1.45813
1.45203
1.45793
1.44937
1.44769
1.44895
1.44793
1.4417
1.44042
1.44525
1.44048
1.44475
1.44288
1.43978
1.43633
1.41312
1.41285
1.41387
1.41337
1.41245
1.41271
1.41312
1.41216
1.42929
1.41269
1.42348
1.41523
1.41373
1.41594
1.41478
1.41328
1.41328
1.41379
1.41334
1.41288
1.42309
1.4164
1.44145
1.43376
1.43214
1.41884
1.42517
1.42234
1.42234
1.42159
1.41939
1.43476
1.43433
1.42841
1.42783
1.4348
1.43017
1.42694
1.4335
1.43129
1.42655
1.42582
1.42589
1.42234
1.42234
1.42317
1.42221
1.41995
1.41929
1.42253
1.42234
1.42
1.63535
1.63165
1.62781
1.6265
1.62333
1.61972
1.60893
1.59736
1.58084
1.5719
1.56184
1.55249
1.54185
1.5341
1.52328
1.51673
1.50927
1.50258
1.49287
1.49409
1.48795
1.48751
1.47888
1.47691
1.47547
1.47289
1.46826
1.46494
1.45837
1.45697
1.45254
1.44993
1.44265
1.43582
1.42992
1.42568
1.65109
0
0
0
0
0
1.68799
0
1.68718
1.68604
1.67196
1.67181
1.68553
1.67576
1.68634
1.68484
1.68536
1.6842
1.68364
1.68483
1.68448
1.6843
1.68355
1.68571
1.68481
1.68498
1.6853
1.68467
1.6844
1.68457
1.68339
1.68401
1.68414
1.68307
1.68326
1.68467
1.68408
1.68438
1.68357
1.68343
1.68185
1.68264
1.68246
1.68126
1.68144
1.68319
1.68205
1.68067
1.681
1.67995
0
0
0
1.68749
1.68783
1.68622
1.68533
0
0
0
0
1.68745
1.68779
1.68682
1.68563
1.68602
1.68623
1.68514
0
1.68678
1.67713
1.66785
1.68536
1.68541
1.68475
1.68488
1.68512
1.68431
1.68474
1.68499
1.68469
1.68419
1.68417
1.68355
1.68356
1.6825
1.68256
1.68177
0
0
0
1.688
0
0
1.67354
0
0
0
1.68312
1.66578
1.67131
1.66955
0
0
0
0
0
1.67246
1.67376
0
1.66286
0
1.68737
0
1.68037
1.67735
1.68506
1.68584
1.68499
1.67193
1.68582
1.68047
1.67026
1.68249
1.66195
1.6753
1.68509
1.68467
1.68475
1.68422
1.68088
1.68005
1.67831
1.66411
1.68267
1.68566
1.68498
1.68705
1.67594
1.68468
1.68399
1.68422
1.68443
1.68347
1.68503
1.68463
1.68479
1.68436
1.66857
1.67607
1.68376
1.68336
1.68379
1.68202
1.68314
1.6835
1.6816
1.68193
1.68258
1.68119
1.68101
1.67972
1.68026
1.67805
1.6812
1.68184
1.68032
1.68069
1.6813
1.67908
1.67944
1.67929
1.67726
1.67588
1.67674
1.67281
1.68473
1.68421
1.68432
1.68326
1.68516
1.68307
1.68181
1.68187
1.68041
1.68341
1.6823
1.68276
1.6813
1.68049
1.67903
1.67915
1.67801
1.68028
1.67784
1.67874
1.67492
1.67434
1.67493
1.67185
1.67339
1.67359
1.66791
1.67017
1.6758
1.67357
1.67328
1.67317
1.66835
1.6651
1.66564
1.66789
1.66417
0
0
1.66641
0
0
0
0
0
1.66911
1.66627
0
0
0
1.66496
0
1.66239
0
1.66383
1.66395
1.66095
1.65755
1.65737
1.66491
1.67701
1.6601
1.66167
1.66574
1.65567
1.65821
1.65149
1.65252
1.64396
1.64605
1.64991
1.64175
1.64323
1.65033
1.65199
1.64444
0
0
1.66704
1.67938
1.65776
1.66145
1.66441
1.6646
1.66
1.66037
1.65273
0
0
0
0
1.66491
1.66508
1.66143
1.66205
0
1.66551
0
1.66261
1.66836
0
0
0
1.67331
1.67337
1.67566
1.67802
0
0
1.67582
1.68291
1.67654
1.67457
1.66424
1.68116
1.66244
1.67098
1.66802
1.64064
1.64064
1.64481
1.64577
1.64225
1.64108
1.64064
1.6569
1.65767
1.65647
1.65644
1.65014
1.65137
1.64387
1.64453
1.64064
1.64097
1.65061
1.65272
1.6458
1.64704
1.64759
1.64229
1.64313
1.65653
1.65755
1.67369
1.68589
1.65422
1.65384
1.64905
1.64733
1.64798
1.64385
1.64604
1.65906
1.6641
1.64988
1.6525
1.64509
1.64712
1.67352
1.66234
1.65996
1.6524
1.65505
1.64729
1.66936
1.66164
1.65468
0
0
0
0
0
0
0
0
0
1.67653
1.6652
0
0
1.6642
1.66609
1.66692
1.67711
1.67531
1.67114
1.67521
1.66947
1.67126
0
0
1.66534
1.64064
1.68095
1.64064
1.64064
1.63618
1.63357
1.63619
1.63075
1.6296
1.64064
1.64064
1.63855
1.64062
1.63178
1.63612
1.62739
1.62692
1.62393
1.62826
1.6475
1.64982
1.62577
1.62663
1.62191
1.65143
1.6721
1.6738
1.67225
1.6731
1.67295
1.67375
1.6721
1.6726
1.63963
1.64064
1.63434
1.64064
1.64093
1.65239
1.66304
1.65771
1.67541
1.643
1.64757
1.66237
1.67236
1.67455
1.67444
1.67356
1.67366
1.67235
1.67287
1.67476
1.67482
1.67416
1.67391
1.67302
1.67342
1.64275
1.66394
1.6709
1.67118
1.66943
1.66973
1.67116
1.67167
1.66963
1.66862
1.67138
1.67145
1.67192
1.67166
1.67238
1.66753
1.66856
1.67007
1.66996
1.66841
1.6686
1.66683
1.66641
1.66617
1.66417
1.66492
1.665
1.66277
1.66361
1.66646
1.66703
1.66456
1.66541
1.66279
1.66337
1.6609
1.66116
1.67032
1.67047
1.66868
1.66893
1.667
1.66758
1.66994
1.67078
1.6682
1.66888
1.66683
1.66723
1.66494
1.66564
1.66349
1.66332
1.66549
1.66587
1.6638
1.66409
1.66154
1.66134
1.66135
1.66184
1.64173
1.64181
1.64141
1.64309
1.64934
1.65832
1.65967
1.66005
1.67636
1.67651
1.65987
1.67492
1.67645
1.67518
1.67534
1.67415
1.67418
1.67311
1.67313
1.67569
1.67552
1.67428
1.67411
1.67344
1.673
1.6494
1.64851
1.64468
1.64442
1.66266
1.65781
1.64867
1.65441
1.64809
1.65991
1.64522
1.66872
1.66279
1.67662
1.67833
1.67625
1.67703
1.67567
1.67498
1.67676
1.67673
1.67537
1.67525
1.67444
1.67425
1.67427
1.67352
1.67357
1.67514
1.67476
1.67456
1.67245
1.67236
1.67418
1.6737
1.67262
1.67316
1.67137
1.67146
1.67341
1.67372
1.67248
1.67317
1.67317
1.67138
1.67077
1.66779
1.66771
1.66641
1.67205
1.67222
1.6724
1.67091
1.67084
1.66881
1.66871
1.66629
1.66655
1.67046
1.67083
1.66864
1.66858
1.66698
1.6672
1.66536
1.66543
1.66334
1.66381
1.66679
1.66508
1.66574
1.66387
1.66375
1.66185
1.66106
1.66122
1.66087
1.67078
1.669
1.66874
1.66904
1.66698
1.66662
1.66463
1.66549
1.66529
1.66275
1.66342
1.66723
1.66685
1.66517
1.66559
1.66279
1.66055
1.6623
1.66071
1.66103
1.65746
1.65906
1.66097
1.65551
1.65822
1.65579
1.65597
1.65919
1.65908
1.65654
1.6566
1.6549
1.65547
1.65537
1.65381
1.6525
1.65205
1.65257
1.65136
1.65136
1.65402
1.65274
1.65383
1.65136
1.65179
1.65904
1.65924
1.65683
1.65711
1.65722
1.65596
1.6556
1.65997
1.65929
1.6578
1.65688
1.65573
1.6551
1.65369
1.654
1.65136
1.65334
1.65347
1.65136
1.65136
1.65136
1.6501
1.64996
1.65136
1.64782
1.64798
1.64466
1.66021
1.65812
1.65774
1.65624
1.65554
1.65543
1.65764
1.65812
1.65625
1.65707
1.6563
1.65466
1.65509
1.65401
1.65379
1.65272
1.65195
1.65136
1.66056
1.6617
1.65833
1.66318
1.66206
1.65936
1.66059
1.65975
1.65776
1.65787
1.65665
1.65815
1.65895
1.65579
1.65652
1.6542
1.65596
1.65652
1.6537
1.65341
1.65181
1.65203
1.65131
1.65118
1.65274
1.6543
1.65136
1.65136
1.65136
1.65136
1.65136
1.65114
1.65055
1.65125
1.65091
1.65053
1.64907
1.64792
1.64615
0
0
1.67082
1.68443
1.66647
1.67238
0
0
1.66516
1.67127
1.6706
1.66743
1.66268
1.66318
1.67162
1.67389
1.67673
1.68465
1.68178
1.68454
1.68377
1.68407
1.68418
1.6833
1.68278
1.68161
1.67957
1.68613
1.67348
1.66394
1.66703
1.67938
1.68124
1.67832
1.6833
1.68028
1.68516
1.68436
1.68474
1.67746
1.68403
1.68247
1.68364
1.68384
1.68257
1.68241
1.68239
1.67844
1.68062
1.66801
1.66474
1.67324
1.68049
1.67674
1.68543
1.68514
1.67235
1.68495
1.68383
1.68431
1.68453
1.68365
1.68378
1.67483
1.68443
1.68476
1.68392
1.68189
1.68275
1.67931
1.67691
1.67653
1.67546
1.6836
1.68233
1.67845
1.68353
1.683
1.6815
1.68237
1.68208
1.67968
1.67661
1.67896
1.6794
1.67672
1.67656
1.67688
1.67488
1.67437
1.67922
1.68052
1.67774
1.67682
1.67734
1.67541
1.67539
1.67536
1.67395
1.67394
1.67434
1.67317
1.67349
1.67508
1.67354
0
0
0
1.68632
1.6744
1.66855
1.6613
1.66923
1.68229
1.67601
1.68476
1.67254
1.66841
1.68459
1.68433
1.68454
1.68386
1.6836
1.68373
1.68297
1.68291
1.68382
1.68386
1.68324
1.68126
1.68158
1.6792
1.67667
1.67421
1.67317
1.67317
1.67325
1.67269
1.67317
1.66881
1.66515
1.67287
1.67038
1.66691
1.67317
1.67317
1.66843
1.66973
1.66965
1.66659
1.66587
1.66627
1.66317
1.6651
1.66542
1.66218
1.66225
1.663
1.66054
1.65676
1.65987
1.65834
1.65497
1.65322
1.65136
1.65032
1.68212
1.67999
1.67903
1.68081
1.67903
1.67903
1.67728
1.6745
1.67714
1.67317
1.67831
1.6763
1.67578
1.67671
1.67446
1.67344
1.674
1.67278
1.67089
1.67299
1.66923
1.67343
1.66864
1.67258
1.66705
1.66546
1.66218
1.66523
1.66035
1.66768
1.66699
1.66501
1.66629
1.66585
1.66314
1.6637
1.66189
1.65984
1.65951
1.66036
1.65757
1.65756
1.67438
1.67322
1.67254
1.66567
1.67048
1.66627
1.6643
1.66169
1.66289
1.65889
1.65798
1.65306
1.65308
1.65628
1.65109
1.66021
1.65821
1.65181
1.65007
1.65136
1.6506
1.66396
1.64889
1.67432
1.67547
1.67932
1.67685
1.67677
1.6768
1.67571
1.67553
1.68021
1.67807
1.67543
1.67376
1.67428
1.67317
1.67317
1.6758
1.67556
1.67438
1.67438
1.67414
1.67317
1.67317
1.67158
1.67317
1.67317
1.67145
1.67317
1.66875
1.66992
1.67333
1.67317
1.67313
1.67114
1.67101
1.66909
1.66713
1.66888
1.66774
1.66554
1.66629
1.66846
1.66704
1.66632
1.66607
1.67421
1.6733
1.67317
1.67317
1.66993
1.66449
1.66627
1.66506
1.66393
1.66348
1.66153
1.66507
1.66627
1.66313
1.66345
1.66425
1.66005
1.66197
1.6609
1.65816
1.65812
1.65947
1.65545
1.65464
1.66759
1.66918
1.66531
1.66627
1.66627
1.66491
1.66404
1.6657
1.6638
1.66147
1.66137
1.66217
1.65884
1.65853
1.66426
1.66113
1.65817
1.66274
1.6612
1.65709
1.65656
1.6543
1.65191
1.65136
1.65492
1.6521
1.65726
1.65654
1.65135
1.65261
1.65552
1.65163
1.65066
1.65085
1.64935
1.64996
1.64996
1.64733
1.64747
1.65366
1.65444
1.65128
1.65112
1.65268
1.65054
1.65012
1.65136
1.64996
1.64904
1.6484
1.64914
1.64629
1.64544
1.64996
1.64745
1.64497
1.66271
1.6622
1.65923
1.66026
1.65804
1.65828
1.65678
1.65652
1.65439
1.65515
1.65414
1.65189
1.65238
1.65662
1.65304
1.65259
1.6518
1.65373
1.65136
1.65136
1.65095
1.64996
1.65136
1.65136
1.65135
1.65102
1.65113
1.65039
1.65036
1.64847
1.64601
1.64812
1.64751
1.64498
1.64434
1.65111
1.65039
1.64945
1.64996
1.64996
1.64911
1.64964
1.64854
1.6473
1.6439
1.64614
1.64526
1.64122
1.64298
1.64744
1.64254
1.64258
1.64122
1.65031
1.6486
1.64427
1.64318
1.64271
1.6129
1.61276
1.6077
1.60831
1.5941
1.58353
1.59355
1.57809
1.57098
1.57119
1.56944
1.5678
1.58451
1.57524
1.57683
1.57265
1.55785
1.56563
1.56239
1.53397
1.55015
1.56394
1.56682
1.56101
1.56056
1.56115
1.55288
1.55151
1.53308
1.52636
1.53308
1.53498
1.51967
1.52047
1.52036
1.54902
1.53397
1.52589
1.51916
1.51247
1.51696
1.51556
1.56633
1.56928
1.55889
1.56091
1.5415
1.56974
1.56971
1.56267
1.56228
1.53904
1.54253
1.53397
1.53397
1.52299
1.5269
1.55731
1.55631
1.53798
1.54106
1.53346
1.53192
1.59493
1.60383
1.62727
1.59554
1.68063
1.68063
1.68
1.68025
1.61563
1.66037
1.6356
1.56999
1.57215
1.5649
1.56397
1.56064
1.57465
1.58013
1.56832
1.57112
1.57276
1.563
1.56658
1.55834
1.56009
1.53882
1.55333
1.53382
1.53385
1.55794
1.55749
1.54134
1.55047
1.53347
1.55519
1.53294
1.53842
1.59131
1.59279
1.57971
1.58309
1.5667
1.57033
1.58877
1.59326
1.56008
1.5753
1.56361
1.56703
1.57893
1.58565
1.56994
1.5747
1.5788
1.5655
1.57157
1.55828
1.55914
1.54069
1.55222
1.55495
1.54003
1.54688
1.56404
1.5602
1.56175
1.54826
1.55141
1.55733
1.54337
1.54687
1.51431
1.51588
1.50715
1.50724
1.47607
1.47986
1.51088
1.5127
1.49211
1.51054
1.5035
1.46911
1.47067
1.45245
1.45447
1.47332
1.47635
1.46363
1.46798
1.51625
1.51784
1.50868
1.51237
1.51896
1.52173
1.51407
1.51372
1.50597
1.49953
1.50725
1.50525
1.50146
1.51191
1.48386
1.4827
1.47023
1.47537
1.49051
1.49912
1.47791
1.48256
1.44807
1.45054
1.44284
1.44484
1.45438
1.45804
1.44834
1.45119
1.43723
1.44037
1.43534
1.43795
1.44265
1.44525
1.43813
1.44119
1.46219
1.46569
1.4542
1.45443
1.47145
1.474
1.46418
1.46718
1.44799
1.45041
1.44353
1.4455
1.45436
1.45887
1.44806
1.45246
1.45611
1.44924
1.4512
1.52522
1.52809
1.51824
1.5187
1.52437
1.51617
1.51658
1.52906
1.53229
1.51883
1.52093
1.52967
1.52333
1.50631
1.50809
1.48744
1.49266
1.48917
1.5123
1.5155
1.50177
1.50918
1.5122
1.49883
1.50083
1.53353
1.53196
1.53292
1.52556
1.52691
1.5359
1.53063
1.51515
1.51711
1.50317
1.50852
1.47736
1.48086
1.4694
1.47511
1.48177
1.46889
1.47337
1.48606
1.48941
1.47525
1.48046
1.4633
1.46305
1.46538
1.45389
1.45715
1.46793
1.47345
1.46191
1.49202
1.48578
1.52349
1.53742
1.5381
1.52783
1.52988
1.52861
1.5173
1.5
1.50695
1.5187
1.51907
1.51091
1.51359
1.52135
1.50402
1.50841
1.47909
1.46816
1.47149
1.46523
1.46567
1.49286
1.49825
1.48384
1.48745
1.48562
1.49915
1.49363
1.50057
1.50114
1.49194
1.49199
1.47616
1.47804
1.46943
1.47395
1.48052
1.46889
1.47331
1.48301
1.48506
1.47596
1.48149
1.49696
1.48877
1.47632
1.52038
1.68134
1.68146
1.68063
1.68063
1.68063
1.68033
1.6803
1.68043
1.67937
1.67971
1.68078
1.68064
1.68063
1.68063
1.67924
1.61437
1.67331
1.63326
1.67948
1.67982
1.67859
1.67897
1.67921
1.67532
1.678
1.68304
1.68324
1.682
1.68264
1.68278
1.68075
1.68208
1.68273
1.68061
1.68158
1.68063
1.68105
1.68114
1.68042
1.68063
1.68204
1.68133
1.68068
1.68037
1.67974
1.67978
1.5931
1.59735
1.5827
1.59333
1.57284
1.62705
1.56609
1.67777
1.67279
1.67443
1.66915
1.67989
1.67903
1.68113
1.68029
1.68039
1.68048
1.67903
1.67815
1.67893
1.67486
1.67599
1.67627
1.67086
1.6726
1.67786
1.67933
1.67989
1.67916
1.67903
1.67928
1.67349
1.67772
1.67317
1.66679
1.66766
1.66891
1.66636
1.67399
1.66854
1.66661
1.57693
1.5846
1.57162
1.57369
1.57056
1.58999
1.65621
1.57894
1.58224
1.62625
1.57509
1.57883
1.56105
1.56499
1.54963
1.55624
1.56163
1.55032
1.55152
1.56383
1.55523
1.62596
1.56975
1.58801
1.62059
1.5469
1.56203
1.56565
1.55116
1.58629
1.59278
1.62917
1.66681
1.66462
1.66601
1.65747
1.66231
1.66237
1.65628
1.65718
1.64065
1.62797
1.54049
1.53558
1.54205
1.5422
1.5329
1.53379
1.52418
1.52692
1.51182
1.54043
1.53216
1.58703
1.59084
1.57543
1.61388
1.6159
1.60926
1.60999
1.52025
1.555
1.51042
1.58076
1.59723
1.58777
1.6022
1.60489
1.60532
1.5998
1.60021
1.61882
1.5176
1.53438
1.55582
1.59453
1.56153
1.5887
1.59322
1.58911
1.59455
1.5948
1.58822
1.562
1.58534
1.56985
1.57922
1.58101
1.5728
1.57123
1.58161
1.57681
1.6777
1.67108
1.67334
1.67515
1.67056
1.66312
1.66727
1.66708
1.66496
1.66589
1.66524
1.66219
1.66307
1.66962
1.66627
1.66587
1.66358
1.65955
1.65951
1.66216
1.65774
1.65829
1.64093
1.64889
1.65103
1.64279
1.66057
1.65745
1.64289
1.63865
1.63917
1.63142
1.62836
1.63843
1.62704
1.6375
1.6298
1.65279
1.64664
1.64032
1.64193
1.64408
1.63858
1.6404
1.61944
1.63608
1.62694
1.63344
1.63337
1.62303
1.62376
1.65683
1.65043
1.64234
1.64019
1.64122
1.63953
1.63088
1.62087
1.63015
1.62208
1.61675
1.67383
1.67204
1.66732
1.66876
1.66615
1.66304
1.66553
1.66322
1.66385
1.66049
1.65886
1.64811
1.65565
1.64738
1.66273
1.66281
1.65968
1.66025
1.66061
1.65696
1.65764
1.65466
1.64586
1.65145
1.64305
1.64348
1.64218
1.63556
1.62865
1.62435
1.64044
1.63627
1.64122
1.63217
1.63013
1.62002
1.62441
1.61948
1.61196
1.607
1.60414
1.59916
1.61581
1.61861
1.60711
1.61132
1.61484
1.60614
1.60737
1.6045
1.60017
1.60346
1.6036
1.59677
1.59931
1.61335
1.60669
1.61474
1.60557
1.61358
1.6154
1.60681
1.60252
1.59447
1.59701
1.60071
1.59701
1.60421
1.6005
1.59689
1.59169
1.59345
1.58655
1.58781
1.58958
1.58446
1.56916
1.58022
1.57736
1.57137
1.5745
1.57867
1.56797
1.57092
1.5652
1.59479
1.5911
1.58282
1.5756
1.57071
1.58995
1.58937
1.58341
1.58395
1.58886
1.58086
1.58974
1.58383
1.57495
1.57694
1.56722
1.57173
1.57475
1.56693
1.56629
1.60858
1.61209
1.60511
1.60533
1.60937
1.60505
1.59995
1.60135
1.59598
1.59769
1.6017
1.59427
1.59743
1.60984
1.60495
1.60045
1.59492
1.58981
1.57736
1.58808
1.57844
1.58551
1.58533
1.57601
1.57636
1.57261
1.56553
1.57058
1.56396
1.56848
1.57101
1.56317
1.5846
1.57551
1.58217
1.57337
1.56605
1.56815
1.5616
1.56184
1.56468
1.56067
1.61054
1.605
1.61154
1.60459
1.60178
1.5976
1.59974
1.59466
1.583
1.57327
1.5678
1.42897
1.43366
1.42274
1.42487
1.43377
1.43638
1.42861
1.43096
1.41819
1.42077
1.4146
1.41613
1.41736
1.42363
1.42518
1.41948
1.42177
1.43828
1.44061
1.43552
1.43708
1.44223
1.43827
1.44486
1.44584
1.44785
1.44061
1.44294
1.43024
1.43371
1.42372
1.42807
1.43309
1.42477
1.42897
1.43601
1.43816
1.43141
1.43362
1.41404
1.41308
1.4141
1.41352
1.41227
1.41289
1.41202
1.41206
1.41519
1.41552
1.41459
1.41652
1.4179
1.41514
1.41605
1.41326
1.4126
1.4139
1.41504
1.4132
1.41413
1.41409
1.41961
1.41687
1.42199
1.42373
1.41927
1.42023
1.42532
1.42911
1.42177
1.41618
1.41497
1.41691
1.41794
1.41491
1.41594
1.41847
1.41727
1.43772
1.43497
1.42553
1.42936
1.42307
1.4254
1.41624
1.41974
1.42142
1.41796
1.4188
1.41913
1.44945
1.45278
1.44493
1.44831
1.45745
1.4411
1.45244
1.44456
1.4482
1.45444
1.46068
1.45073
1.45272
1.459
1.4554
1.44075
1.4439
1.43653
1.43726
1.43789
1.4475
1.44961
1.44202
1.44536
1.44901
1.44075
1.44406
1.44492
1.46526
1.46365
1.4665
1.45708
1.45926
1.46936
1.45177
1.4558
1.44842
1.46615
1.46209
1.46868
1.54079
1.46528
1.49935
1.56207
1.55514
1.45279
1.4546
1.44913
1.45131
1.47724
1.52447
1.53718
1.48219
1.54434
1.54782
1.52328
1.53753
1.43258
1.43432
1.42821
1.43058
1.43538
1.42629
1.42945
1.43707
1.43944
1.43352
1.43662
1.42377
1.42101
1.42435
1.42627
1.42052
1.42334
1.42811
1.42636
1.44104
1.43407
1.43635
1.42328
1.42935
1.43219
1.42622
1.42729
1.43112
1.4278
1.44301
1.44521
1.4375
1.44113
1.47446
1.46886
1.48772
1.52547
1.52969
1.50904
1.43558
1.45196
1.50295
1.44791
1.48759
1.50904
1.41214
1.41202
1.41224
1.41214
1.41267
1.41239
1.41314
1.41279
1.41203
1.41209
1.41253
1.41306
1.41214
1.4125
1.41335
1.41285
1.41221
1.41242
1.41204
1.41209
1.41219
1.41199
1.4121
1.41207
1.41203
1.41373
1.41406
1.41318
1.41362
1.4123
1.41205
1.41377
1.41313
1.41461
1.41544
1.41599
1.41369
1.4131
1.41411
1.41344
1.41331
1.41263
1.41284
1.4123
1.41211
1.41277
1.41234
1.41495
1.41419
1.41565
1.41479
1.41403
1.4156
1.41453
1.4135
1.4137
1.41198
1.41538
1.41302
1.41374
1.41622
1.41695
1.41466
1.41607
1.41736
1.41467
1.41595
1.41266
1.41319
1.41236
1.41251
1.41322
1.41263
1.41358
1.41387
1.41472
1.41283
1.41357
1.41445
1.41306
1.41358
1.41208
1.41261
1.41228
1.41434
1.413
1.41258
1.41363
1.41309
1.41256
1.41362
1.41312
1.41293
1.41199
1.41209
1.41212
1.41201
1.41217
1.4121
1.41205
1.41265
1.41229
1.41227
1.41223
1.41202
1.41255
1.41203
1.41291
1.41297
1.41224
1.41276
1.41291
1.41225
1.41276
1.41219
1.412
1.41244
1.4121
1.41199
1.41235
1.41211
1.41201
1.41202
1.41219
1.41203
1.41209
1.41892
1.4205
1.41657
1.41549
1.41886
1.42036
1.41746
1.41868
1.41875
1.42188
1.4252
1.42005
1.42215
1.42531
1.42056
1.43419
1.4156
1.4166
1.4143
1.41546
1.41736
1.41451
1.41577
1.41852
1.42963
1.41567
1.42918
1.4554
1.48011
1.46057
1.41366
1.41377
1.4099
1.41317
1.41059
1.40866
1.41262
1.54125
1.53403
1.51904
1.52311
1.51193
1.50978
1.50105
1.49566
1.48209
1.50101
1.49568
1.48044
1.48474
1.49106
1.4755
1.47884
1.41237
1.41199
1.40481
1.45636
1.44823
1.40504
1.42094
1.47399
1.47543
1.46125
1.46022
1.45045
1.4655
1.4593
1.46216
1.46068
1.4524
1.4484
1.44682
1.4455
1.41691
1.40984
1.43352
1.40972
1.41034
1.41239
1.40217
1.39904
1.45564
1.44301
1.40909
1.39846
1.40256
1.40521
1.39934
1.4033
1.40283
1.39586
1.39214
1.41033
1.39063
1.38536
1.38562
1.38578
1.38895
1.38788
1.38552
1.38632
1.38479
1.3853
1.38403
1.39967
1.40009
1.393
1.39395
1.39654
1.38878
1.38771
1.3923
1.38967
1.38641
1.38538
1.38808
1.386
1.38383
1.38274
1.38293
1.38377
1.38255
1.38081
1.37869
1.38878
1.384
1.38026
1.37662
1.57193
1.56487
1.56592
1.55581
1.55937
1.54913
1.56375
1.55095
1.55523
1.54875
1.56362
1.55682
1.56115
1.56041
1.55159
1.55431
1.54359
1.54283
1.53252
1.53771
1.54173
1.52859
1.5335
1.54114
1.53568
1.5593
1.54664
1.54945
1.54455
1.52834
1.53842
1.53847
1.5297
1.52974
1.53742
1.52798
1.56036
1.55294
1.55916
1.55763
1.54898
1.55267
1.53849
1.53158
1.52301
1.5135
1.52154
1.52028
1.50706
1.50601
1.48683
1.4903
1.47358
1.51867
1.50254
1.51732
1.52187
1.50012
1.50924
1.51203
1.49477
1.49273
1.47739
1.48188
1.46827
1.46741
1.4748
1.46501
1.48567
1.47897
1.47479
1.46134
1.46404
1.52153
1.55688
1.54469
1.54773
1.55248
1.54481
1.55787
1.55534
1.54495
1.53495
1.53452
1.52666
1.52857
1.53209
1.52144
1.52502
1.5351
1.55409
1.55422
1.54213
1.54491
1.55095
1.53433
1.54032
1.5287
1.51778
1.52774
1.52299
1.52747
1.52634
1.51363
1.52374
1.50267
1.48885
1.47265
1.45592
1.4593
1.45136
1.50038
1.48692
1.50338
1.49667
1.48393
1.47882
1.46965
1.46252
1.46634
1.46675
1.45656
1.49502
1.47218
1.46736
1.4942
1.47252
1.48586
1.46956
1.46211
1.4641
1.45307
1.44639
1.4606
1.44223
1.45692
1.43793
1.46328
1.4584
1.45395
1.42923
1.43123
1.45166
1.42589
1.44835
1.41766
1.40204
1.39996
1.39329
1.39208
1.39827
1.3906
1.3985
1.38953
1.38769
1.38588
1.3824
1.3817
1.38426
1.38075
1.38318
1.37842
1.3789
1.37767
1.37405
1.37204
1.37334
1.3705
1.37226
1.37506
1.37025
1.36594
1.36681
1.36535
1.44601
1.43886
1.40531
1.40253
1.43262
1.40181
1.39653
1.39361
1.3888
1.38756
1.39316
1.38641
1.42886
1.40134
1.39182
1.38491
1.41583
1.40937
1.39674
1.39932
1.4069
1.39472
1.40582
1.39472
1.39219
1.38995
1.38356
1.38034
1.3867
1.37756
1.38616
1.37506
1.38343
1.38168
1.37821
1.37398
1.38136
1.36732
1.36484
1.37784
1.37342
1.37763
1.36897
1.37224
1.36815
1.36639
1.362
1.36064
1.36511
1.36477
1.36317
1.3548
1.359
1.37802
1.37279
1.36694
1.36994
1.36793
1.36437
1.36857
1.36572
1.36497
1.35981
1.36281
1.35133
1.35271
1.36076
1.36386
1.35899
1.35663
1.35221
1.34757
1.64162
1.63938
1.64898
1.65829
1.65179
1.6525
1.65401
1.65072
1.6468
1.64628
1.64122
1.64344
1.64691
1.64122
1.64122
1.65547
1.64936
1.65159
1.64808
1.64398
1.64122
1.64199
1.64122
1.64108
1.63108
1.63914
1.64078
1.63204
1.63524
1.62651
1.61718
1.62273
1.61806
1.6349
1.62926
1.62798
1.63599
1.62749
1.62339
1.62244
1.6189
1.61639
1.62213
1.61581
1.64914
1.65011
1.64529
1.64729
1.64903
1.64442
1.64122
1.64122
1.64087
1.64006
1.64122
1.63811
1.63771
1.64816
1.64213
1.6468
1.64187
1.64122
1.63799
1.64117
1.63625
1.63104
1.62842
1.62985
1.63309
1.62605
1.62659
1.62174
1.6133
1.62346
1.62196
1.61475
1.63104
1.62402
1.62747
1.62347
1.62179
1.62176
1.61559
1.61487
1.6226
1.6144
1.56363
1.55977
1.60859
1.60374
1.60729
1.60374
1.59848
1.58928
1.6001
1.58926
1.60681
1.60663
1.60227
1.60265
1.6053
1.60221
1.59893
1.59989
1.58785
1.59224
1.59407
1.58118
1.57925
1.57761
1.57268
1.57859
1.5703
1.56603
1.55717
1.56368
1.55687
1.57517
1.57006
1.57382
1.57188
1.56779
1.56926
1.56068
1.55587
1.56083
1.56535
1.55385
1.60415
1.60186
1.60399
1.6021
1.59052
1.57594
1.59024
1.57596
1.60408
1.60374
1.6015
1.60374
1.60374
1.60093
1.60081
1.58985
1.57562
1.59607
1.58639
1.57429
1.57151
1.56598
1.57161
1.56554
1.56001
1.55985
1.55161
1.55339
1.55983
1.54597
1.54892
1.57077
1.56415
1.57001
1.56377
1.55834
1.54878
1.55662
1.54767
1.64444
1.64193
1.64436
1.64352
1.64122
1.64119
1.6368
1.63871
1.63104
1.64166
1.64122
1.64215
1.64177
1.64122
1.64122
1.64122
1.64122
1.63657
1.63959
1.63282
1.63117
1.63851
1.63057
1.62942
1.6255
1.62347
1.62673
1.62312
1.62458
1.62373
1.62347
1.62347
1.62131
1.6083
1.61872
1.60469
1.64122
1.64122
1.64117
1.64082
1.63764
1.64122
1.64122
1.64122
1.63939
1.64122
1.63668
1.6345
1.63236
1.63305
1.63067
1.63094
1.63104
1.62853
1.62759
1.64122
1.64122
1.64122
1.64
1.64122
1.63904
1.63732
1.63905
1.63321
1.62875
1.63262
1.63325
1.62901
1.6308
1.6351
1.62938
1.63668
1.63271
1.62832
1.62618
1.62515
1.62347
1.62264
1.62096
1.62464
1.62536
1.62347
1.62256
1.6254
1.62347
1.62286
1.62347
1.62274
1.61906
1.60729
1.62145
1.62113
1.60553
1.60612
1.61853
1.60374
1.62347
1.62347
1.62281
1.62312
1.62347
1.62347
1.62166
1.61663
1.60374
1.62121
1.61189
1.60794
1.60374
1.60374
1.6437
1.64198
1.64085
1.63478
1.63037
1.62796
1.62347
1.62656
1.62347
1.62056
1.60867
1.62213
1.61166
1.6232
1.62164
1.60847
1.60374
1.60374
1.59477
1.5728
1.60223
1.60122
1.58282
1.60057
1.60031
1.59035
1.57846
1.5728
1.56737
1.5712
1.5728
1.56849
1.56735
1.59811
1.58003
1.60037
1.59915
1.58382
1.57622
1.60121
1.58953
1.5728
1.5728
1.56449
1.57214
1.56473
1.56315
1.5712
1.56416
1.56032
1.55604
1.56095
1.55556
1.54715
1.53219
1.52536
1.55572
1.54157
1.55695
1.55856
1.54914
1.54842
1.55553
1.54567
1.52627
1.52536
1.53224
1.53206
1.52536
1.52536
1.53111
1.52536
1.60325
1.59857
1.60374
1.59957
1.58328
1.57833
1.57153
1.57235
1.58536
1.57062
1.60374
1.59636
1.60081
1.59288
1.57431
1.56988
1.5728
1.56895
1.56819
1.56738
1.5627
1.56481
1.56436
1.55786
1.55832
1.55479
1.54519
1.54764
1.5513
1.53322
1.54145
1.56493
1.55651
1.56351
1.5555
1.54705
1.53093
1.54018
1.52817
1.57265
1.56915
1.56282
1.55724
1.54119
1.52793
1.53039
1.52638
1.42234
1.42222
1.41826
1.41629
1.55055
1.53395
1.52902
1.52788
1.49967
1.51583
1.52568
1.49902
1.51904
1.49183
1.47549
1.47699
1.46473
1.46724
1.47451
1.4624
1.46339
1.45843
1.43686
1.45672
1.44774
1.43586
1.42566
1.46784
1.46148
1.46645
1.46006
1.44566
1.41932
1.44045
1.41885
1.45865
1.4415
1.41922
1.43345
1.41408
1.43107
1.4168
1.41626
1.54713
1.53818
1.544
1.53158
1.52659
1.54243
1.52992
1.53796
1.5272
1.51992
1.48595
1.509
1.479
1.46784
1.46547
1.46235
1.53589
1.52536
1.53541
1.53982
1.52536
1.51576
1.47354
1.50548
1.4741
1.52794
1.53779
1.52396
1.52782
1.5357
1.51204
1.49411
1.46784
1.48463
1.46784
1.46499
1.46082
1.46565
1.46144
1.45604
1.45384
1.46402
1.45301
1.46168
1.44944
1.43813
1.4303
1.43846
1.43022
1.40523
1.39472
1.40551
1.40683
1.39459
1.39437
1.38521
1.37466
1.3839
1.38062
1.37501
1.37085
1.40508
1.39459
1.39915
1.39472
1.37825
1.37036
1.37622
1.36833
1.36736
1.36587
1.36598
1.365
1.36924
1.36664
1.36195
1.35194
1.34837
1.35449
1.36654
1.36493
1.3668
1.40663
1.39403
1.40388
1.39472
1.37531
1.36924
1.37503
1.37078
1.4067
1.3933
1.40719
1.39211
1.37454
1.37417
1.36578
1.35565
1.34836
1.34382
1.35091
1.34671
1.34987
1.34031
1.36459
1.35692
1.3645
1.36059
1.34935
1.34776
1.34765
1.33967
1.35563
1.35055
1.33787
1.33377
1.36649
1.3686
1.36633
1.36858
1.36729
1.36857
1.36721
1.36404
1.3598
1.3646
1.35883
1.35289
1.35426
1.34768
1.34434
1.35239
1.3468
1.34656
1.33177
1.33104
1.36408
1.3595
1.35206
1.36386
1.35957
1.35205
1.3482
1.34006
1.3501
1.34216
1.33077
1.33024
1.41907
1.41489
1.45051
1.43836
1.43084
1.42636
1.43148
1.42419
1.52536
1.49344
1.46599
1.46477
1.46684
1.46167
1.50867
1.51925
1.468
1.47601
1.49902
1.46784
1.46655
1.46784
1.46242
1.46161
1.46747
1.46179
1.45565
1.43545
1.45348
1.43512
1.43084
1.42572
1.43026
1.4243
1.45003
1.44878
1.43461
1.43454
1.44945
1.43516
1.43084
1.43084
1.42679
1.42742
1.43084
1.42915
1.52547
1.5313
1.51337
1.52672
1.53043
1.50721
1.47934
1.46571
1.47543
1.46784
1.52536
1.5162
1.52536
1.49745
1.47583
1.46593
1.46784
1.46554
1.46024
1.45489
1.45996
1.44931
1.43696
1.42946
1.43607
1.4312
1.4607
1.45253
1.4547
1.44414
1.43191
1.43084
1.43338
1.52536
1.49927
1.52536
1.49371
1.46784
1.46716
1.47262
1.46051
1.4088
1.39343
1.40915
1.3963
1.37396
1.37449
1.40985
1.39132
1.41406
1.39551
1.37269
1.36852
1.37283
1.36799
1.36542
1.41215
1.39435
1.41195
1.40123
1.37269
1.36833
1.38168
1.36823
1.41239
1.4117
1.41736
1.41143
1.40667
1.40638
1.41776
1.40167
1.39826
1.37463
1.38916
1.38234
1.36914
1.37019
1.38906
1.36966
1.36435
1.35816
1.36542
1.36064
1.35078
1.35381
1.35054
1.36759
1.36644
1.36613
1.36597
1.36317
1.35724
1.36629
1.3634
1.35532
1.3532
1.35103
1.35323
1.34784
1.34737
1.34776
1.36857
1.36736
1.36853
1.36685
1.36901
1.36651
1.36698
1.36312
1.35869
1.35309
1.36124
1.35422
1.34652
1.35235
1.34328
1.34811
1.35212
1.34028
1.32981
1.32809
1.36542
1.35434
1.36333
1.35465
1.35507
1.35147
1.33703
1.35419
1.35131
1.3511
1.34198
1.32556
1.36273
1.35387
1.34691
1.35084
1.32596
1.35022
1.342
1.33215
1.34227
0.647605
0.644258
0.656609
0.652542
0.644567
0.644513
0.644153
0.640958
0.625838
0.642572
0.631021
0.629717
0.619152
0.625606
0.665436
0.661787
0.650353
0.665769
0.658671
0.644503
0.652724
0.644258
0.647905
0.644258
0.655685
0.662651
0.657628
0.643531
0.638883
0.641367
0.61016
0.608258
0.608262
0.600214
0.608296
0.598841
0.668452
0.65433
0.667528
0.662516
0.655349
0.669087
0.663155
0.651033
0.655612
0.64917
0.655464
0.628445
0.644258
0.633997
0.624669
0.644258
0.63548
0.606633
0.620909
0.6135
0.629133
0.616735
0.610438
0.644258
0.644258
0.623833
0.641981
0.6328
0.618402
0.63679
0.629926
0.6135
0.6135
0.644258
0.644616
0.637072
0.648625
0.60283
0.598365
0.613719
0.619811
0.608805
0.598875
0.614241
0.593415
0.605986
0.598778
0.616559
0.609288
0.601746
0.644744
0.632349
0.65452
0.647826
0.638458
0.624679
0.645089
0.635984
0.616733
0.588159
0.592584
0.605651
0.595382
0.621072
0.632012
0.609799
0.601778
0.615962
0.605569
0.590854
0.59299
0.612638
0.60201
0.625838
0.613481
0.618006
0.622322
0.608218
0.612394
0.606795
0.60854
0.600484
0.601717
0.633628
0.625838
0.643644
0.637708
0.639421
0.631293
0.61504
0.618048
0.624018
0.614411
0.619298
0.61238
0.608476
0.610065
0.600484
0.601878
0.605467
0.600945
0.599905
0.599178
0.593056
0.595738
0.595797
0.589367
0.593872
0.591348
0.584359
0.588577
0.59236
0.598273
0.58901
0.593319
0.588163
0.579972
0.595223
0.581283
0.577463
0.572407
0.577579
0.567938
0.574205
0.589582
0.580079
0.583998
0.575228
0.576055
0.578252
0.569826
0.573206
0.567094
0.570933
0.564492
0.565781
0.567349
0.568362
0.557421
0.565551
0.565214
0.557219
0.557201
0.608685
0.60202
0.599151
0.5985
0.598427
0.589934
0.597235
0.588199
0.590293
0.585654
0.579727
0.585351
0.576877
0.579256
0.59847
0.591705
0.600118
0.596192
0.585367
0.589166
0.586296
0.587712
0.581519
0.583646
0.573936
0.573433
0.566713
0.574166
0.56833
0.560421
0.562994
0.575001
0.570731
0.577872
0.573284
0.563972
0.56646
0.568347
0.565779
0.56501
0.559409
0.586803
0.577183
0.59225
0.578942
0.574452
0.589961
0.574026
0.568892
0.561074
0.557201
0.557201
0.555328
0.577436
0.569975
0.579113
0.572806
0.565534
0.574544
0.568256
0.566405
0.558139
0.555401
0.560416
0.557427
0.557175
0.557201
0.554404
0.555308
0.546917
0.557201
0.556281
0.551997
0.553196
0.550956
0.546917
0.547318
0.553039
0.546917
0.546917
0.546917
0.546917
0.546917
0
0
0.546917
0.582871
0.585098
0.576106
0.569108
0.581563
0.572206
0.585927
0.58854
0.555406
0.553471
0.557872
0.558377
0.560847
0.546917
0.546917
0.546917
0
0
0
0
0
0.546917
0.547451
0.552804
0.546917
0
0
0
0.553411
0.5495
0.555049
0.550695
0.547809
0.551858
0.549475
0
0
0
0
1.65136
1.65136
1.65196
1.65202
1.65136
1.65136
1.65163
1.6518
1.65136
1.65136
1.65049
1.64897
1.65095
1.65043
1.64938
1.64872
1.64694
1.64575
1.64631
1.64279
1.64325
1.6461
1.6463
1.64285
1.64418
1.64552
1.6418
1.64235
1.65027
1.65057
1.64991
1.64906
1.64878
1.64741
1.64726
1.65114
1.65025
1.64996
1.64996
1.64743
1.64795
1.64538
1.64474
1.6424
1.64167
1.6443
1.64469
1.64206
1.64206
1.64053
1.65136
1.65144
1.65136
1.65136
1.65142
1.65136
1.65136
1.65136
1.65079
1.65086
1.65054
1.64933
1.64912
1.64737
1.64659
1.65031
1.65027
1.64962
1.64889
1.64993
1.64731
1.64649
1.64475
1.64411
1.64121
1.64122
1.64482
1.64356
1.64122
1.64122
1.64039
1.64042
1.64996
1.64996
1.64805
1.64786
1.6458
1.64996
1.64811
1.64697
1.64607
1.64458
1.64207
1.64422
1.64304
1.64122
1.64122
1.64476
1.64474
1.64122
1.64248
1.64122
1.64329
1.64122
1.63996
1.64039
1.63657
1.63596
1.63899
1.63492
1.6408
1.63973
1.63942
1.63451
1.63461
1.63207
1.63207
1.62783
1.62784
1.63179
1.62765
1.6304
1.63031
1.62762
1.62595
1.62863
1.62659
1.63907
1.63883
1.63524
1.63563
1.64034
1.64065
1.63228
1.63663
1.63249
1.63345
1.63768
1.63878
1.63234
1.63301
1.62967
1.62938
1.62581
1.62606
1.6286
1.62874
1.62639
1.62567
1.62494
1.62649
1.62215
1.62328
1.62556
1.62182
1.6216
1.62406
1.62347
1.62249
1.62347
1.61796
1.60753
1.61653
1.61727
1.60758
1.60887
1.61681
1.60451
1.62438
1.62127
1.62195
1.61657
1.61508
1.60375
1.60319
1.62452
1.62347
1.62272
1.62299
1.62347
1.62347
1.62289
1.62232
1.61937
1.61906
1.61746
1.61448
1.60418
1.60536
1.61053
1.60359
1.61864
1.61234
1.61085
1.60006
1.60271
1.64096
1.64086
1.64081
1.63774
1.6386
1.63356
1.63359
1.63685
1.63759
1.6334
1.63328
1.62963
1.63003
1.62495
1.62551
1.62992
1.62926
1.62571
1.62527
1.6391
1.64026
1.63577
1.63369
1.64104
1.63961
1.63712
1.63969
1.63844
1.63393
1.63433
1.63116
1.63052
1.63061
1.6274
1.62643
1.63634
1.63113
1.63266
1.62783
1.62947
1.62491
1.62468
1.62798
1.62479
1.62476
1.62347
1.62347
1.62285
1.62261
1.62347
1.62095
1.62179
1.62347
1.62347
1.62305
1.62323
1.62347
1.62157
1.62143
1.6149
1.61384
1.60188
1.60165
1.60923
1.61056
1.60249
1.60199
1.62351
1.62347
1.62347
1.62259
1.62163
1.61858
1.61613
1.62347
1.62347
1.62205
1.62225
1.61419
1.60877
1.6082
1.60142
1.60151
1.61111
1.61484
1.60462
1.60297
1.60676
1.5991
1.59222
1.59455
1.57972
1.57363
1.59585
1.5929
1.58344
1.5777
1.59034
1.57557
1.56948
1.56715
1.56122
1.55751
1.56763
1.5562
1.56619
1.55607
1.59192
1.59388
1.57629
1.57474
1.56588
1.56874
1.55582
1.55576
1.59156
1.58902
1.57536
1.5728
1.58867
1.5728
1.5728
1.58557
1.58467
1.57422
1.5728
1.56803
1.55598
1.56437
1.56486
1.55418
1.55375
1.56372
1.56384
1.55337
1.55454
1.55249
1.55028
1.54176
1.54098
1.54881
1.53862
1.548
1.53705
1.53243
1.52979
1.52262
1.52536
1.52809
1.5202
1.52407
1.52711
1.5215
1.5464
1.54542
1.53613
1.53472
1.52824
1.52585
1.5213
1.52069
1.54503
1.53466
1.54326
1.54288
1.5334
1.53242
1.54301
1.54306
1.53247
1.5321
1.52755
1.52081
1.52536
1.52425
1.52258
1.52101
1.52536
1.52536
1.5182
1.52475
1.53594
1.53062
1.52536
1.51701
1.52332
1.58124
1.5806
1.5728
1.57247
1.57999
1.58817
1.57206
1.57191
1.56586
1.56478
1.55414
1.5555
1.56405
1.56427
1.55704
1.55863
1.58661
1.58077
1.5728
1.5728
1.59155
1.5728
1.57349
1.5725
1.57227
1.56579
1.56601
1.55643
1.55757
1.56278
1.56347
1.55702
1.55739
1.54536
1.54917
1.54412
1.54541
1.53306
1.5286
1.52536
1.522
1.54714
1.54786
1.54784
1.54829
1.54813
1.55022
1.53947
1.5365
1.52871
1.52695
1.53715
1.53547
1.52536
1.52718
1.52536
1.52536
1.51153
1.51361
1.52536
1.52536
1.52227
1.52171
1.53655
1.54111
1.52971
1.52765
1.53673
1.52933
1.52536
1.52536
1.52536
1.52069
1.51027
1.52536
1.52536
1.51205
1.51312
1.64118
1.64029
1.63515
1.63586
1.63199
1.63104
1.63089
1.62832
1.62778
1.63051
1.62615
1.62554
1.6301
1.62721
1.62347
1.62347
1.62347
1.62225
1.62233
1.62347
1.62347
1.62211
1.62332
1.62347
1.62146
1.61963
1.61379
1.60358
1.61719
1.61508
1.60356
1.60325
1.61117
1.60282
1.60127
1.62347
1.62125
1.61777
1.6122
1.60249
1.6028
1.61013
1.60462
1.59922
1.58619
1.5728
1.58007
1.58308
1.5728
1.5728
1.57116
1.56929
1.56833
1.56209
1.55948
1.57967
1.58551
1.5728
1.57265
1.5728
1.57115
1.57711
1.5728
1.56726
1.56599
1.55756
1.56489
1.56014
1.55559
1.55685
1.56773
1.559
1.55574
1.601
1.5728
1.57222
1.56821
1.56876
1.56159
1.56374
1.56502
1.56045
1.55056
1.53511
1.52732
1.52536
1.54832
1.53087
1.54422
1.54682
1.52985
1.53229
1.54919
1.5479
1.5354
1.53439
1.52536
1.52536
1.52536
1.51069
1.52536
1.52536
1.52536
1.51975
1.51907
1.52536
1.51213
1.55147
1.55305
1.54159
1.53951
1.5504
1.53802
1.52922
1.52658
1.52536
1.52536
1.52825
1.51746
1.5115
1.51821
1.51339
1.50628
1.51261
1.51453
1.50431
1.50428
1.51078
1.50074
1.50044
1.49349
1.49844
1.49933
1.49213
1.49089
1.49802
1.48983
1.50831
1.50721
1.50168
1.50035
1.49605
1.49471
1.48685
1.48598
1.49273
1.4851
1.51007
1.50035
1.50934
1.50568
1.49844
1.49775
1.50035
1.4986
1.49888
1.49269
1.49133
1.48225
1.48279
1.49131
1.4793
1.48749
1.47642
1.48694
1.48563
1.47641
1.47533
1.48268
1.47276
1.46951
1.46249
1.46764
1.46759
1.46219
1.45936
1.46526
1.4567
1.47868
1.47649
1.46943
1.46784
1.47484
1.46784
1.46508
1.46592
1.45732
1.45772
1.46503
1.45966
1.47145
1.46819
1.46784
1.46784
1.46979
1.46344
1.45011
1.46233
1.45826
1.45319
1.44978
1.45826
1.44824
1.50493
1.50308
1.49563
1.49609
1.48747
1.48532
1.47494
1.46784
1.46784
1.46717
1.46513
1.46322
1.4566
1.4565
1.44535
1.44613
1.50697
1.50035
1.49943
1.49222
1.49481
1.50217
1.49898
1.49338
1.49081
1.48464
1.48548
1.47501
1.47125
1.47953
1.48053
1.46784
1.46784
1.50024
1.49754
1.4909
1.48941
1.49786
1.49604
1.48086
1.48362
1.47132
1.46999
1.46784
1.46754
1.46784
1.46784
1.46784
1.46784
1.46656
1.46784
1.46119
1.4592
1.46741
1.4669
1.45736
1.45615
1.45154
1.44912
1.44145
1.43978
1.44549
1.44387
1.43819
1.43698
1.46312
1.46245
1.45639
1.45397
1.46157
1.46016
1.44932
1.44612
1.44486
1.44247
1.4335
1.43334
1.44041
1.43907
1.43326
1.43241
1.4551
1.4482
1.45245
1.45222
1.44505
1.4447
1.44974
1.44301
1.44249
1.43529
1.43207
1.4411
1.43802
1.43535
1.43254
1.43667
1.43227
1.44752
1.44519
1.44159
1.44068
1.43451
1.43256
1.43139
1.4297
1.44381
1.43814
1.44221
1.44262
1.43606
1.43397
1.44068
1.43329
1.43202
1.42833
1.4325
1.4307
1.42953
1.42693
1.42992
1.42506
1.42234
1.42816
1.42707
1.42313
1.42539
1.42681
1.42271
1.42785
1.42418
1.42234
1.42234
1.42181
1.41959
1.41732
1.42032
1.41885
1.41453
1.41947
1.42009
1.4163
1.41624
1.4259
1.42504
1.42293
1.42234
1.41919
1.41402
1.42454
1.42234
1.42558
1.42383
1.42119
1.42134
1.42234
1.42234
1.42081
1.41866
1.41792
1.41624
1.41276
1.41056
1.41886
1.41785
1.41233
1.40579
1.41489
1.41195
1.40866
1.40792
1.44164
1.43941
1.43122
1.43241
1.43058
1.42954
1.42655
1.42431
1.42186
1.41956
1.42384
1.41915
1.41149
1.41538
1.41014
1.40652
1.40305
1.39861
1.40408
1.3998
1.39622
1.3942
1.39957
1.40691
1.40698
1.40039
1.39708
1.39626
1.39589
1.39068
1.38064
1.39423
1.38636
1.37338
1.36987
1.43549
1.43316
1.43084
1.43084
1.4313
1.43084
1.43079
1.43055
1.42925
1.42885
1.42524
1.42372
1.42783
1.42535
1.42435
1.42297
1.43084
1.43084
1.42827
1.42788
1.43084
1.43084
1.42625
1.42707
1.42345
1.42353
1.42003
1.41989
1.42254
1.42271
1.4201
1.41699
1.42234
1.41984
1.41764
1.4177
1.42021
1.4197
1.41308
1.41301
1.41248
1.41157
1.40956
1.4069
1.41685
1.41391
1.40977
1.40586
1.41237
1.41323
1.40647
1.40415
1.40125
1.51124
1.49522
1.49257
1.47926
1.47197
1.49496
1.49417
1.47637
1.46974
1.49719
1.47225
1.46784
1.46784
1.465
1.46207
1.46784
1.46784
1.464
1.46377
1.46784
1.46465
1.49063
1.46784
1.49648
1.49016
1.47387
1.46952
1.4938
1.46784
1.46784
1.46324
1.46654
1.46675
1.46239
1.46274
1.46752
1.4609
1.48563
1.47047
1.46784
1.46199
1.45705
1.45826
1.44393
1.44339
1.45512
1.45258
1.44092
1.43996
1.45449
1.44237
1.43501
1.43283
1.43071
1.43084
1.43157
1.43179
1.43078
1.42921
1.43128
1.43084
1.4486
1.43503
1.45582
1.45227
1.43849
1.43674
1.4484
1.43508
1.43084
1.42785
1.43084
1.43189
1.43033
1.42969
1.43084
1.4284
1.45203
1.43941
1.43084
1.42974
1.4921
1.4752
1.46784
1.46564
1.45756
1.44532
1.43834
1.43199
1.42234
1.4171
1.41029
1.39172
1.42756
1.42751
1.42408
1.42234
1.42593
1.42397
1.42028
1.41965
1.42666
1.42116
1.40352
1.41947
1.41577
1.41172
1.41084
1.4156
1.40994
1.40456
1.39657
1.41283
1.40859
1.41801
1.40933
1.42451
1.42174
1.41534
1.4133
1.42176
1.39144
1.39537
1.37895
1.37406
1.40348
1.40824
1.39671
1.42649
1.374
1.36838
1.36507
1.3596
1.39505
1.37554
1.40512
1.39712
1.39712
1.38099
1.38595
1.37858
1.37234
1.36851
1.36851
1.36508
1.3659
1.37648
1.37064
1.368
1.36735
1.36848
1.36663
1.36339
1.36086
1.36857
1.36851
1.36773
1.36536
1.37442
1.3664
1.36455
1.36192
1.35873
1.35205
1.36209
1.35939
1.35419
1.35314
1.35445
1.34682
1.42813
1.42707
0.550469
0.555895
0.5522
0.562298
0.556533
0.553255
0.546917
0.554434
0.54884
0.546917
0.546917
0.546917
0
0
0
0.546917
0
0
0
0.546917
0
0.564387
0.572709
0.565688
0.558605
0.560231
0.55394
0.55223
0.562932
0.55862
0.553087
0.578375
0.570065
0.578041
0.568422
0.564314
0.563524
0.563516
0.5585
0.554033
0.561377
0.55472
0.54819
0.548709
0.549795
0.550034
0
0
0
0
0.549498
0
0.589025
0.591866
0.583299
0.587659
0.589319
0.592085
0.591326
0.599659
0.611564
0.590343
0.600666
0.60209
0.605711
0.608466
0.60768
0.61078
0.610013
0.622593
0.61658
0.626283
0.623479
0.628374
0.63617
0.625009
0.636356
0.65441
0.673267
0.629834
0.640801
0.634567
0.646331
0.639566
0.650919
0.659744
0.671344
0.664363
0.675995
0.663036
0.67512
0.644459
0.655573
0.667844
0.680907
0.687268
0.704438
0.718952
0.743577
0.74174
0.716065
0.72246
0.736481
0.684452
0.695378
0.693842
0.713164
0.685001
0.720187
0.738405
0.697272
0.711081
0.694687
0.717831
0.725383
0.743728
0.724997
0.74375
0.733306
0.745296
0.599323
0.602121
0.60768
0.605286
0.60768
0.610581
0.617653
0.613507
0.620895
0.627546
0.629107
0.627546
0.613337
0.620534
0.61868
0.624662
0.61868
0.624953
0.627546
0.627889
0.629899
0.633156
0.642606
0.628882
0.635896
0.632624
0.642654
0.636078
0.641915
0.638087
0.646718
0.628573
0.635734
0.642604
0.639885
0.645705
0.637899
0.647492
0.654851
0.650566
0.647382
0.659489
0.654774
0.663113
0.662595
0.669094
0.668746
0.685195
0.670119
0.679186
0.68889
0.672367
0.693529
0.654787
0.658
0.665438
0.663406
0.668381
0.663406
0.670486
0.67919
0.691714
0.681058
0.693947
0.698425
0.717528
0.708212
0.718939
0.70828
0.723746
0.723555
0.731298
0.745774
0.735348
0.750046
0.707694
0.722923
0.706444
0.721843
0.73874
0.753072
0.739791
0.755096
0.658197
0.66726
0.659186
0.665711
0.663406
0.666312
0.676503
0.683113
0.70123
0.67776
0.687161
0.701484
0.691528
0.698366
0.660984
0.66968
0.673906
0.674487
0.685352
0.699579
0.685971
0.700475
0.686317
0.699328
0.709409
0.715034
0.727279
0.724045
0.733689
0.714471
0.73524
0.744095
0.753724
0.766084
0.751738
0.765596
0.752745
0.77308
0.714332
0.721819
0.7153
0.734147
0.709601
0.724174
0.734371
0.749206
0.759082
0.743724
0.758788
0.748313
0.76274
0.721724
0.732405
0.750486
0.766779
0.775091
0.760924
0.781227
0.793341
0.783715
0.736036
0.732698
0.735052
0.73087
0.728672
0.720798
0.725421
0.72309
0.717952
0.72035
0.744874
0.741208
0.743373
0.734285
0.739526
0.747088
0.745782
0.741184
0.732564
0.73703
0.745158
0.740608
0.731652
0.736764
0.743188
0.740435
0.729202
0.734792
0.732095
0.733964
0.727385
0.729598
0.72853
0.724503
0.720825
0.725865
0.715339
0.715995
0.718818
0.712655
0.715444
0.726892
0.717575
0.721549
0.724636
0.717586
0.721802
0.71614
0.711814
0.713608
0.709655
0.718841
0.741476
0.739144
0.727604
0.73146
0.737113
0.73029
0.723933
0.727921
0.716495
0.719424
0.723656
0.725152
0.719485
0.720192
0.713672
0.710582
0.711683
0.709412
0.715563
0.714504
0.727839
0.723152
0.716263
0.717837
0.719829
0.717165
0.710582
0.708817
0.712574
0.714534
0.709913
0.710922
0.713607
0.708017
0.708611
0.710398
0.711216
0.708216
0.708668
0.717834
0.713752
0.715141
0.713301
0.708907
0.711651
0.704308
0.7063
0.702708
0
0.711569
0.707746
0.709073
0.710766
0.706681
0.70763
0.703755
0
0
0
0
0.709054
0.705972
0.707014
0
0
0
0
0.707557
0
0.707279
0
0.706443
0
0
0
0
0
0
0.707633
0
1.02274
1.03952
1.02869
1.04677
1.16421
1.09722
1.13597
1.0648
1.17781
1.10283
1.14748
1.07579
1.11262
1.15788
1.06204
1.09173
1.1058
1.11282
1.07208
1.08823
1.09826
1.2064
1.34708
1.28175
1.20804
1.22771
1.26081
1.34859
1.31889
1.35213
1.2458
1.22947
1.26381
1.19228
1.20008
1.17253
1.18325
1.19273
1.15229
1.17424
1.20894
1.22179
1.21568
1.20043
1.22033
1.21568
1.18419
1.18157
1.13201
1.06297
1.07513
1.119
1.09692
1.10854
1.08055
1.09022
1.0686
1.08234
1.14387
1.16042
1.14043
1.15472
1.22146
1.19554
1.21068
1.17938
1.21933
1.19017
1.20678
1.17312
1.12821
1.12312
1.13796
1.10373
1.18471
1.19554
1.14649
1.16715
1.1784
1.13996
1.15603
1.18756
1.17033
1.11767
1.12993
1.09699
1.10561
1.12604
1.07136
1.08389
1.09549
1.13922
0.794023
0.832386
0.815469
0.844433
0.947474
0.960319
0.992516
0.97649
0.991575
0.965524
0.967857
0.872584
0.911777
0.856335
0.891159
0.918674
0.864578
0.876836
0.954191
0.956361
0.996026
0.965524
0.979208
0.836847
0.854265
0.936036
0.893281
0.950594
0.866322
0.918543
0.957756
0.967978
0.964982
0.986549
0.971644
0.956439
0.754436
0.763598
0.747133
0.764528
0.764528
0.75731
0.764528
0.76973
0.777325
0.797812
0.764528
0.749042
0.759717
0.764528
0.773992
0.816427
0.76902
0.828362
0.834813
0.78357
0.834813
0.756642
0.764528
0.752637
0.764328
0.764528
0.762461
0.767419
0.764528
0.775329
0.779966
0.767322
0.848324
0.851858
0.882654
0.83848
0.995698
0.965524
0.97933
0.948306
0.962218
0.977484
0.99186
0.967601
0.984604
0.987557
0.969854
0.980995
0.770503
0.838365
0.786213
0.834813
0.775329
0.816143
0.834813
0.834813
0.860483
0.896078
0.858437
0.876521
0.943809
0.859442
0.900171
0.96056
0.963452
0.951885
0.83947
0.847079
0.87665
0.845009
0.95968
0.965245
0.92072
0.946328
0.971162
0.955094
0.957789
0.94172
0.951575
0.886474
0.923884
0.886748
0.912169
0.919008
0.907246
0.928225
0.925714
0.917132
1.01354
1.01531
1.029
1.02402
1.02727
1.00187
1.03018
1.04688
1.01417
1.04347
1.0586
1.02745
1.04032
1.04496
1.01325
1.02874
1.05962
1.0586
1.00296
1.00081
1.0443
1.01402
1.01979
1.05096
1.05848
1.0272
1.04601
1.05737
1.01157
1.02889
0.990341
1.00941
0.982638
0.994455
1.00888
0.986001
0.996834
1.07483
0.969468
1.18362
1.15569
1.17371
1.15189
1.16715
1.12186
1.08845
1.09025
1.1137
1.08272
1.09428
1.13711
1.12758
1.14292
1.10464
1.15949
1.12535
1.14205
1.0888
1.10374
1.1232
1.13926
1.10276
1.12118
0.956697
0.936122
0.94657
0.957439
0.937968
0.925015
0.930651
0.896799
0.910614
0.911505
0.922832
0.886386
0.893032
0.927349
0.907672
0.917645
0.893691
0.899564
0.90748
0.881233
0.887508
1.0444
1.05
1.00963
1.01797
1.03761
1.04354
1.01529
1.03149
1.00584
0.981108
0.984389
1.00494
0.9777
0.981952
1.00963
1.00931
1.01632
0.992625
1.02763
1.00255
1.01303
0.980004
0.982638
0.995346
1.00931
0.982638
1.00295
1.06443
1.05314
1.07362
1.04566
1.0572
1.07013
1.04051
1.05409
1.0664
1.03785
1.05359
1.08584
1.07875
1.09468
1.06456
1.02259
1.01347
1.03603
1.00947
0.968206
0.961743
0.962905
0.949397
0.955923
0.97061
0.94496
0.956869
0.96543
0.944105
0.939702
0.982638
0.977055
0.985126
0.958356
0.921262
0.917264
0.92015
0.895408
1.11541
1.08315
1.09442
1.04772
1.06003
1.07329
1.0925
1.05409
1.07124
1.01784
1.03218
0.99348
0.996083
1.01478
1.02477
0.996476
1.00742
1.0492
1.04072
1.05619
1.02403
1.03893
1.05204
1.0087
1.01521
1.03462
0.967083
0.981612
0.932011
0.951734
0.972974
0.982638
0.960597
0.965935
0.912952
0.916742
0.876423
0.894703
0.898319
0.867323
0.876882
0.911513
0.886885
0.934399
0.929713
0.942806
0.897484
0.875248
0.880498
0.965324
0.916719
0.945198
0.882768
0.922754
0.888741
0.900321
0.982638
0.982638
0.985775
0.981006
0.982638
0.992761
0.979118
0.975984
0.981017
1.009
1.01197
0.997628
1.00921
1.03607
1.01687
0.992947
1.00501
0.935766
0.966691
0.921418
0.959731
0.961057
0.915614
0.949983
0.982638
0.985875
0.978335
0.982638
1.40455
1.37645
1.39824
1.3628
1.40751
1.3929
1.40999
1.4139
1.41485
1.41204
1.41295
1.4142
1.38632
1.41235
1.3866
1.41391
1.23706
1.26516
1.24745
1.23827
1.2572
1.24647
1.35396
1.41184
1.29422
1.41693
1.41438
1.42268
1.41617
1.41799
1.41588
1.41414
1.41329
1.42849
1.42126
1.39455
1.41587
1.42369
1.42947
1.41758
1.35975
1.37061
1.4152
1.34738
1.41611
1.23212
1.25584
1.24325
1.23041
1.25151
1.24486
1.27707
1.28938
1.36744
1.25556
1.22995
1.24652
1.25496
1.23125
1.24428
1.27723
1.41906
1.35613
1.27329
1.42171
1.36882
1.26
1.39089
1.37444
1.41812
1.40451
1.40114
1.42092
1.41531
1.40286
1.42445
1.43042
1.39304
1.40896
1.37561
1.4073
1.42028
1.21537
1.21124
1.2153
1.22951
1.42183
1.274
1.29998
1.24346
1.26396
1.28226
1.24904
1.25779
1.41947
1.34183
1.373
1.2618
1.2812
1.42656
1.40488
1.42091
1.42055
1.39291
1.3812
1.42852
1.41969
1.43898
1.42576
1.4306
1.42457
1.37668
1.37345
1.43975
1.42535
1.39974
1.43917
1.43335
1.39796
1.43947
1.40967
1.42155
1.41682
1.38174
1.34121
1.37501
1.37811
1.32246
1.39802
1.40312
1.42869
1.21331
1.23185
1.18085
1.21215
1.23436
1.17833
1.19672
1.24956
1.1748
1.23557
1.20264
1.17445
1.19332
1.25155
1.26448
1.23244
1.25096
1.28557
1.24044
1.26008
1.16319
1.15266
1.17169
1.1408
1.38453
1.40833
1.43976
1.43216
1.38685
1.42896
1.39441
1.43422
1.4208
1.39937
1.40139
1.43768
1.40889
1.39593
1.40265
1.43234
1.40311
1.43534
1.42424
1.19408
1.23679
1.27935
1.25937
1.15874
1.17007
1.13597
1.15408
1.16738
1.13921
1.15137
1.19324
1.23034
1.18284
1.26113
1.24553
1.16342
1.19552
1.17028
1.23309
1.18511
1.36194
1.42739
1.27915
1.3707
1.40693
1.30921
1.42234
1.39128
1.2579
1.40977
1.33102
1.40104
1.3847
1.42759
1.40843
1.42693
1.39759
1.43871
1.42884
1.38498
1.41756
1.27237
1.31893
1.22989
1.27634
1.36412
1.19467
1.2453
1.37249
1.39111
1.4114
1.41575
1.44056
1.43238
1.41886
1.4432
1.40434
1.43488
1.44356
1.417
1.43369
1.44362
1.409
1.4265
1.44123
1.43694
1.43698
1.43101
1.44087
1.43537
1.43955
1.41681
1.43354
1.44401
1.42714
1.43834
1.40734
1.43629
1.42954
1.40182
1.42217
1.41445
1.44482
1.44126
1.40517
1.12151
1.11945
1.13229
1.08665
1.11142
1.1549
1.06652
1.14107
1.08583
1.11275
1.15558
1.17356
1.1307
1.15492
1.17378
1.11864
1.14549
1.15499
1.06477
1.08603
1.05318
1.06291
1.08552
1.05248
1.06509
1.12834
1.14397
1.08679
1.20384
1.26366
1.17041
1.03025
1.04038
1.01517
1.02501
1.00402
0.759369
0.76615
0.764528
0.764528
0.763262
0.764234
0.791209
0.793341
0.765204
0.764528
0.773423
0.773877
0.785472
0.793341
0.778741
0.793341
0.788501
0.793341
0.784435
0.793341
0.795901
0.801461
0.800879
0.821665
0.809487
0.830992
0.839637
0.775329
0.764528
0.773453
0.775329
0.80685
0.78252
0.81289
0.834813
0.815921
0.834813
0.764528
0.775201
0.772914
0.777096
0.786187
0.793341
0.812816
0.837469
0.806502
0.831717
0.863091
0.868265
0.859107
0.854965
0.866153
0.898241
0.903441
0.88145
0.887426
0.889065
0.878574
0.882066
0.869266
0.860023
0.862191
0.849909
0.852187
0.774568
0.781619
0.793341
0.795767
0.821529
0.797653
0.821665
0.815363
0.826299
0.840084
0.814697
0.821665
0.8367
0.833916
0.83987
0.85045
0.83454
0.84013
0.827695
0.828346
0.823973
0.823484
0.816304
0.840084
0.830808
0.830808
0.843408
0.830623
0.823973
0.815163
0.793341
0.793341
0.800006
0.793341
0.795047
0.793341
0.798093
0.807282
0.802613
0.812843
0.830406
0.796599
0.802233
0.819786
0.847015
0.836532
0.869167
0.827593
0.840469
0.864071
0.797753
0.810159
0.839989
0.819101
0.837867
0.823082
0.842456
0.851912
0.889135
0.911171
0.882308
0.912865
0.884197
0.927052
0.925709
0.863343
0.873947
0.8645
0.856426
0.840084
0.844927
0.840084
0.854232
0.88095
0.919643
0.890527
0.8472
0.859558
0.859558
0.859558
0.859558
0.859558
0.859558
0.859558
0.87942
0.891465
0.932218
0.901963
0.931712
0.94381
0.961089
1.02185
1.11666
0.944484
0.868098
0.927365
0.942461
1.15576
1.16175
0.862833
0.86165
0.861208
0.840084
0.840084
0.840084
0.8301
0.840084
0.83829
0.840084
0.840084
0.84964
0.859558
0.859558
0.840084
0.840084
0.849154
0.823818
0.823973
0.822901
0.801207
0.807904
0.815642
0.792567
0.798764
0.805465
0.828049
0.809188
0.788271
0.799347
0.780527
0.785591
0.818815
0.840084
0.807703
0.828544
0.800578
0.796564
0.799992
0.775313
0.773887
0.781709
0.790228
0.76887
0.772827
0.78106
0.860694
1.14237
0.869318
0.939424
0.889966
0.893651
1.17094
1.17006
1.16676
1.17311
1.18366
1.0161
1.19693
1.20403
1.18054
1.19851
1.0483
0.987706
1.15288
0.869318
0.876079
0.875686
0.888365
0.867541
0.88335
0.890333
0.893651
0.896326
0.878785
0.891151
0.893651
0.895419
0.903821
0.900995
1.20279
1.20693
1.05047
1.05753
1.20677
1.21328
1.21285
1.21941
1.22672
1.20357
0.897152
0.904402
0.913002
0.974831
0.904402
0.904859
0.93296
0.936481
0.971538
0.940005
0.920374
0.935958
0.940005
0.859558
0.860124
0.848306
0.859558
0.834844
0.851065
0.804746
0.864968
0.86582
0.859831
0.873733
0.883206
0.893651
0.868098
0.872403
0.884962
0.833335
0.84541
0.798995
0.805939
0.784017
0.796339
0.848194
0.859558
0.868885
0.834855
0.824644
0.861848
0.899119
0.90373
0.893651
0.89897
0.905605
0.904402
0.90947
0.902851
0.904402
0.909684
0.933634
0.911829
0.929139
0.884334
0.893651
0.871915
0.886935
0.904402
0.904482
0.895288
0.904402
0.924377
0.883891
0.868258
0.873813
0.878704
0.861946
0.859209
0.880421
0.855838
0.84582
0.852754
0.852168
0.829371
0.837922
0.869237
0.857766
0.860246
0.848283
0.8745
0.864856
0.870717
0.853677
0.841308
0.847207
0.82407
0.82976
0.83086
0.841944
0.821752
0.827858
0.830808
0.824725
0.827524
0.806663
0.817768
0.816397
0.794353
0.8048
0.802995
0.808685
0.792509
0.801123
0.820548
0.806675
0.816046
0.807995
0.814356
0.801869
0.808966
0.786766
0.78126
0.784733
0.768364
0.775982
0.793729
0.787894
0.790104
0.838518
0.833616
0.857411
0.86755
0.843868
0.852207
0.851646
0.855191
0.836976
0.843279
0.84956
0.82848
0.835626
0.822867
0.823973
0.828972
0.828242
0.81465
0.824668
0.823608
0.83506
0.855068
0.840242
0.845418
0.811074
0.815031
0.825602
0.823973
0.823973
0.811437
0.818308
0.832659
0.832925
0.824484
0.839903
0.831279
0.823973
0.824261
0.805074
0.811782
0.785799
0.795446
0.801618
0.806867
0.785724
0.792361
0.785705
0.766313
0.773699
0.776882
0.767464
0.772619
0.790472
0.799208
0.804146
0.783319
0.787875
0.793285
0.796331
0.786567
0.789148
0.777582
0.762124
0.770406
0.773035
0.762182
0.768574
0.781359
0.77587
0.781229
0.770322
0.805095
0.805067
0.807321
0.792361
0.864461
0.860283
0.867361
0.851615
0.857566
0.866697
0.844369
0.850401
0.874086
0.873897
0.880053
0.86032
0.871579
0.837745
0.846197
0.849179
0.893841
0.917886
0.878704
0.849234
0.869933
0.78786
0.795343
0.779136
0.785429
0.77287
0.781389
0.768169
0.773131
0.77083
0.775784
0.76014
0.76694
0.759583
0.764116
0.753824
0.755427
0.774499
0.757602
0.762656
0.763653
0.76923
0.756777
0.761195
0.782813
0.752695
0.754999
0.748717
0.748369
0.746727
0.742805
0.786587
0.780735
0.77315
0.741887
0.743756
0.735557
0.739947
0.754503
0.759439
0.745549
0.749385
0.746535
0.74144
0.732957
0.734699
0.728311
0.72877
0.739082
0.742581
0.734118
0.735243
0.735155
0.73163
0.741089
0.745362
0.734575
0.740157
0.731043
0.72384
0.72492
0.766801
0.765906
0.752836
0.761004
0.760901
0.768463
0.746925
0.750122
0.737316
0.741363
0.753116
0.757321
0.74421
0.747868
0.741343
0.761843
0.752375
0.757205
0.752468
0.749253
0.755689
0.752247
0.75692
0.761468
0.749999
0.850552
0.876204
0.88857
0.866962
0.879065
0.774678
0.779778
0.793331
0.8277
0.786974
0.796817
0.762569
0.772148
0.7526
0.756692
0.761725
0.746165
0.753483
0.781947
0.773146
0.781073
0.795508
0.78459
0.756927
0.743896
0.748713
0.742438
0.762761
0.774412
0.757086
0.758866
0.772447
0.749734
0.861924
0.875519
0.868102
0.840535
0.864813
0.8914
0.897122
0.891732
0.904237
0.883276
0.892713
0.880665
0.840833
0.85432
0.807913
0.84967
0.82184
0.843594
0.798995
0.872478
0.890792
0.863045
0.790204
0.798751
0.789199
0.856827
0.866802
0.823801
0.843116
0.839593
0.809424
0.838079
0.863125
0.871353
0.859452
0.872277
0.849838
0.871747
0.842861
0.837477
0.838616
0.812516
0.830354
0.854396
0.865741
0.850346
0.866245
0.847246
0.863106
0.840671
0.812423
0.829475
0.802423
0.813858
0.808623
0.815665
0.797433
0.847663
0.778257
0.785015
0.773849
0.755993
0.76369
0.749873
0.757117
0.762608
0.744625
0.754236
0.784399
0.771623
0.777277
0.756447
0.765017
0.75068
0.760314
0.744156
0.752692
0.750797
0.75813
0.735571
0.808934
0.838908
0.795076
0.798362
0.787995
0.796196
1.23301
1.26277
1.25491
1.28042
1.27307
1.28405
1.28718
1.29718
1.05987
1.14939
0.941289
0.963121
0.958596
0.966982
1.17718
1.24779
0.966982
0.994022
1.0342
1.29593
1.30047
1.30304
1.31063
1.30963
1.34126
1.32908
1.34179
1.3558
1.29251
1.33158
1.06274
1.07519
1.05554
1.25277
1.35963
1.31959
1.35963
1.35452
1.23624
1.30934
1.35963
0.940005
0.955579
0.9376
0.947178
0.980753
1.01131
0.990214
1.02225
0.981155
0.997694
0.924574
0.939015
0.913939
0.940005
0.962444
0.987005
0.944458
0.979515
0.93398
0.940005
0.96824
1.00032
1.09255
1.11101
1.04175
1.0744
1.04102
1.03531
1.06771
1.08826
1.21105
1.08274
1.10825
1.0177
1.05065
1.01547
1.04392
1.08177
1.11083
1.08805
1.10381
1.07735
1.10519
1.02528
1.05246
1.07534
1.39772
1.40576
1.41195
1.41447
1.3578
1.36822
1.36196
1.35415
1.35963
1.3185
1.34321
1.35574
1.33056
1.35867
1.35764
1.37729
1.37433
1.36259
1.34982
1.37826
1.36739
1.36216
1.32813
1.3472
1.34453
1.36549
1.37096
1.36884
1.36831
1.35345
1.35966
1.37348
1.35566
1.36414
1.37813
1.38376
1.38122
1.38709
1.39496
1.35897
1.3721
1.3778
1.38561
1.3658
1.37244
1.38602
1.4086
1.40212
1.40946
1.23687
1.35732
1.29665
1.30256
1.27832
1.2618
1.26937
1.28911
1.3055
1.31654
1.29292
1.30745
1.20618
1.37177
1.13268
1.1589
1.36144
1.36179
1.215
1.24343
1.24278
1.16448
1.33158
1.12401
1.16196
1.13368
1.1589
1.12709
1.15568
1.1231
1.14533
1.17783
1.2036
1.17464
1.19127
1.18188
1.20102
1.38048
1.39101
1.36696
1.3535
1.38089
1.35829
1.40578
1.3967
1.38998
1.33294
1.24977
1.26367
1.24818
1.26521
1.30042
0.897224
0.87709
0.893435
0.915615
0.962438
0.914921
0.952519
1.02731
1.00388
1.02728
0.989019
1.01747
1.0529
1.07809
1.05107
1.07745
1.05531
1.07285
1.10864
1.13578
1.11842
1.14518
1.11576
1.14923
1.17193
1.22187
1.18826
1.26946
1.16234
1.26242
1.30505
1.33611
1.35032
1.3205
1.36289
1.40215
1.42944
1.26997
1.28849
1.28678
1.30406
1.28415
1.29247
1.40344
1.40757
1.33053
1.39412
1.39526
1.4121
1.3331
0.983976
0.896913
0.911057
0.898329
0.906127
0.893269
0.907937
0.931442
0.95184
0.925604
0.963487
0.928784
0.971713
1.00756
1.03973
1.07158
1.09728
1.08821
1.04279
0.99623
1.02947
1.0013
1.03147
0.992717
1.0138
1.06874
1.09564
1.06705
1.09658
1.06352
1.07644
0.906383
0.926527
0.904402
0.9319
0.901899
0.921092
0.936959
0.978696
0.9385
0.973288
0.935336
0.973705
0.900939
0.916894
0.932976
0.939744
1.01126
1.03801
1.00139
1.03882
1.01215
1.03967
1.07192
1.09273
1.06292
1.06955
1.09605
0.906388
0.883879
0.900369
0.920149
0.96487
0.978443
0.92337
0.963102
0.88979
0.901695
0.888019
0.884693
0.895353
0.922086
0.960475
0.878592
0.894915
0.880126
0.897859
0.87665
0.888919
0.911301
0.955693
0.913053
0.934814
0.915652
0.946621
0.992875
1.0261
1.00111
1.02745
0.997416
1.03169
1.06136
1.07694
1.05532
1.08477
1.05782
1.08145
0.996102
1.0288
1.05729
1.07045
0.999838
1.019
0.989024
1.00331
1.05272
1.08344
1.13007
1.1484
1.12447
1.14989
1.17913
1.2138
1.19525
1.23737
1.17808
1.20318
1.11758
1.1392
1.16178
1.20728
1.12604
1.14399
1.12551
1.14901
1.12753
1.13851
1.17147
1.20837
1.16554
1.1612
1.24243
1.26054
1.27187
1.26054
1.27315
1.26054
1.26621
1.29503
1.30975
1.28844
1.30106
1.29472
1.30989
1.28425
1.28819
1.26607
1.28409
1.30017
1.32023
1.33657
1.29668
1.32625
1.26054
1.28228
1.26065
1.2747
1.29535
1.30928
1.11577
1.14733
1.11127
1.17212
1.20332
1.11334
1.14041
1.11548
1.14027
1.11432
1.14016
1.26394
1.16453
1.21871
1.15944
1.22867
1.15887
1.20484
1.11548
1.14002
1.16068
1.25466
1.27901
1.28708
1.27352
1.28389
1.26541
1.29179
1.3149
1.33344
1.29869
1.31772
1.32124
1.34367
1.2779
1.28797
0.942582
0.991214
0.96077
0.974515
1.4269
1.41275
1.43912
1.39398
1.38799
1.42767
1.40463
1.38997
1.43465
1.39675
1.44438
1.42357
1.43516
1.44212
1.40304
1.43512
1.43939
1.42296
1.41646
1.41849
1.4306
1.41868
1.43279
1.44497
1.44134
1.44496
1.44507
1.445
1.43454
1.43825
1.43405
1.438
1.44414
1.43278
1.43822
1.43995
1.44485
1.44307
1.44424
1.44467
1.43901
1.4386
1.43714
1.44487
1.44507
1.44425
1.4448
1.43291
1.43998
1.44132
1.43341
1.44449
1.44028
1.43414
1.40192
1.43154
1.42316
1.41099
1.4415
1.41497
1.42187
1.4278
1.41887
1.43673
1.44275
1.43779
1.4385
1.42432
1.41461
1.43952
1.41661
1.44032
1.43823
1.4326
1.43325
1.41704
1.41473
1.4422
1.44281
1.4053
1.41178
1.42264
1.42376
1.44401
1.43406
1.44476
1.44402
1.44422
1.44489
1.44402
1.44413
1.44505
1.44506
1.4396
1.44495
1.44513
1.444
1.43792
1.43554
1.42695
1.43885
1.44467
1.44501
1.44403
1.43302
1.4355
1.44475
1.44506
1.44472
1.44499
1.16456
1.07039
1.12554
1.14191
1.09481
1.12635
1.24258
1.27342
1.20927
1.24663
1.31407
1.3862
1.40612
1.38103
1.4047
1.38146
1.41118
1.40506
1.16015
1.21885
1.14371
1.16664
1.21531
1.14854
1.19315
1.30564
1.4228
1.22614
1.27987
1.41021
1.41518
1.3424
1.05929
1.0174
1.04127
1.0745
1.10383
1.05896
1.08067
1.10514
1.06249
1.08174
1.008
1.01976
0.993108
1.01054
1.01057
1.0363
1.02128
1.05281
1.06741
1.03008
1.05634
1.12346
1.13636
1.15214
1.1249
1.13846
1.18414
1.24608
1.16218
1.0889
1.13152
1.07997
1.11291
1.15432
1.14236
1.16299
1.23778
1.30329
1.22773
1.29785
1.18653
1.23127
1.16144
1.18474
1.43425
1.43907
1.38952
1.43006
1.43425
1.38052
1.42209
1.41806
1.43526
1.44013
1.4169
1.43797
1.40342
1.43758
1.38393
1.42321
1.37207
1.39625
1.43768
1.43842
1.42918
1.41022
1.43802
1.41699
1.42437
1.44029
1.44149
1.44367
1.42419
1.4257
1.42903
1.42697
1.4218
1.43978
1.42974
1.4437
1.44145
1.21035
1.3899
1.40286
1.34349
1.37107
1.42229
1.42953
1.3786
1.42534
1.43878
1.42937
1.43821
1.28898
1.35556
1.258
1.38795
1.37317
1.37882
1.42978
1.37714
1.43699
1.4152
1.42326
1.41737
1.41469
1.44307
1.4436
1.42582
1.44311
1.42406
1.43818
1.42715
1.43883
1.42813
1.42052
1.41284
1.41914
1.42029
1.4248
1.43744
1.44011
1.44302
1.43749
1.44499
1.43839
1.44449
1.44431
1.44473
1.42986
1.43242
0.813978
0.818736
0.830513
0.82554
0.786031
0.77269
0.775725
0.763384
0.767627
0.771686
0.776387
0.764691
0.768913
0.797573
0.80582
0.789595
0.795491
0.802553
0.786989
0.793399
0.811404
0.815122
0.805503
0.811437
0.800571
0.804001
0.783484
0.779803
0.786378
0.774715
0.79138
0.798212
0.775023
0.780491
0.766203
0.770276
0.77178
0.786257
0.789913
0.779823
0.781727
0.855136
0.865682
0.831858
0.834842
0.82515
0.8284
0.825802
0.84916
0.851805
0.836868
0.846445
0.832296
0.836038
0.880626
0.909767
0.878148
0.883669
0.927131
0.956592
0.904304
0.935503
0.86748
0.873862
0.851534
0.864192
0.887807
0.899591
0.874915
0.892401
0.818359
0.821803
0.81348
0.819811
0.809601
0.814705
0.844981
0.825277
0.833144
0.820659
0.82656
0.801742
0.808456
0.811872
0.815465
0.804299
0.810979
0.791776
0.798038
0.785982
0.790253
0.803563
0.798433
0.849179
0.854805
0.847397
0.840936
0.846673
0.8311
0.837304
0.86973
0.8795
0.856971
0.87437
0.844515
0.826269
0.836762
0.825939
0.83479
0.816245
0.832449
0.852866
0.871035
0.849179
0.864968
0.752467
0.757175
0.746586
0.748172
0.754019
0.744273
0.747179
0.76014
0.757293
0.760642
0.750208
0.74173
0.738883
0.742185
0.733557
0.753882
0.758655
0.744184
0.748189
0.750449
0.75378
0.746759
0.747353
0.737084
0.739369
0.729775
0.733007
0.738094
0.727614
0.729047
0.743616
0.741778
0.743969
0.735864
0.737217
0.763575
0.765837
0.758961
0.758566
0.751095
0.755
0.772125
0.773884
0.763827
0.765989
0.757498
0.760628
0.747105
0.747747
0.750443
0.753114
0.747353
0.724252
0.722851
0.724875
0.717242
0.714357
0.743909
0.739029
0.72657
0.727746
0.733425
0.74075
0.742765
0.732824
0.736641
0.74507
0.745554
0.740407
0.742774
0.720497
0.722158
0.717065
0.717993
0.715484
0.723279
0.726481
0.719218
0.720455
0.722087
0.71729
0.71813
0.712293
0.714836
0.708973
0.711319
0.713091
0.708505
0.708895
0.713412
0.715101
0.71001
0.711753
0.707944
0.708205
0.70883
0.728111
0.728103
0.724392
0.724166
0.724783
0.71863
0.721091
0.731329
0.734805
0.725392
0.729033
0.720976
0.715945
0.716364
0.712662
0.710878
0.722129
0.721118
0.716109
0.718542
0.716814
0.713035
0.714812
0.708863
0.709467
0.808765
0.804451
0.796504
0.80481
0.789116
0.796117
0.796787
0.771959
0.782814
0.778158
0.78871
0.770287
0.780737
0.776765
0.784483
0.771626
0.777168
0.77112
0.766828
0.788722
0.779615
0.767303
0.76813
0.757091
0.759522
0.762748
0.753317
0.753934
0.771946
0.765421
0.814679
0.834056
0.812646
0.822573
0.814235
0.841064
0.803709
0.742798
0.764942
0.770588
0.757458
0.764778
0.762986
0.747287
0.735265
0.727736
0.743659
0.733776
0.743228
0.73151
0.748284
0.742554
0.742266
0.746107
0.734524
0.736517
0.757075
0.751956
0.732799
0.726183
0.726794
0.727384
0.720072
0.722238
0.736278
0.729464
0.723059
0.718554
0.979724
1.00235
0.972553
0.982638
1.00937
1.00429
1.02295
1.04926
1.01338
1.03602
0.951659
0.970974
0.916661
0.950555
0.990533
0.988334
0.986938
1.0089
1.0013
1.0255
1.00383
1.01475
1.06736
1.08073
1.05468
1.08358
1.12463
1.15514
1.11589
1.14231
1.03209
1.05045
1.04382
1.06944
1.03734
1.05868
1.06959
1.09161
1.10457
1.13605
1.08877
1.11809
0.897806
0.928168
0.88919
0.906547
0.963582
0.99888
0.953847
0.994531
0.878704
0.890436
0.876443
0.885325
0.921655
0.979601
1.02261
1.04789
1.0106
1.04099
1.069
1.102
1.0677
1.09046
1.13342
1.00272
1.02761
1.05649
1.07679
1.22951
1.2793
1.18767
1.25985
1.37057
1.36995
1.41221
1.15842
1.23415
1.15505
1.2552
1.33482
1.30169
1.37753
1.28102
1.33703
1.28645
1.34544
1.42783
1.39459
1.42707
1.42
1.41266
1.39886
1.41822
1.43859
1.41284
1.38179
1.42912
1.40053
1.40594
1.3933
1.37185
1.40198
1.4067
1.43839
1.37913
1.42559
1.3925
1.397
1.37665
1.38017
1.42941
1.41201
1.43821
1.43776
1.14799
1.19495
1.12758
1.15799
1.15
1.22698
1.25894
1.28125
1.21551
1.26524
1.27266
1.29222
1.12768
1.14797
1.1934
1.26502
1.3574
1.41397
1.29582
1.355
1.36784
1.37451
1.39908
1.37266
1.28064
1.44469
1.44499
1.44475
1.44468
1.4362
1.43777
1.43726
1.42547
1.42629
1.43016
1.42774
1.42798
1.4231
1.42208
1.42401
1.42332
1.42155
1.42243
1.42034
1.41956
1.41825
1.42097
1.41963
1.42546
1.42412
1.42627
1.42506
1.42349
1.42585
1.42431
1.42163
1.41706
1.4205
1.41912
1.41882
1.4231
1.42502
1.4242
1.42138
1.42028
1.42305
1.42123
1.41962
1.4221
1.42082
1.43271
1.43492
1.43358
1.43097
1.4297
1.4323
1.43042
1.42903
1.43115
1.42959
1.43565
1.4342
1.43601
1.43511
1.43412
1.43575
1.43446
1.43312
1.43296
1.43063
1.43324
1.42907
1.43433
1.43199
1.43014
1.43316
1.43135
1.42933
1.43232
1.4307
1.42714
1.42821
1.4262
1.4249
1.42754
1.42595
1.42421
1.42703
1.42561
1.42342
1.42289
1.42179
1.42388
1.42826
1.42805
1.42682
1.42913
1.41926
1.42032
1.42964
1.42494
1.42223
1.421
1.42313
1.42217
1.42114
1.42352
1.42233
1.42803
1.42598
1.42789
1.42691
1.42549
1.42768
1.42638
1.42437
1.42414
1.42267
1.42477
1.42135
1.42134
1.42587
1.42391
1.42248
1.42495
1.42342
1.42193
1.42417
1.42292
1.44087
1.44175
1.44143
1.43951
1.44011
1.4399
1.43867
1.43736
1.43893
1.43761
1.43719
1.43827
1.43737
1.44034
1.44015
1.4411
1.44015
1.4399
1.44062
1.44013
1.43943
1.43905
1.43813
1.43966
1.43735
1.4399
1.43879
1.4379
1.43942
1.43841
1.43746
1.43918
1.43815
1.44225
1.44434
1.44228
1.44359
1.4426
1.44168
1.44309
1.44268
1.44204
1.44316
1.44172
1.44442
1.44408
1.44446
1.44427
1.44399
1.44446
1.44422
1.44334
1.44275
1.44372
1.44222
1.44434
1.44434
1.44307
1.44243
1.44354
1.44243
1.4414
1.44323
1.44191
1.44184
1.44173
1.44015
1.44189
1.44015
1.44015
1.44134
1.44015
1.44015
1.44128
1.44015
1.43993
1.43985
1.43886
1.44015
1.44221
1.4417
1.44119
1.44213
1.4378
1.44295
1.44258
1.44239
1.44015
1.43936
1.43818
1.44011
1.43891
1.43789
1.43956
1.43826
1.44155
1.44015
1.44188
1.4403
1.44015
1.44176
1.44024
1.44015
1.43963
1.43888
1.43793
1.43766
1.44015
1.44209
1.44073
1.44015
1.44015
1.43888
1.44015
1.43961
1.43831
1.44014
1.43686
1.43637
1.43535
1.4369
1.43571
1.43474
1.43641
1.43561
1.43466
1.43603
1.43555
1.43398
1.43374
1.43257
1.43437
1.43331
1.43702
1.43711
1.43591
1.43735
1.43486
1.43047
1.43377
1.43239
1.43081
1.43331
1.43191
1.43649
1.43565
1.43722
1.4363
1.43509
1.43702
1.43563
1.43468
1.43418
1.43281
1.43459
1.43162
1.43502
1.43396
1.43283
1.43453
1.43331
1.4315
1.43417
1.43329
1.42899
1.429
1.42716
1.43055
1.42852
1.4267
1.42992
1.42791
1.42622
1.4282
1.42716
1.42582
1.42515
1.43094
1.42961
1.43745
1.43728
1.43622
1.43739
1.43656
1.43569
1.43743
1.43672
1.43579
1.43695
1.43599
1.43515
1.43506
1.43741
1.42139
1.42367
1.42217
1.42171
1.42127
1.42062
1.42064
1.42055
1.42034
1.42014
1.44015
1.44015
1.43879
1.43797
1.43968
1.43895
1.43772
1.43954
1.43844
1.44015
1.44015
1.43774
1.43967
1.43826
1.43753
1.43897
1.4378
1.44225
1.44015
1.44179
1.44015
1.43603
1.44015
1.44015
1.44015
1.44015
1.438
1.43731
1.43899
1.43776
1.43776
1.43661
1.43886
1.43689
1.43615
1.43521
1.43633
1.43584
1.43835
1.44015
1.44008
1.4392
1.43847
1.44015
1.43948
1.43778
1.43698
1.43848
1.43734
1.43109
1.43357
1.43203
1.43325
1.43255
1.43097
1.43122
1.42576
1.42795
1.4271
1.42688
1.42431
1.42275
1.42581
1.42384
1.42286
1.42554
1.42935
1.42835
1.43038
1.4292
1.42808
1.43048
1.42626
1.4259
1.42346
1.42227
1.42515
1.42326
1.42204
1.42448
1.42839
1.42726
1.42986
1.42834
1.42722
1.42969
1.43549
1.43652
1.43591
1.43517
1.43638
1.43576
1.43454
1.43426
1.43319
1.43743
1.43723
1.4348
1.43605
1.43571
1.43447
1.43606
1.43515
1.43402
1.43312
1.43351
1.43249
1.43684
1.43673
1.43194
1.43108
1.42874
1.4309
1.42946
1.43239
1.42861
1.43103
1.42942
1.42902
1.42798
1.43088
1.42938
1.42537
1.42539
1.42247
1.42175
1.42406
1.42251
1.42136
1.42369
1.42845
1.42694
1.42969
1.42832
1.42697
1.42903
1.42621
1.42502
1.42302
1.42572
1.42431
1.42186
1.42091
1.423
1.42225
1.42067
1.42331
1.42778
1.42663
1.42708
1.43409
1.43572
1.43517
1.43381
1.43541
1.43478
1.43289
1.43223
1.4327
1.43647
1.43605
1.43467
1.43355
1.43507
1.43429
1.43462
1.43312
1.43541
1.43261
1.43254
1.4216
1.40117
1.41936
1.43886
1.39845
1.43844
1.42449
1.41248
1.43926
1.39429
1.4265
1.42724
1.43337
1.41409
1.4408
1.42143
1.4111
1.44469
1.44429
1.44425
1.4445
1.44429
1.44336
1.44368
1.44122
1.44502
1.44484
1.44514
1.44497
1.4448
1.44522
1.44497
1.44501
1.44433
1.44484
1.44508
1.4389
1.44227
1.43851
1.44418
1.44475
1.44508
1.44489
1.44476
1.44099
1.43822
1.43839
1.44106
1.4392
1.44518
1.44501
1.44302
1.44512
1.44492
1.44517
1.44507
1.44247
1.43581
1.44313
1.43758
1.42274
1.43266
1.4441
1.43967
1.44436
1.44445
1.44383
1.4406
1.41477
1.44254
1.4402
1.44312
1.44435
1.44463
1.44374
1.44401
1.44484
1.44387
1.44426
1.43586
1.44291
1.43303
1.43065
1.43773
1.41496
1.42988
1.44339
1.44274
1.44434
1.44485
1.43916
1.43566
1.44474
1.44424
1.44476
1.44511
1.44497
1.44471
1.44515
1.44497
1.44513
1.44493
1.44478
1.43575
1.4434
1.44502
1.44321
1.42899
1.44244
1.44369
1.42052
1.44294
1.43074
1.44177
1.44382
1.44402
1.44505
1.44494
1.44394
1.44218
1.44312
1.44401
1.44239
1.44342
1.44431
1.44441
1.44446
1.4448
1.43707
1.43832
1.44478
1.44013
1.4402
1.44407
1.44005
1.44181
1.44243
1.44282
1.44376
1.43894
1.4422
1.44328
1.43854
1.44512
1.44503
1.44522
1.44503
1.34299
1.3277
1.33558
1.332
1.34025
1.39886
1.34239
1.41243
1.35027
1.32244
1.41378
1.33985
1.32223
1.32835
1.33285
1.35083
1.3548
1.32285
1.34106
1.31801
1.32323
1.35312
1.31919
1.3293
1.33116
1.3276
1.33418
1.36523
1.4225
1.35668
1.4129
1.37132
1.37234
1.38457
1.37413
1.42203
1.40736
1.40852
1.42753
1.39068
1.39166
1.42639
1.39268
1.4385
1.3991
1.43644
1.3535
1.34966
1.32323
1.34704
1.32006
1.32593
1.31562
1.32121
1.32759
1.33587
1.33044
1.33862
1.34729
1.35105
1.34812
1.39032
1.32133
1.32552
1.31742
1.32091
1.31933
1.33104
1.3169
1.33875
1.34011
1.3398
1.37587
1.39814
1.41945
1.38038
1.38122
1.41534
1.3994
1.43882
1.42302
1.43586
1.37787
1.36269
1.36826
1.38505
1.40832
1.4069
1.37462
1.40473
1.43859
1.43871
1.43957
1.41545
1.39997
1.43961
1.41877
1.40983
1.44286
1.44045
1.43526
1.42902
1.4293
1.43963
1.41244
1.42708
1.41742
1.4344
1.44282
1.43726
1.44216
1.42923
1.437
1.40662
1.44355
1.4317
1.44473
1.43812
1.44463
1.39299
1.42355
1.40846
1.37814
1.37172
1.43232
1.40088
1.42348
1.38239
1.43432
1.37553
1.40616
1.4049
1.39717
1.43833
1.40798
1.40023
1.43492
1.41705
1.40826
1.42555
1.42295
1.40717
1.39191
1.37488
1.42729
1.42318
1.37624
1.37522
1.4036
1.43615
1.42294
1.44249
1.44329
1.44361
1.44411
1.44327
1.43223
1.41065
1.42105
1.42475
1.4091
1.40331
1.42831
1.44273
1.44358
1.44268
1.44291
1.44335
1.40986
1.44295
1.44303
1.43916
1.43294
1.44374
1.44459
1.44359
1.43649
1.44425
1.44405
1.4187
1.44465
1.44488
1.44467
1.44507
1.44488
1.44454
1.44434
1.44481
1.44446
1.44485
1.44489
1.44486
1.43566
1.42783
1.44275
1.44359
1.44031
1.44417
1.43939
1.44067
1.44493
1.44471
1.44491
1.44413
1.42947
1.44409
1.44307
1.4447
1.44494
1.44482
1.44481
1.44509
1.44497
1.42859
1.43234
1.42233
1.43207
1.44412
1.44519
1.44173
1.43953
1.4406
1.4435
1.44181
1.43958
1.44516
1.4449
1.44508
1.44493
1.44373
1.44522
1.44429
1.43899
1.44516
1.44513
1.44508
1.44211
1.43825
1.44506
1.4451
1.44337
1.44488
1.44044
1.44505
1.44258
1.44467
1.44088
1.44069
1.43923
1.44516
1.43982
1.44245
1.44434
1.44512
1.44508
1.44471
1.4441
1.445
1.44455
1.4444
1.44479
1.4446
1.44448
1.44434
1.44476
1.4448
1.44449
1.44434
1.44434
1.44381
1.44436
1.44434
1.44511
1.44478
1.44471
1.44499
1.44492
1.44465
1.44445
1.4444
1.44446
1.44512
1.44129
1.44475
1.44472
1.44508
1.44455
1.44483
1.44486
1.43862
1.44504
1.44148
1.43812
1.44509
1.44502
1.44489
1.44343
1.44523
1.44325
1.33761
1.3322
1.33984
1.41745
1.36855
1.41617
1.38397
1.4197
1.35528
1.40863
1.32287
1.3312
1.32612
1.33203
1.34037
1.37456
1.33348
1.36924
1.34419
1.36706
1.33946
1.34274
1.4178
1.41351
1.39278
1.40556
1.37346
1.32542
1.38136
1.40861
1.41695
1.37565
1.43518
1.43867
1.43925
1.42124
1.43883
1.38873
1.34849
1.42673
1.35019
1.42886
1.44462
1.44444
1.44434
1.4446
1.44434
1.44434
1.44439
1.44434
1.44406
1.44388
1.44469
1.44434
1.44451
1.44434
1.44421
1.44338
1.44281
1.44395
1.44321
1.44262
1.44369
1.44309
1.44459
1.44436
1.44446
1.44434
1.44474
1.44431
1.44252
1.44372
1.44296
1.44242
1.44327
1.44261
1.44449
1.44434
1.44471
1.44441
1.44427
1.44449
1.44385
1.44384
1.44225
1.44208
1.4406
1.44225
1.44126
1.44202
1.44309
1.44219
1.44308
1.44252
1.44434
1.44416
1.44443
1.44434
1.44434
1.44434
1.44381
1.44395
1.44292
1.44287
1.44241
1.44124
1.44274
1.44223
1.44434
1.44394
1.44439
1.44434
1.44391
1.44437
1.44372
1.44312
1.44158
1.4407
1.44197
1.44065
1.44015
1.44204
1.44015
1.44015
1.44139
1.44015
1.44015
1.44099
1.44421
1.44318
1.44424
1.44322
1.44215
1.44217
1.44193
1.44172
1.44169
1.44077
1.4425
1.44434
1.44396
1.44434
1.44317
1.44269
1.44365
1.44246
1.4431
1.44229
1.44394
1.44175
1.44083
1.44136
1.44208
1.44101
1.44015
1.44015
1.44015
1.44015
1.43865
1.44002
1.43973
1.44519
1.44375
1.44444
1.44298
1.43824
1.44487
1.44517
1.44495
1.44523
1.44506
1.44514
1.44517
1.44072
1.44112
1.44519
1.44172
1.4447
1.43582
1.44484
1.44517
1.44494
1.44423
1.44514
1.4452
1.44221
1.44508
1.4424
1.44519
1.44512
1.44461
1.44418
1.44459
1.44438
1.44408
1.44458
1.44431
1.44381
1.44366
1.44306
1.44386
1.44277
1.44488
1.44504
1.44472
1.44446
1.44493
1.44465
1.44356
1.44218
1.44435
1.44382
1.44271
1.4433
1.44421
1.44374
1.44121
1.44518
1.43361
1.44035
1.4405
1.44335
1.44295
1.44038
1.44522
1.43827
1.444
1.43932
1.43938
1.44513
1.43303
1.44513
1.44273
1.44328
1.4452
1.44114
1.44518
1.44118
1.44504
1.44469
1.44514
1.44491
1.44445
1.44456
1.44325
1.44506
1.44452
1.44513
1.44473
1.44476
1.44435
1.44376
1.4444
1.44409
1.44444
1.44432
1.4445
1.44437
1.44251
1.44266
1.44224
1.44056
1.4425
1.44138
1.43987
1.44023
1.43928
1.43807
1.43983
1.43865
1.44196
1.44124
1.44303
1.4426
1.44193
1.44232
1.44048
1.44039
1.43882
1.4405
1.44015
1.43651
1.43551
1.43736
1.43816
1.43876
1.43773
1.44326
1.44288
1.44357
1.44281
1.44242
1.44235
1.4425
1.44101
1.44015
1.4423
1.44115
1.44391
1.44319
1.44406
1.44344
1.44227
1.44239
1.44272
1.44163
1.44134
1.44126
1.44217
1.43904
1.4379
1.43955
1.43832
1.43736
1.43733
1.43668
1.44153
1.44015
1.44053
1.43897
1.44076
1.44005
1.44015
1.43815
1.43729
1.43948
1.4379
1.44434
1.44402
1.44426
1.44398
1.44449
1.44487
1.44494
1.44511
1.44279
1.44345
1.44345
1.42379
1.44351
1.43979
1.44401
1.4444
1.44082
1.44487
1.44402
1.44449
1.44414
1.43229
1.43785
1.44359
1.44496
1.445
1.44509
1.43965
1.44502
1.44499
1.44136
1.44106
1.44073
1.44183
1.43801
1.43752
1.44512
1.43822
1.44503
1.44406
1.43617
1.43684
1.43258
1.4411
1.43703
1.44288
1.43965
1.44518
1.44498
1.44508
1.44468
1.44499
1.43934
1.43577
1.44513
1.44292
1.44461
1.44226
1.44514
1.44053
1.44167
1.44483
1.44461
1.44506
1.44475
1.44339
1.43815
1.43533
1.4401
1.44327
1.44151
1.44231
1.44133
1.44512
1.44509
1.44488
1.44414
1.44507
1.44452
1.44451
1.44403
1.44459
1.44502
1.44075
1.44506
1.44504
1.43472
1.44352
1.44353
1.4395
1.44009
1.44512
1.44048
1.44518
1.4452
1.44485
1.44459
1.44444
1.43998
1.44524
1.44524
1.44498
1.44476
1.44518
1.44474
1.44452
1.44496
1.44465
1.44475
1.44452
1.44491
1.44438
1.44434
1.44417
1.44306
1.44434
1.44344
1.44206
1.44234
1.44434
1.44434
1.4444
1.44434
1.44434
1.44387
1.44319
1.44222
1.44355
1.44292
1.44316
1.4421
1.44443
1.44444
1.44441
1.44408
1.44309
1.44479
1.44448
1.44463
1.44444
1.44471
1.44445
1.44434
1.44431
1.44398
1.44326
1.44434
1.4438
1.44434
1.44397
1.44434
1.44433
1.44314
1.44272
1.4436
1.44297
1.44261
1.44231
1.44326
1.44177
1.44275
1.44234
1.44295
1.44129
1.44165
1.44158
1.44073
1.44015
1.44221
1.44131
1.44198
1.44097
1.44233
1.44174
1.44008
1.43868
1.44015
1.43921
1.43916
1.43814
1.44104
1.44015
1.44014
1.44501
1.44463
1.44512
1.44473
1.44439
1.44434
1.44446
1.44434
1.4437
1.4424
1.444
1.44296
1.44137
1.44188
1.44138
1.44221
1.43566
1.43471
1.43668
1.4353
1.43419
1.433
1.43441
1.43347
1.43705
1.43597
1.43744
1.43682
1.43497
1.43433
1.43556
1.4344
1.43712
1.43653
1.43534
1.43657
1.43594
1.4361
1.43589
1.43516
1.43649
1.43552
1.43384
1.43291
1.43455
1.43393
1.43134
1.42934
1.43265
1.42998
1.42876
1.42764
1.42823
1.42715
1.42867
1.42774
1.41966
1.41933
1.42053
1.41105
1.42012
1.37558
1.42312
1.42257
1.42742
1.42566
1.42555
1.42287
1.42602
1.42375
1.42067
1.42316
1.4217
1.42164
1.42073
1.42222
1.42153
1.42137
1.42054
1.42128
1.42012
1.40134
1.3761
1.40877
1.37835
1.42037
1.416
1.42072
1.42012
1.41984
1.41349
1.38279
1.37975
1.38438
1.3796
1.38486
1.38225
1.4368
1.43386
1.43597
1.43551
1.43449
1.43412
1.43376
1.43289
1.43454
1.43363
1.43901
1.44248
1.44215
1.44213
1.44056
1.44152
1.44225
1.44015
1.44015
1.44069
1.44015
1.44015
1.43987
1.4414
1.44055
1.44015
1.44083
1.44015
1.44215
1.44015
1.43754
1.44015
1.43863
1.43986
1.4376
1.44015
1.43901
1.44229
1.44046
1.44256
1.44193
1.44015
1.44015
1.43812
1.43746
1.4364
1.43826
1.43705
1.43579
1.43535
1.43648
1.43584
1.43563
1.43468
1.43643
1.4388
1.43776
1.43984
1.4391
1.43705
1.43724
1.43614
1.43785
1.43703
1.43648
1.43585
1.43497
1.43468
1.43514
1.43623
1.43576
1.44015
1.43993
1.43973
1.43801
1.44
1.43881
1.43625
1.43804
1.43702
1.43702
1.4362
1.43756
1.43697
1.43778
1.4366
1.43825
1.43695
1.43687
1.43607
1.4358
1.43496
1.43618
1.43502
1.43533
1.43418
1.43909
1.43753
1.43699
1.43467
1.43371
1.43186
1.4309
1.42995
1.42933
1.4323
1.42972
1.43562
1.4346
1.4359
1.43493
1.43522
1.43423
1.43358
1.43243
1.4344
1.43365
1.43386
1.43282
1.43424
1.43321
1.43333
1.43125
1.43046
1.42828
1.43229
1.4302
1.44015
1.44015
1.44052
1.4387
1.4375
1.42659
1.42686
1.43323
1.43178
1.4293
1.43295
1.43063
1.42901
1.42734
1.42984
1.42852
1.42788
1.42956
1.42931
1.42824
1.42718
1.42609
1.42411
1.42739
1.42596
1.4313
1.42975
1.43257
1.43055
1.43102
1.42924
1.43273
1.4279
1.42714
1.4285
1.42286
1.42551
1.42419
1.42189
1.42524
1.42306
1.42146
1.42037
1.421
1.42021
1.42642
1.42239
1.42224
1.42426
1.42318
1.42273
1.42141
1.42412
1.42063
1.42025
1.4206
1.42018
1.43395
1.43329
1.43391
1.42698
1.42932
1.42775
1.42833
1.42727
1.42866
1.42822
1.42602
1.42449
1.42644
1.42569
1.4255
1.42311
1.43089
1.42815
1.4264
1.42544
1.42239
1.4214
1.4221
1.43129
1.43186
1.42945
1.42844
1.43029
1.4293
1.42751
1.42579
1.42828
1.42716
1.43234
1.43143
1.43345
1.43232
1.43083
1.43014
1.43048
1.43069
1.42874
1.42769
1.42925
1.42803
1.4243
1.42557
1.42639
1.42587
1.42515
1.42729
1.42562
1.42374
1.42153
1.42255
1.42077
1.42421
1.42223
1.42007
1.41956
1.4208
1.41999
1.41916
1.41898
1.41934
1.4244
1.42353
1.42271
1.42134
1.42058
1.42228
1.42124
1.43432
1.43327
1.4351
1.43376
1.43134
1.43032
1.43241
1.43008
1.42974
1.42905
1.43493
1.43442
1.43346
1.43253
1.42868
1.42809
1.42938
1.42788
1.42822
1.42723
1.42736
1.42707
1.4256
1.42501
1.42217
1.42626
1.42339
1.43018
1.4289
1.42798
1.42626
1.4207
1.4201
1.41957
1.41806
1.4173
1.41839
1.41783
1.41647
1.41701
1.41556
1.42014
1.41878
1.42039
1.41955
1.41893
1.41808
1.41801
1.41751
1.41859
1.4178
1.41742
1.41685
1.41589
1.41261
1.41277
1.39959
1.40965
1.40492
1.40635
1.40181
1.39713
1.40297
1.39997
1.39892
1.42324
1.4214
1.42125
1.42042
1.42199
1.42083
1.42047
1.41961
1.41974
1.41916
1.42008
1.41921
1.42461
1.42272
1.42119
1.42015
1.42001
1.41933
1.41841
1.41885
1.40413
1.405
1.38923
1.41853
1.39268
1.38578
1.38587
1.3871
1.38553
1.38577
1.38587
1.41932
1.39556
1.38587
1.38536
1.38539
1.41086
1.39552
1.38929
1.3854
1.3858
1.39163
1.38823
1.41648
1.41485
1.41371
1.41584
1.4145
1.41839
1.41567
1.41416
1.41552
1.41933
1.41656
1.41552
1.4093
1.41684
1.4139
1.41065
1.40719
1.41033
1.40787
1.40437
1.40071
1.40128
1.39747
1.40472
1.40296
1.40023
1.41681
1.41517
1.40993
1.41759
1.38943
1.41974
1.42286
1.44304
1.42979
1.43845
1.43617
1.436
1.40823
1.43813
1.4245
1.44276
1.44299
1.4251
1.44273
1.43225
1.4436
1.40408
1.43588
1.44312
1.40535
1.43788
1.44107
1.43981
1.44126
1.42287
1.44505
1.44186
1.44459
1.44261
1.44451
1.43646
1.4449
1.44323
1.4334
1.44395
1.44331
1.44401
1.43058
1.44415
1.44454
1.44494
1.44427
1.4449
1.44483
1.44504
1.44457
1.44513
1.44417
1.44476
1.44495
1.4358
1.40084
1.43869
1.37957
1.42216
1.43355
1.4426
1.43484
1.43651
1.43668
1.44285
1.43479
1.43975
1.44294
1.4451
1.44505
1.44491
1.4452
1.44505
1.4422
1.43992
1.44489
1.44026
1.44366
1.43815
1.44519
1.44508
1.44472
1.44456
1.44434
1.44467
1.44443
1.4445
1.44434
1.4448
1.44434
1.44364
1.44434
1.44434
1.44411
1.44328
1.4445
1.44276
1.44152
1.44299
1.20626
1.20677
1.20677
0.731463
0.730568
0.724373
0.727731
0.727403
0.717608
0.720488
0.727746
0.722936
0.712761
0.713597
0.715936
0.708602
0.710141
0.718764
0.720535
0.713277
0.716043
0.710666
0.706954
0.709574
0.704431
0.704921
0.706126
0.70276
0.708875
0.706735
0.732669
0.734754
0.728148
0.73023
0.72247
0.72518
0.735923
0.738897
0.730693
0.733331
0.736113
0.7283
0.729342
0.716913
0.718488
0.710736
0.711836
0.718174
0.722658
0.712481
0.726597
0.707787
0.716012
0.719141
0.71114
0.710421
0.709872
0.705586
0.705966
0
0
0
0
0.703459
0.703226
0
0
0.705272
0.707716
0.70298
0.70445
0
0
0
0.704419
0.706387
0.702422
0.703164
0.705072
0
0.702382
0.702947
0
0
0
0.736502
0.731637
0.736201
0.734959
0.726904
0.731551
0.735702
0.725883
0.727884
0.740912
0.719638
0.714383
0.719294
0.721511
0.711262
0.704853
0.731488
0.72593
0.722263
0.736251
0.729135
0.734136
0.726827
0.715444
0.718195
0.708927
0.709894
0.717324
0.710282
0.720644
0.73316
0.726034
0.729018
0.722741
0.71311
0.707807
0.712098
0.70704
0.719553
0.716573
0.704577
0.705334
0.702385
0.703702
0.704912
0
0.702783
0.703986
0
0.702218
0.703665
0
0
1.21565
1.23551
1.25201
1.2595
0
0
0.707606
0
0.706678
0
0
0.707186
0.706797
0
0
0.708791
0.706993
0.711813
0.708783
0.709812
0.711188
0.706789
0.70728
0.705998
0
0
0.704738
0
0
0.707495
0.707417
0
0.704669
0.704202
0
0
0
0.721217
0.717549
0.721495
0.715099
0.726785
0.721059
0.725456
0.712674
0.706175
0.709499
0.704879
0.716952
0.718941
0.710524
0.713264
0.715411
0.717336
0.711201
0.714074
0.707042
0.70706
0.703839
0.703981
0.70552
0
0.703881
0
0
0
0
0
0.703275
0
0.713154
0.709309
0.706312
0.703851
1.41622
1.41741
1.41582
1.41575
1.41713
1.41609
1.41787
1.41494
1.4164
1.41571
1.41553
1.4142
1.41493
1.41411
1.4137
1.41462
1.41404
1.41735
1.41622
1.41943
1.41692
1.41608
1.4185
1.41667
1.41529
1.41328
1.41446
1.41402
1.41391
1.41594
1.41812
1.4165
1.41625
1.41516
1.41442
1.41573
1.41485
1.41408
1.41547
1.41468
1.4129
1.41335
1.41264
1.41231
1.41313
1.4128
1.41201
1.41342
1.41993
1.41992
1.42087
1.419
1.41749
1.42037
1.41888
1.41751
1.41975
1.41845
1.41639
1.42083
1.41385
1.41531
1.41458
1.41369
1.41526
1.41418
1.41416
1.41223
1.41319
1.41267
1.4124
1.41202
1.38536
1.41215
1.38944
1.38587
1.40072
1.38573
1.41328
1.41304
1.41325
1.41306
1.41359
1.40792
1.38805
1.38286
1.38314
1.40872
1.38146
1.3829
1.38001
1.3796
1.37692
1.41718
1.41944
1.41809
1.41714
1.41925
1.41794
1.41618
1.41608
1.41502
1.41662
1.42049
1.42082
1.41951
1.41858
1.42053
1.41729
1.41696
1.41565
1.41463
1.41611
1.41558
1.3944
1.4166
1.41512
1.4195
1.41846
1.42045
1.41909
1.41795
1.41995
1.41704
1.38498
1.3796
1.3796
1.37771
1.37621
1.37505
1.37722
1.37533
1.37476
1.36895
1.36983
1.3673
1.4166
1.38433
1.3751
1.41906
1.41833
1.41964
1.41905
1.41794
1.41961
1.41897
1.41668
1.38484
1.38729
1.37489
1.39352
1.41942
1.39697
1.41921
1.37455
1.37489
1.37048
1.37198
1.36856
1.3686
1.36848
1.37537
1.36981
1.37489
1.36953
1.36742
1.36381
1.36682
1.36979
1.36611
1.36319
1.36159
1.36067
1.3597
1.35718
1.36217
1.36238
1.35972
1.35675
1.36848
1.36547
1.36542
1.36196
1.36218
1.35968
1.35803
1.38548
1.38572
1.38509
1.38424
1.38314
1.38292
1.38211
1.38136
1.38012
1.37661
1.38252
1.37822
1.37599
1.37236
1.37267
1.36858
1.36625
1.37935
1.37673
1.37517
1.36997
1.36719
1.37879
1.37816
1.37453
1.37182
1.37443
1.37286
1.36833
1.36703
1.36796
1.367
1.36422
1.36199
1.36319
1.36213
1.35782
1.35139
1.37487
1.36569
1.36199
1.36854
1.36572
1.36478
1.36175
1.36797
1.36306
1.36081
1.36387
1.36061
1.3599
1.35153
1.35571
1.35888
1.35758
1.35431
1.3519
1.34779
1.3532
1.34768
1.35239
1.34249
1.34298
1.34802
1.34716
1.35763
1.35376
1.3528
1.34824
1.35269
1.34488
1.34383
1.33909
1.34243
1.34172
1.33848
1.33724
1.33663
1.3389
1.33741
1.33998
1.34845
1.33957
1.3386
1.35574
1.34784
1.35373
1.35274
1.35182
1.35005
1.34796
1.35969
1.35724
1.35772
1.34969
1.34883
1.34519
1.34816
1.35206
1.35
1.33693
1.34259
1.33764
1.33954
1.33474
1.33912
1.34882
1.34312
1.3373
1.34062
1.34094
1.34094
1.34094
1.33768
1.34094
1.33994
1.34848
1.34409
1.34046
1.33645
1.34069
1.33492
1.33802
1.33508
1.33965
1.33977
1.33951
1.33861
1.33709
1.34094
1.33244
1.33684
1.34094
1.33703
1.3408
1.33145
1.338
1.33973
1.34094
1.34094
1.33987
1.34094
1.338
1.338
1.32964
1.338
1.338
1.338
1.32749
1.33776
1.338
1.338
1.338
1.338
1.338
1.338
1.338
1.338
1.338
1.338
1.33668
1.33687
1.33647
1.33656
1.33593
1.336
1.33379
1.33529
1.33414
1.33178
1.35024
1.3443
1.33708
1.33738
1.34785
1.34044
1.33962
1.34094
1.34094
1.34094
1.33565
1.34094
1.34094
1.34094
1.33228
1.33695
1.34094
1.33164
1.3396
1.33214
1.33387
1.338
1.33424
1.338
1.338
1.338
1.3379
1.338
1.338
1.338
1.338
1.33742
1.3366
1.33731
1.33558
1.33813
1.33562
1.338
1.33303
1.338
1.338
1.338
1.338
1.338
1.338
1.338
1.33752
1.338
1.33704
1.33623
1.33647
1.338
1.33723
1.33646
1.336
1.33586
1.33563
1.334
1.336
1.33586
1.33299
1.33214
1.33051
1.33079
1.3182
1.32937
1.369
1.36359
1.35704
1.34772
1.34657
1.34804
1.36818
1.36459
1.36312
1.35933
1.36322
1.35326
1.36191
1.35903
1.35694
1.34821
1.34873
1.35775
1.34907
1.34292
1.348
1.34298
1.33828
1.33831
1.33922
1.34223
1.35671
1.34902
1.3381
1.33693
1.33783
1.34492
1.33804
1.33508
1.33073
1.34723
1.33679
1.33817
1.33543
1.33533
1.33817
1.33834
1.33902
1.33231
1.33889
1.33193
1.32985
1.33548
1.338
1.338
1.33479
1.33685
1.33686
1.32991
1.33596
1.33722
1.33756
1.338
1.3387
1.33798
1.33502
1.33054
1.33664
1.32825
1.33691
1.3346
1.33518
1.33305
1.33727
1.33613
1.33602
1.33376
1.33618
1.33395
1.33174
1.33326
1.33095
1.33133
1.32861
1.34875
1.34578
1.34766
1.34191
1.35177
1.34374
1.33739
1.34932
1.33851
1.3462
1.33799
1.33574
1.33287
1.33418
1.33387
1.33638
1.3364
1.33504
1.33669
1.3362
1.34815
1.34686
1.3378
1.34615
1.33492
1.33336
1.33439
1.33094
1.33033
1.32807
1.32613
1.33414
1.336
1.33307
1.3366
1.33518
1.33819
1.33502
1.33359
1.33427
1.33225
1.32998
1.33191
1.33039
1.3326
1.33135
1.33021
1.32673
1.32837
1.32635
1.3324
1.32887
1.33066
1.3278
1.32883
1.32655
1.32645
1.32508
1.3236
1.32763
1.32448
1.32493
1.32259
1.32179
1.32194
1.30587
1.28189
1.29493
1.27649
1.25316
1.25399
1.24927
1.32727
1.32481
1.3145
1.3082
1.28169
1.32339
1.31245
1.30255
1.27622
1.28723
1.258
1.23745
1.23398
1.25489
1.26872
1.24993
1.23488
1.22246
1.15368
1.13613
1.07639
1.23581
1.23486
1.18061
1.04275
1.03892
1.0333
1.0333
1.02635
1.02235
1.02561
1.02022
1.32979
1.338
1.338
1.338
1.338
1.33769
1.33795
1.338
1.338
1.33709
1.33596
1.336
1.33466
1.33745
1.33617
1.33647
1.33453
1.33442
1.33253
1.33264
1.33084
1.33079
1.32906
1.33422
1.33225
1.33264
1.33107
1.33066
1.32924
1.32909
1.32681
1.32701
1.32444
1.33114
1.32904
1.32944
1.32798
1.32677
1.32666
1.32481
1.32746
1.32522
1.3222
1.32265
1.32043
1.33524
1.33314
1.33323
1.33101
1.33167
1.32455
1.33174
1.32996
1.32729
1.31397
1.32578
1.32634
1.30717
1.32169
1.32391
1.32455
1.32275
1.3243
1.31798
1.30948
1.28447
1.30876
1.28132
1.32249
1.32046
1.32916
1.32254
1.32731
1.32547
1.32431
1.32243
1.31142
1.3115
1.29786
1.2706
1.28279
1.26892
1.31035
1.29248
1.29949
1.27683
1.27284
1.26528
1.26755
1.26169
1.32429
1.32085
1.32178
1.29545
1.30066
1.28008
1.28339
1.2705
1.28109
1.29019
1.2707
1.26318
1.24126
1.2487
1.23669
1.23661
1.2584
1.26738
1.25676
1.23755
1.23673
1.23805
1.22159
1.23492
1.23302
1.2116
1.06534
1.17493
1.12009
1.09787
1.03211
1.04851
1.03988
1.02595
1.02758
1.19145
1.10685
1.16934
1.12595
1.04534
1.04666
1.03545
1.03728
1.03542
1.02908
1.0276
1.018
1.26785
1.24568
1.26138
1.24573
1.23516
1.22378
1.23486
1.21362
1.25281
1.23655
1.24437
1.23491
1.22534
1.19655
1.21871
1.18043
1.16105
1.12032
1.15879
1.1034
1.07829
1.04225
1.08108
1.04475
1.15396
1.10446
1.15005
1.10368
1.08174
1.05143
1.07914
1.06198
1.33339
1.33513
1.33422
1.33609
1.33444
1.33293
1.33229
1.33273
1.33185
1.333
1.33086
1.32007
1.31009
1.31162
1.31513
1.31828
1.32794
1.323
1.32555
1.32448
1.33239
1.32116
1.321
1.3092
1.31993
1.31111
1.31139
1.32506
1.31819
1.30992
1.32613
1.32602
1.32031
1.32525
1.32522
1.3106
1.32438
1.30201
1.31517
1.30099
1.31262
1.31809
1.29607
1.30775
1.31747
1.30637
1.32472
1.32372
1.32341
1.32245
1.32435
1.32332
1.32153
1.31582
1.29404
1.30993
1.286
1.31254
1.32194
1.31628
1.32015
1.29872
1.28989
1.27821
1.29079
1.27434
1.30434
1.27402
1.30564
1.31508
1.31022
1.28151
1.27297
1.27275
1.2707
1.26578
1.25685
1.26456
1.24649
1.26891
1.2674
1.26575
1.26405
1.2696
1.26597
1.26149
1.25837
1.23885
1.25066
1.23721
1.24242
1.23971
1.29852
1.27292
1.29154
1.30278
1.28496
1.31498
1.27923
1.29807
1.31604
1.31307
1.27573
1.30854
1.30901
1.30765
1.31096
1.31259
1.3092
1.30758
1.30359
1.30688
1.30135
1.30132
1.29604
1.30794
1.29852
1.30248
1.29911
1.29497
1.29107
1.29578
1.28893
1.30664
1.3005
1.29454
1.29162
1.28871
1.29638
1.29212
1.2951
1.29083
1.29104
1.28912
1.28903
1.2895
1.28402
1.28342
1.28177
1.27912
1.28342
1.27561
1.23582
1.24071
1.23486
1.22419
1.20963
1.17172
1.19869
1.17545
1.23409
1.21649
1.23887
1.21048
1.22398
1.20629
1.18684
1.17448
1.18204
1.17327
1.18517
1.14605
1.12483
1.15024
1.12126
1.08076
1.07253
1.08676
1.07522
1.14927
1.12558
1.14746
1.13414
1.09039
1.07733
1.09692
1.0763
1.0851
1.07819
1.25812
1.2029
1.28304
1.27715
1.17735
1.17332
1.18014
1.17314
1.19
1.16703
1.27792
1.27527
1.24663
1.21006
1.27675
1.27338
1.27295
1.2695
1.27485
1.2695
1.25542
1.2695
1.26196
1.14961
1.13257
1.14327
1.12884
1.14597
1.1327
1.10347
1.09494
1.07511
1.10459
1.07826
1.14351
1.13097
1.10405
1.08639
1.20515
1.13133
1.25151
1.16976
1.10791
1.09006
1.11649
1.10996
1.28999
1.28561
1.27982
1.27457
1.2695
1.2695
1.27111
1.2695
1.2717
1.2695
1.2695
1.26767
1.25546
1.26232
1.25002
1.25936
1.24622
1.24897
1.20244
1.24352
1.23904
1.24063
1.23452
1.21107
1.20124
1.2303
1.21921
1.22781
1.21291
1.24258
1.23854
1.23009
1.21982
1.19378
1.39688
1.3686
1.37397
1.3686
1.36848
1.36427
1.36799
1.3634
1.3737
1.3686
1.37269
1.3686
1.3673
1.36253
1.37489
1.3686
1.37538
1.3727
1.3796
1.3766
1.37292
1.3796
1.37657
1.37612
1.37452
1.36957
1.36078
1.36314
1.36157
1.36849
1.36848
1.36411
1.36079
1.35446
1.35451
1.36218
1.36045
1.36053
1.35331
1.35851
1.35605
1.35381
1.35008
1.35932
1.35222
1.34823
1.34782
1.35091
1.34883
1.33618
1.34746
1.3432
1.34162
1.33512
1.35485
1.35232
1.35018
1.34238
1.33854
1.35107
1.35189
1.34622
1.33794
1.33661
1.34094
1.3389
1.33468
1.34094
1.34094
1.34094
1.33712
1.338
1.33007
1.338
1.338
1.338
1.33835
1.33885
1.34094
1.33512
1.34094
1.34094
1.33502
1.34094
1.3356
1.338
1.338
1.33798
1.32964
1.33814
1.338
1.33794
1.36849
1.36849
1.36253
1.35897
1.35478
1.36253
1.36
1.35606
1.35226
1.35274
1.34964
1.35039
1.3685
1.3685
1.36253
1.35918
1.35158
1.36264
1.36018
1.35593
1.34786
1.35011
1.35364
1.35073
1.35038
1.3457
1.34209
1.34454
1.34656
1.33472
1.34094
1.34011
1.34094
1.33429
1.34094
1.34094
1.33059
1.33948
1.33633
1.338
1.338
1.338
1.33736
1.338
1.3363
1.34087
1.34038
1.33696
1.34094
1.34094
1.32798
1.33712
1.33574
1.338
1.33799
1.338
1.338
1.33793
1.3374
1.338
1.38544
1.382
1.37623
1.37339
1.3818
1.3785
1.37129
1.36851
1.36852
1.38585
1.38587
1.38295
1.38558
1.38587
1.38587
1.38442
1.38157
1.37926
1.3722
1.37722
1.37225
1.36856
1.37106
1.36853
1.36729
1.4043
1.39339
1.40198
1.39713
1.3887
1.41246
1.40536
1.40317
1.41441
1.41077
1.40628
1.40398
1.40173
1.40162
1.40122
1.39593
1.39109
1.39999
1.39362
1.3864
1.39901
1.38743
1.38522
1.38536
1.38587
1.38301
1.38666
1.38566
1.38473
1.37886
1.38516
1.38063
1.37466
1.37765
1.37529
1.36933
1.36507
1.37397
1.3686
1.37025
1.36811
1.38545
1.38581
1.38171
1.38107
1.37685
1.38514
1.38356
1.37637
1.3695
1.36721
1.37132
1.36247
1.37853
1.37366
1.36789
1.36244
1.36822
1.36516
1.36286
1.3599
1.36405
1.3586
1.35488
1.36366
1.36032
1.35626
1.35358
1.35011
1.35442
1.35074
1.36499
1.36227
1.35983
1.35578
1.36678
1.36285
1.35683
1.35282
1.35114
1.35336
1.34354
1.34416
1.35526
1.35129
1.34834
1.352
1.34438
1.34022
1.33828
1.34094
1.33794
1.33468
1.34049
1.3402
1.3268
1.33425
1.33535
1.33572
1.33775
1.338
1.33772
1.34111
1.34094
1.34094
1.34094
1.3349
1.33922
1.33382
1.3336
1.3381
1.33907
1.338
1.33665
1.33566
1.33788
1.33751
1.33569
1.35982
1.35759
1.36337
1.3572
1.35376
1.35902
1.35427
1.35072
1.35025
1.34844
1.34375
1.33988
1.35051
1.34638
1.34026
1.34094
1.35727
1.35451
1.35425
1.3526
1.35599
1.35348
1.3523
1.35234
1.34994
1.34825
1.34391
1.34775
1.34266
1.33729
1.32968
1.33917
1.33668
1.33611
1.33987
1.34094
1.33901
1.34061
1.33389
1.32904
1.33263
1.33381
1.3372
1.33659
1.33633
1.3367
1.33529
1.3374
1.33594
1.33444
1.34008
1.33074
1.33702
1.33708
1.33784
1.33696
1.33582
1.33646
1.33311
1.33422
1.33304
1.3352
1.33742
1.33498
1.33256
1.3343
1.3299
1.31076
1.33355
1.33199
1.32468
1.312
1.31404
1.33654
1.33536
1.33494
1.33291
1.34203
1.33534
1.33324
1.33065
1.33158
1.33087
1.33125
1.32687
1.32426
1.32329
1.31073
1.32647
1.32275
1.29492
1.33652
1.33452
1.33163
1.3284
1.32502
1.33033
1.32725
1.32447
1.32581
1.32179
1.28865
1.30319
1.26982
1.25787
1.28624
1.25806
1.23901
1.23835
1.27073
1.25291
1.24775
1.2376
1.28601
1.26335
1.24167
1.23486
1.23486
1.25393
1.23592
1.2333
1.03649
1.21098
1.0341
1.0299
1.02448
1.10969
1.03329
1.02304
1.01877
1.23635
1.23275
1.14278
1.03099
1.02715
1.02225
1.22892
1.19211
1.02942
1.32739
1.32379
1.3261
1.32128
1.32645
1.3239
1.30537
1.3033
1.32641
1.32248
1.29807
1.32658
1.32225
1.29156
1.28751
1.28158
1.26881
1.24884
1.23521
1.26462
1.24201
1.23735
1.22843
1.23551
1.23707
1.15163
1.15616
1.27185
1.26685
1.25616
1.23898
1.26105
1.26033
1.25174
1.23494
1.22285
1.16693
1.23678
1.21852
1.05538
1.15279
1.0297
0.994989
1.33824
1.34474
1.32655
1.31264
1.32392
1.32081
1.28897
1.32501
1.309
1.27817
1.32524
1.32476
1.32228
1.30931
1.29959
1.28092
1.32086
1.28671
1.26829
1.26389
1.26855
1.25645
1.26427
1.26389
1.23678
1.25733
1.2468
1.23925
1.22227
0.978114
1.23545
1.21621
1.05793
1.26546
1.26556
1.24891
1.23766
1.26389
1.24215
1.23164
1.23353
1.22229
1.03278
1.23299
1.22663
1.10838
1.32214
1.30282
1.32615
1.32384
1.30873
1.31166
1.28277
1.2675
1.27598
1.26866
1.26422
1.26913
1.26545
1.26301
1.32606
1.3224
1.3209
1.3148
1.32383
1.32074
1.30743
1.27509
1.27664
1.29429
1.27798
1.27062
1.26917
1.26497
1.26518
1.26275
1.26958
1.26765
1.26131
1.26006
1.2425
1.24554
1.24007
1.26259
1.24613
1.23119
1.22694
1.1932
1.2226
1.21218
1.25578
1.24463
1.24659
1.24851
1.22769
1.16284
1.22282
1.202
1.24634
1.23538
1.24099
1.23036
1.22351
1.22333
1.19727
1.19273
1.22017
1.2155
1.22037
1.19563
1.33721
1.33751
1.33711
1.33784
1.33724
1.336
1.33597
1.33778
1.33686
1.33562
1.33758
1.33645
1.33407
1.3376
1.33643
1.33473
1.33293
1.33288
1.33721
1.33625
1.33649
1.33543
1.33397
1.336
1.33431
1.33406
1.33319
1.33172
1.33252
1.33164
1.3268
1.3331
1.32498
1.31528
1.32028
1.30883
1.31634
1.33617
1.336
1.33428
1.33636
1.33487
1.333
1.33236
1.33286
1.33168
1.32549
1.31387
1.31119
1.32496
1.32404
1.31026
1.32558
1.31639
1.32681
1.31933
1.32518
1.32604
1.32303
1.32311
1.32448
1.31117
1.31229
1.32438
1.30747
1.32381
1.31498
1.30888
1.3079
1.3212
1.30529
1.31887
1.30422
1.30112
1.30775
1.31619
1.31555
1.30402
1.31616
1.31884
1.30152
1.32007
1.31099
1.32094
1.31834
1.32069
1.30064
1.31394
1.3154
1.3157
1.31207
1.31155
1.30844
1.3161
1.31384
1.31189
1.33397
1.33451
1.33237
1.33111
1.32125
1.33231
1.32915
1.33032
1.31714
1.32497
1.3107
1.33319
1.33213
1.32913
1.31365
1.33138
1.3164
1.31649
1.32546
1.32409
1.32367
1.31745
1.31211
1.32106
1.32376
1.30944
1.30597
1.31435
1.31187
1.3267
1.32241
1.31388
1.30413
1.32399
1.30859
1.31161
1.321
1.31585
1.30797
1.32085
1.3034
1.31456
1.30551
1.31595
1.29705
1.31622
1.3127
1.3141
1.29698
1.3094
1.31533
1.29629
1.30906
1.31389
1.30896
1.31073
1.3088
1.30994
1.30594
1.30249
1.31284
1.31048
1.30698
1.30114
1.31175
1.31115
1.30819
1.30589
1.30014
1.30795
1.30425
1.29815
1.33651
1.33546
1.33412
1.33695
1.33567
1.33345
1.33307
1.33596
1.33459
1.3331
1.33397
1.33353
1.33327
1.33277
1.3315
1.33126
1.3212
1.30604
1.32651
1.31788
1.32316
1.33008
1.33319
1.33121
1.31058
1.32006
1.31318
1.32703
1.31057
1.31968
1.32559
1.32468
1.31728
1.31794
1.32476
1.31343
1.30057
1.3079
1.32307
1.30057
1.31536
1.31733
1.30313
1.32504
1.31751
1.30677
1.31241
1.30195
1.32031
1.31232
1.3201
1.29208
1.30331
1.3152
1.3122
1.30509
1.31529
1.31102
1.3083
1.29655
1.31819
1.31626
1.31375
1.31541
1.31166
1.31633
1.31356
1.30993
1.3077
1.30633
1.30278
1.33198
1.32432
1.31104
1.32345
1.30604
1.31159
1.31418
1.32571
1.31229
1.3192
1.32538
1.31561
1.3219
1.30944
1.32048
1.30328
1.3176
1.3169
1.31591
1.30973
1.31694
1.32568
1.31849
1.32642
1.30606
1.316
1.30057
1.30797
1.30839
1.32106
1.32143
1.305
1.31842
1.31626
1.31457
1.31208
1.29532
1.30749
1.30057
1.32024
1.31993
1.31433
1.32047
1.3193
1.32005
1.30418
1.31853
1.31677
1.31433
1.31572
1.31054
1.30934
1.31394
1.31191
1.30881
1.30632
1.30146
1.30843
1.30461
1.29924
1.3175
1.3145
1.31645
1.31259
1.31072
1.31458
1.31135
1.3088
1.31033
1.30842
1.30501
1.311
1.30701
1.30402
1.30461
1.30153
1.30596
1.30231
1.29971
1.30941
1.30856
1.30666
1.3024
1.29629
1.30587
1.29943
1.29322
1.30448
1.29749
1.29215
1.30356
1.29822
1.2965
1.29374
1.3166
1.31226
1.30867
1.30912
1.30625
1.31249
1.30838
1.30456
1.30636
1.30106
1.29497
1.30028
1.30844
1.29093
1.30534
1.30178
1.29334
1.29118
1.2939
1.29059
1.29118
1.2905
1.30488
1.29726
1.29118
1.30303
1.29724
1.29826
1.29118
1.29321
1.29118
1.28463
1.29118
1.28497
1.28043
1.28638
1.28027
1.28578
1.28417
1.28082
1.27969
1.28851
1.2816
1.2782
1.27834
1.27562
1.27685
1.27221
1.27485
1.27017
1.27858
1.27527
1.27296
1.2695
1.27069
1.28087
1.27872
1.27529
1.27451
1.27635
1.27584
1.27485
1.27485
1.27021
1.2695
1.27133
1.2695
1.26894
1.2695
1.2695
1.2695
1.26894
1.30237
1.29748
1.29118
1.29227
1.29118
1.29066
1.2903
1.29088
1.28524
1.28189
1.27774
1.28173
1.28055
1.2792
1.27717
1.29118
1.29112
1.29248
1.29118
1.29011
1.29118
1.28888
1.2824
1.27975
1.2769
1.28258
1.28096
1.27703
1.27552
1.27485
1.27201
1.27485
1.27283
1.2695
1.27485
1.27485
1.2695
1.27062
1.2695
1.26782
1.25344
1.2695
1.25076
1.24381
1.272
1.2695
1.2721
1.2695
1.26212
1.25376
1.24614
1.24372
1.26308
1.24406
1.24153
1.2695
1.26204
1.25574
1.24648
1.2695
1.25566
1.2688
1.25399
1.26368
1.25046
1.24536
1.24146
1.242
1.2362
1.24698
1.24331
1.23516
1.25246
1.24706
1.25842
1.24223
1.23422
1.22655
1.23001
1.21618
1.21931
1.19518
1.21619
1.18807
1.17281
1.16299
1.16447
1.15543
1.23713
1.23237
1.24595
1.24311
1.24968
1.24037
1.23588
1.23885
1.2238
1.19242
1.23585
1.22627
1.23113
1.20285
1.18987
1.16333
1.1589
1.14914
1.16726
1.15477
1.16307
1.14907
1.15683
1.14482
1.14954
1.14282
1.1414
1.14053
1.13747
1.12475
1.13789
1.13317
1.12531
1.24421
1.24182
1.24219
1.23999
1.24719
1.24207
1.23496
1.1948
1.16196
1.18606
1.16602
1.15294
1.15833
1.15549
1.23913
1.20881
1.23523
1.22645
1.1705
1.18072
1.20917
1.18719
1.15879
1.14887
1.16124
1.14943
1.15308
1.14494
1.14644
1.14084
1.1449
1.13156
1.12215
1.12294
1.11633
1.1197
1.11287
1.12798
1.11915
1.11103
1.14283
1.13368
1.1343
1.12293
1.1441
1.13334
1.12137
1.11561
1.10834
1.11507
1.11002
1.2954
1.29118
1.29102
1.29766
1.29344
1.29063
1.28846
1.29136
1.29118
1.2901
1.29073
1.28583
1.29057
1.28581
1.28039
1.27885
1.27499
1.28078
1.27905
1.2768
1.29118
1.29118
1.28989
1.29118
1.29112
1.28832
1.28152
1.28594
1.28502
1.28093
1.27895
1.27791
1.27503
1.28013
1.2778
1.27496
1.27457
1.27496
1.27398
1.2729
1.2695
1.27156
1.2695
1.27052
1.2695
1.26882
1.24463
1.24149
1.2611
1.24422
1.24225
1.26976
1.2695
1.2695
1.26877
1.25771
1.24336
1.24144
1.24581
1.24244
1.24527
1.24149
1.29153
1.29118
1.29118
1.28775
1.29312
1.29064
1.28653
1.28092
1.28012
1.27889
1.28048
1.27576
1.27434
1.27913
1.27739
1.29171
1.29046
1.28706
1.28995
1.28703
1.28186
1.27759
1.28593
1.281
1.28154
1.27875
1.27679
1.27423
1.27341
1.27045
1.27389
1.27043
1.2723
1.2695
1.26305
1.25985
1.27485
1.27622
1.27365
1.27472
1.26924
1.26868
1.27387
1.27061
1.26143
1.25329
1.24366
1.26619
1.24793
1.25925
1.24431
1.26466
1.24956
1.24164
1.23717
1.25031
1.24175
1.23713
1.24654
1.24149
1.24149
1.23802
1.23684
1.21626
1.16512
1.2067
1.16513
1.15054
1.14736
1.14034
1.15222
1.14377
1.1355
1.23643
1.22742
1.18483
1.2109
1.16605
1.20397
1.16637
1.15293
1.14237
1.13541
1.15345
1.14393
1.13694
1.14014
1.13385
1.11922
1.12917
1.12195
1.11458
1.12915
1.12281
1.13049
1.12349
1.23829
1.21039
1.16887
1.23956
1.23158
1.16314
1.1551
1.15473
1.15235
1.14859
1.14297
1.13667
1.14933
1.14261
1.23134
1.20662
1.21571
1.18242
1.23647
1.18239
1.1721
1.15631
1.14887
1.17007
1.16343
1.14874
1.14743
1.1418
1.1415
1.13782
1.12956
1.12374
1.13184
1.12587
1.12324
1.11572
1.14043
1.13376
1.12796
1.12696
1.12427
1.13515
1.12826
1.12067
1.11411
1.11187
1.10946
0.626642
0.625728
0.650488
0.637299
0.64783
0.634363
0.624736
0.647708
0.634621
0.654422
0.654559
0.644012
0.623675
0.633066
0.653661
0.647353
0.623453
0.633343
0.6444
0.638379
0.990539
0.995527
0.998793
0.971705
0.971679
0.974722
0.943971
0.959279
0.953678
0.933221
0.936997
0.932624
0.913505
0.914002
0.917932
0.888585
0.908768
0.901833
0.872553
0.879716
0.879711
0.854602
0.865676
0.863547
0.670629
0.674788
0.668251
0.690969
0.6829
0.688828
0.676989
0.694101
0.697076
0.691599
0.698888
0.708905
0.706394
0.697809
0.765226
0.748539
0.782915
0.764203
0.782119
0.760755
0.836257
0.820438
0.831345
0.832006
0.805644
0.820151
0.81309
0.845112
0.830206
0.844615
0.826723
0.8467
0.777589
0.798529
0.774835
0.80146
0.813973
0.805276
0.787641
0.789547
0.713643
0.70472
0.722926
0.718758
0.714468
0.733124
0.721621
0.729981
0.719056
0.74751
0.735929
0.751701
0.712978
0.702064
0.724399
0.76131
0.776901
0.750421
0.757419
0.735681
0.728182
0.7389
0.738353
0.755471
0.740518
0.73585
0.957629
0.931491
0.972255
0.930464
0.979433
0.957841
0.90022
0.87747
0.885477
0.865573
0.855836
0.84786
0.830661
0.827726
0.810995
0.804279
0.831316
0.78474
0.809271
0.882302
0.855131
0.906944
0.861161
0.829935
0.786239
0.812115
0.829205
0.795909
0.813242
0.992765
1.00723
0.971705
0.971705
0.943379
0.940435
0.925016
0.920725
1.02043
1.02595
0.9796
0.991052
1.01352
0.971705
0.952319
0.969013
0.918737
0.927492
0.953583
0.922393
0.992909
0.967743
0.942338
0.927287
0.895183
0.8913
0.859358
0.878278
0.869313
0.842894
0.865685
0.847933
0.82028
0.841236
0.833587
0.887739
0.883542
0.865258
0.86118
0.890629
0.874178
0.841687
0.810718
0.824802
0.835076
0.823745
0.904652
0.885715
0.869013
0.85282
1.03091
1.00527
1.0339
1.02633
0.964794
0.936354
0.981932
0.948566
1.04475
1.03014
1.04454
1.02803
1.00169
1.00065
0.974574
0.879524
0.869615
0.728959
0.713497
0.746161
0.728439
0.748636
0.71763
0.751563
0.78285
0.769096
0.789418
0.7649
0.782145
0.753082
0.770652
0.697808
0.732309
0.707382
0.720018
0.692994
0.70078
0.749694
0.64268
0.640088
0.649894
0.665191
0.657289
0.666432
0.654025
0.676914
0.668501
0.672701
0.683201
0.682255
0.673458
0.676046
0.672334
0.678258
0.667956
0.68935
0.688948
0.680173
0.684227
0.662897
0.659752
0.703108
0.694602
0.702688
0.693516
0.713047
0.704304
0.711
0.688782
0.694858
0.705678
0.697533
0.702137
0.693795
0.698968
0.696883
0.769187
0.758422
0.773085
0.743596
0.776137
0.770586
0.788678
0.710987
0.706111
0.713227
0.77275
0.750712
0.77885
0.759467
0.78723
0.711702
0.706225
0.716276
0.69397
0.703759
0.672025
0.666075
0.672601
0.663368
0.682537
0.683037
0.65619
0.671593
0.666261
0.679434
0.671859
0.685401
0.665026
0.674795
0.652456
0.64867
0.658661
0.63483
0.647013
0.660363
0.655669
0.694479
0.797606
0.779211
0.801008
0.780041
0.818367
0.796347
0.819823
0.764758
0.748953
0.764017
0.779012
0.80887
0.723356
0.595589
0.588077
0.609704
0.606046
0.60727
0.593549
0.616891
0.612927
0.614146
0.623049
0.622754
0.616967
0.576134
0.575036
0.582699
0.57136
0.57561
0.568498
0
0.571125
0
0
0.57148
0.572127
0.601643
0.587821
0.596911
0.584772
0.610183
0.60466
0.59763
0.57561
0.575425
0.591696
0.568324
0.570674
0.57959
0.574365
0.580675
0.574575
0.568874
0.579353
0.574023
0.566459
0
0.565083
0
0.571125
0.565569
0.572165
0.57257
0
0
0
0
0
0.564855
0.577963
0.571276
0.564272
0.577959
0.572486
0
0
0
0.565375
0.562698
0
0.56163
0
0.576815
0.566357
0.564672
0.562498
0
0.558725
0.583338
0.578111
0.588863
0.580619
0.595797
0.589874
0.593017
0.602724
0.601647
0.593544
0.591491
0.611463
0.612347
0.604048
0.592764
0.61079
0.601281
0.585458
0.588092
0.620252
0.613953
0.617845
0.612503
0.63275
0.62807
0.620145
0.62579
0.604336
0.61765
0.616796
0.573479
0.571125
0
0.566726
0.57561
0.573332
0.574246
0.588449
0.579136
0.578595
0.594233
0.609787
0.602796
0.594304
0.607828
0.600501
0.585885
0.588008
0.582871
0.593054
0.588134
0.578434
0.601323
0.596525
0.587747
0.582968
0.594476
0.589512
0.616772
0.619301
0.609009
0.624779
0.616103
0.60954
0.625636
0.618113
0.629445
0.611823
0.62315
0.603113
0.604373
0.59773
0.611709
0.577329
0.575055
0.564963
0.581992
0.575867
0.581671
0
0
0.562099
0
0.560818
0
0
0
0.569092
0.567892
0.562815
0.573481
0.569025
0.561749
0.560282
0.572838
0.566568
0.575526
0.567913
0
0
0
0
0
0.556312
0
0.5585
0.560065
0.572861
0.564199
0.575162
0.564037
0.56474
0.560174
0.562632
0.558362
0.573845
0.564343
0.572954
0.64172
0.632137
0.657789
0.642394
0.624266
0.636975
0.64552
0.641329
0.634548
0.632287
0.664233
0.665936
0.647884
0.656111
0.624482
0.620247
0.623699
0.671171
0.667624
0.684616
0.677936
0.657502
0.650098
0.670514
0.662901
0.675246
0.68126
0.663247
0.615974
0.612645
0.606787
0.630335
0.622946
0.620737
0.616378
0.600198
0.612091
0.640453
0.648962
0.633775
0.62766
0.623061
0.650591
0.640862
0.641656
0.617039
0.694583
0.692164
0.713342
0.702068
0.684329
0.67459
0.695039
0.68648
0.671379
0.679983
0.723232
0.71499
0.729416
0.729416
0.700816
0.693363
0.716634
0.725029
0.706724
0.697559
0.720079
0.70655
0.713812
0.663902
0.654852
0.663809
0.652959
0.679511
0.667263
0.665075
0.690452
0.683855
0.677396
0.70247
0.699787
0.595593
0.590287
0.601554
0.590538
0.608595
0.608615
0.601743
0.590616
0.602734
0.599988
0.624482
0.632514
0.624482
0.614852
0.610566
0.630546
0.628615
0.621356
0.615611
0.611447
0.628401
0.622174
0.621541
0.635311
0.628585
0.602
0.600059
0.59298
0.597635
0.591547
0.597954
0.603296
0.60076
0.610414
0.607739
0.622871
0.621119
0.636988
0.609842
0.615435
0.611838
0.632588
0.626424
0.633598
0.621325
0.649735
0.660569
0.663285
0.641656
0.640703
0.652063
0.655812
0.638039
0.631451
0.639331
0.632752
0.650809
0.649249
0.686893
0.673523
0.671726
0.69724
0.690277
0.689547
0.662989
0.675944
0.68793
0.688305
0.664067
0.658116
0.678557
0.673976
0.640603
0.634678
0.641326
0.634231
0.653588
0.654481
0.646683
0.655905
0.660222
0.658652
0.638512
0.633635
0.639444
0.655592
0.649467
0.666663
0.688803
0.682906
0.663404
0.657817
0.67502
0.673236
0.666337
0.67867
0.670034
0.69805
0.688257
0.695434
0.681747
0.655592
0.580196
0.584259
0.583661
0.592749
0.592379
0.583571
0.584865
0.594436
0.594227
0.583401
0.583478
0.591645
0.953834
0.936632
0.865056
0.926282
0.889538
0.834438
0.823451
0.84008
0.824388
1.05504
1.03824
1.05224
1.04493
1.01442
0.971705
1.02927
0.986088
1.06303
1.04514
1.07145
1.04974
1.07145
1.05715
1.03799
1.0013
1.03585
1.02595
1.04504
1.03313
0.962197
0.953179
0.903527
0.8519
0.829315
0.988535
0.951322
0.988895
0.968536
1.01451
0.975047
0.889137
0.841684
0.915833
0.854905
0.930287
0.867819
1.07145
1.06065
1.07145
1.07038
1.04691
1.03757
1.05294
1.04088
1.07145
1.07145
1.07145
1.059
1.04373
1.0769
1.07145
1.07571
1.07145
1.07145
1.06492
1.05046
1.07097
1.06384
1.05255
1.07145
1.06329
1.02514
0.994289
1.03507
0.942778
0.904009
1.02536
1.00472
1.03865
1.01804
1.01631
0.967924
0.937726
0.98424
0.96862
0.948959
0.997811
0.971705
1.0447
1.03163
1.04701
1.02809
1.05047
1.03496
1.01836
0.991105
1.02433
0.772287
0.767095
0.784513
0.777139
0.804329
0.781616
0.734888
0.711313
0.758123
0.734279
0.767592
0.711361
0.725706
0.803102
0.785616
0.771789
0.759829
0.683384
0.675485
0.663102
0.648651
0.656351
0.6931
0.68117
0.70574
0.694163
0.706067
0.706225
0.669173
0.661607
0.682709
0.675246
0.696317
0.683696
0.746901
0.715658
0.704782
0.82409
0.824977
0.797638
0.832937
0.817736
0.80814
0.833678
0.821028
0.778116
0.771082
0.793189
0.784793
0.808028
0.795828
0.842762
0.834663
0.823575
0.808304
0.828411
0.817472
0.702657
0.696291
0.758198
0.745267
0.771752
0.764472
0.784761
0.729087
0.710585
0.752854
0.736816
0.774027
0.771002
0.787755
0.782475
0.775566
0.802521
0.792555
0.765875
0.749424
0.771888
0.762064
0.785254
0.858568
0.866087
0.84707
0.904002
0.861207
0.939835
0.897796
0.832736
0.838872
0.828018
1.14136
1.09463
1.21317
1.13219
1.1905
1.17051
1.09845
1.08526
1.15902
1.1505
1.17233
1.16612
1.11185
1.06683
1.15453
0.563438
0
0
0.558203
0
0.59063
0.604447
0.597178
0.625186
0.612741
0.607957
0.575802
0.566473
0.583104
0.578316
0.563756
0.55745
0.572918
0.563756
0.593023
0.587661
0.60097
0.594849
0.579464
0.569056
0.587212
0.585523
0
0
0.560165
0.564044
0.605329
0.605365
0.612997
0.614693
0.611919
0.611017
0.619138
0.613906
0.61203
0.614214
0.615085
0.609861
0.627571
0.616013
0.625146
0.613809
0.630911
0.62365
0.643036
0.620264
0.626232
0.623662
0.623231
0.621893
0.628141
0.620854
0.63394
0.62072
0.642555
0.636971
0.642083
0.631086
0.660858
0.653183
0.651533
0.653504
0.640516
0.664821
0.659111
0.674012
0.675879
0.68511
0.697558
0.690882
0.694421
0.708482
0.702507
0.706752
0.71685
0.712153
0.658543
0.655224
0.665688
0.664174
0.637465
0.633883
0.643273
0.652023
0.651027
0.660299
0.659258
0.663313
0.661944
0.67481
0.669747
0.678346
0.666782
0.659832
0.661301
0.685072
0.682307
0.661711
0.673324
0.684817
0.682518
0.697181
0.691308
0.640191
0.632477
0.649318
0.642277
0.654061
0.649308
0.629383
0.616176
0.635063
0.634313
0.645166
0.641309
0.658248
0.66427
0.658298
0.673432
0.669243
0.64121
0.650137
0.64904
0.648023
0.659212
0.653526
0.609823
0.605284
0.625573
0.615605
0.598413
0.593132
0.608637
0.636536
0.630565
0.642819
0.636282
0.622751
0.63157
0.692517
0.68025
0.703499
0.6983
0.660013
0.673769
0.661098
0.67048
0.688855
0.678563
0.705101
0.715497
0.712265
0.712848
0.727227
0.690159
0.703256
0.696583
0.719357
0.708198
0.719977
0.710119
0.739578
0.723622
0.750756
0.742733
0.655029
0.649917
0.663466
0.65459
0.684104
0.699478
0.83888
0.812849
0.836032
0.865684
0.85373
0.897721
0.886585
0.917261
0.908185
0.910471
0.90116
0.875275
0.872903
0.893054
0.887557
0.872782
0.877295
0.875613
0.873246
0.868595
0.876828
0.880535
0.716843
0.726928
0.720568
0.736543
0.739965
0.746231
0.74185
0.732451
0.731058
0.778989
0.766762
0.782043
0.787684
0.780601
0.75083
0.742585
0.755401
0.765388
0.757436
0.771531
0.696055
0.689522
0.688036
0.702679
0.70289
0.696144
0.712705
0.701993
0.717923
0.712375
0.713612
0.714921
0.706945
0.731202
0.727395
0.753912
0.744984
0.722992
0.718455
0.737386
0.731015
0.796301
0.805081
0.804036
0.79237
0.792283
0.817592
0.806602
0.818797
0.78239
0.776941
0.799726
0.793509
0.862568
0.840477
0.875156
0.866059
0.812959
0.812013
0.851008
0.830502
0.770813
0.759701
0.784533
0.776309
0.758272
0.747988
0.769826
0.76436
0.76895
0.79617
0.792539
0.809971
0.808872
0.786851
0.777905
0.789933
0.781138
0.802197
0.801498
0.796688
0.999036
0.977497
1.00158
0.997628
0.986826
0.97629
0.957775
0.938129
0.966723
0.964926
0.947321
0.939437
1.0178
0.999408
0.988594
1.01104
1.00255
0.994628
0.989483
0.96916
0.950819
0.936987
0.958471
0.868734
0.921423
0.908768
0.894014
0.914204
0.900997
0.8772
0.811562
0.860578
0.922339
0.908768
0.93337
0.928743
0.912604
0.885102
0.869517
0.903878
0.828662
0.895408
0.846034
0.858277
0.821454
0.834321
0.812233
0.902721
0.79776
0.870845
0.796832
0.764765
0.77179
0.956619
0.93099
0.930732
0.897233
0.894639
0.773876
0.765667
0.772439
0.761498
0.774855
0.773279
0.768081
0.736732
0.746637
0.772582
0.757707
0.737654
0.743434
1.01461
0.906444
0.953581
0.897233
0.890961
0.84686
0.874343
0.841635
0.909142
0.897233
0.886885
0.849866
0.828747
0.858357
0.856784
0.820083
0.813382
0.831609
0.807467
0.810655
0.799815
0.782548
0.774492
0.781241
0.806373
0.798012
0.802164
0.784988
0.759306
0.748615
0.735263
0.760894
0.740764
0.745626
0.73887
0.728795
0.727111
0.738206
0.732733
0.702517
0.726134
0.71369
0.733537
0.733201
0.724027
0.728375
0.702153
0.714258
0.689501
0.70454
0.719052
0.720756
0.715005
0.684427
0.691986
0.720756
0.705388
0.689414
0.698677
0.842124
0.85546
0.840039
0.786201
0.861686
0.794975
0.855791
0.812717
0.822668
0.813125
0.804859
0.767443
0.766491
0.861197
0.772373
0.76388
0.768594
0.750969
0.794127
0.785008
0.783739
0.770888
0.750494
0.752512
0.773685
0.757677
0.742635
0.763153
0.76461
0.735428
0.756641
0.72962
0.727835
0.721183
0.721061
0.720756
0.712323
0.705255
0.71264
0.680334
0.706316
0.694458
0.683349
0.674849
0.699486
0.689449
0.731047
0.747537
0.727656
0.738162
0.709397
0.730376
0.721473
0.739767
0.719893
0.709383
0.713397
0.68113
0.671447
0.708466
0.695243
0.678832
0.671372
0.70491
0.69167
0.72959
0.720237
0.739038
0.725534
0.720756
0.674421
0.685921
0.666624
0.677179
0.666266
0.663084
0.666077
0.671179
0.66056
0.667738
0.658464
0.654431
0.66304
0.681025
0.675389
0.682829
0.697674
0.928206
0.897598
0.932785
0.881392
0.827486
0.810716
0.812146
0.804465
0.933859
0.898917
0.954656
0.928357
0.81323
0.772582
0.756899
0.730884
0.74152
0.763176
0.760627
0.738515
0.752785
0.736433
0.802399
0.803391
0.802255
0.836837
0.94751
0.902135
0.805005
0.796388
0.807596
0.795957
0.796114
0.779686
0.790994
0.773181
0.762493
0.784624
0.774372
0.782198
0.774336
0.760538
0.745465
0.762493
0.736838
0.74152
1.05238
0.989755
0.933494
1.07957
0.94984
0.953378
0.853376
0.798531
0.797541
0.902321
0.830202
0.872016
0.808335
0.99507
0.963342
1.07966
0.962795
1.04192
0.966119
0.938667
0.831865
0.943433
0.879065
0.963742
0.808333
0.950768
0.871177
0.791589
0.772159
0.789457
0.774021
0.795761
0.779674
0.762493
0.751511
0.765344
0.762493
0.770123
0.764747
0.791589
0.786654
0.780088
0.766104
0.806121
0.791589
0.808085
0.791622
0.804604
0.802369
0.786511
0.779555
0.791589
0.787229
0.795701
0.791589
0.677156
0.702754
0.688774
0.675126
0.667605
0.697637
0.685419
0.727874
0.718523
0.73347
0.720756
0.71329
0.727845
0.676358
0.66485
0.70007
0.688637
0.67171
0.66082
0.679297
0.668858
0.718329
0.707456
0.727142
0.720756
0.728775
0.706775
0.714582
0.693398
0.695054
0.704041
0.732144
0.720756
0.659537
0.678574
0.670147
0.686602
0.683249
0.712845
0.699899
0.69107
0.667522
0.678851
0.700858
0.690144
0.652536
0.661888
0.651153
0.644737
0.660412
0.650844
0.672985
0.683481
0.635019
0.657105
0.648523
0.626418
0.635101
0.618278
0.606749
0.621835
0.614839
0.66432
0.655931
0.678491
0.666841
0.645785
0.635479
0.660196
0.646502
0.630057
0.622356
0.626237
0.739755
0.720185
0.746081
0.734971
0.725535
0.74152
0.730599
0.71095
0.71095
0.696435
0.718016
0.71095
0.762493
0.743262
0.703039
0.724776
0.713368
0.770633
0.753875
0.770705
0.761629
0.777705
0.78262
0.774992
0.738461
0.724048
0.756292
0.739334
0.770005
0.762746
0.690867
0.701255
0.710844
0.692806
0.683888
0.70395
0.694348
0.678838
0.66629
0.689272
0.683179
0.716414
0.710525
0.732398
0.727849
0.749658
0.748834
0.700106
0.692158
0.71236
0.711383
0.794833
0.858927
0.829138
0.84981
0.854541
0.845936
0.864628
0.85923
0.791589
0.791589
0.790391
0.776656
0.791589
0.788235
0.798978
0.720239
0.748196
0.77694
0.791974
0.770674
0.801318
0.797256
0.752425
0.764192
0.766961
0.759088
0.784462
0.77389
0.737453
0.732851
0.761902
0.755744
0.784638
0.798524
0.793379
0.788912
0.809808
0.804408
0.784152
0.773703
0.790927
0.785689
0.809242
0.823003
0.815954
0.812585
0.829753
0.824054
0.855838
0.841113
0.863588
0.859183
0.846409
0.83068
0.86581
0.81844
0.83782
0.826885
0.819813
0.838652
0.847319
0.814501
0.831868
0.864532
0.869547
0.868758
0.86581
0.892145
0.880083
0.85838
0.86581
0.738353
0.732732
0.747344
0.736663
0.729416
0.745653
0.738353
0.728362
0.722525
0.729416
0.721915
0.735369
0.730369
0.73391
0.737435
0.701913
0.713293
0.756641
0.745583
0.750058
0.718219
0.722128
0.739393
0.738353
0.738353
0.737697
0.752764
0.713812
0.647923
0.644246
0.666619
0.655976
0.647842
0.671103
0.679224
0.66534
0.659277
0.674381
0.665877
0.636599
0.645253
0.630302
0.624765
0.633613
0.628234
0.616533
0.620009
0.651349
0.661123
0.642118
0.632881
0.653189
0.635893
0.625341
0.644232
0.634301
0.60946
0.612571
0.619116
0.696814
0.701913
0.701913
0.684154
0.676613
0.696081
0.696264
0.710052
0.714672
0.725241
0.706304
0.727746
0.730378
0.729271
0.671364
0.686706
0.690057
0.670838
0.676429
0.658018
0.645433
0.679582
0.703216
0.71579
0.701913
0.706874
0.72302
0.696023
0.713892
0.722698
0.729416
0.737539
0.733508
0.738151
0.751358
0.741728
0.756531
0.748644
0.738061
0.74394
0.748747
0.714949
0.701913
0.714294
0.706966
0.729416
0.729416
0.713235
0.705135
0.702005
0.729416
0.713812
0.729416
0.716992
0.729416
0.729416
0.732667
0.732769
0.736151
0.738314
0.725526
0.734364
0.733484
0.738663
0.748126
0.750671
0.737521
0.754371
0.745876
0.771028
0.757976
0.767973
0.758268
0.69922
0.709962
0.7038
0.729416
0.718392
0.725427
0.716473
0.710038
0.70051
0.715101
0.72651
0.726216
0.730662
0.731635
0.739625
0.74234
0.733059
0.728279
0.751737
0.765224
0.75815
0.74152
0.751618
0.771417
0.764029
0.757631
0.784692
0.771339
0.786509
0.770359
0.728279
0.73779
0.751618
0.731368
0.751618
0.79058
0.774099
0.791282
0.76937
0.783871
0.759805
0.775935
0.763413
0.790431
0.773828
0.786655
0.777325
0.794933
0.798988
0.800896
0.778868
0.7652
0.780985
0.790795
0.792134
0.816602
0.807282
0.820555
0.80048
0.803226
0.804078
0.813097
0.807127
0.828394
0.819423
0.841831
0.828416
0.837171
0.83205
0.801933
0.626635
0.628719
0.628089
0.603602
0.597438
0.60635
0.600484
0.591152
0.60397
0.595343
0.58751
0.588633
0.614565
0.619999
0.606991
0.601664
0.620431
0.593077
0.579387
0.573086
0.586081
0.576362
0.569077
0.579257
0.572783
0.603858
0.594008
0.610136
0.601099
0.587423
0.607612
0.598123
0.586575
0.582895
0.661624
0.64465
0.674493
0.657879
0.632884
0.677499
0.652751
0.695703
0.70819
0.690393
0.70136
0.63
0.671508
0.647171
0.622803
0.665244
0.638265
0.706549
0.689076
0.700287
0.688376
0.698299
0.686858
0.693504
0.623973
0.621111
0.614954
0.609974
0.610856
0.602672
0.592505
0.585871
0.603659
0.585873
0.57974
0.632901
0.62294
0.612806
0.596936
0.620949
0.609458
0.581138
0.611173
0.590723
0.58574
0.581783
0.599192
0.585882
0.564178
0.572753
0.567685
0.561103
0.569175
0.562672
0.584533
0.603634
0.58696
0.580586
0.589022
0.585593
0.578946
0.570759
0.563276
0.55821
0.55661
0.551985
0.578978
0.574334
0.586152
0.581941
0.572303
0.564654
0.567588
0.562309
0.561588
0.558876
0.671347
0.639822
0.680207
0.670943
0.630321
0.619716
0.653953
0.631888
0.625765
0.620417
0.642267
0.68578
0.706365
0.698003
0.690927
0.687212
0.701148
0.693735
0.677725
0.654141
0.632979
0.675572
0.65615
0.621298
0.68768
0.617085
0.563195
0.560827
0.553167
0.549793
0.557421
0.5495
0.548664
0.552393
0
0
0.5495
0.738952
0.752671
0.732388
0.749552
0.729395
0.753518
0.714053
0.768504
0.781708
0.763769
0.780618
0.7658
0.780386
0.72371
0.747308
0.714702
0.752869
0.747166
0.711404
0.761098
0.790909
0.787723
0.767033
0.760818
0.787743
0.782469
0.808712
0.822054
0.811353
0.807682
0.820109
0.819426
0.846066
0.833033
0.849161
0.837968
0.82883
0.852643
0.805802
0.800548
0.821356
0.806962
0.823756
0.841214
0.847332
0.837384
0.72118
0.713534
0.746932
0.734062
0.720719
0.745491
0.767049
0.787891
0.756988
0.808788
0.818775
0.971705
1.03361
1.01745
0.98639
1.02595
1.02282
1.11634
0.82201
0.817572
0.801474
0.822812
0.816416
0.785291
0.773558
0.79091
0.796414
0.78535
0.804924
0.828429
0.827082
0.834951
0.801469
0.800052
0.808622
0.809145
0.807851
0.826102
0.814176
0.870472
0.959784
0.9072
0.921732
0.856513
0.839514
0.878401
0.86158
0.845063
0.884814
0.866683
0.971705
0.946965
0.978762
0.971705
0.949867
1.04904
1.04991
0.920056
0.850571
0.886901
0.870533
0.873886
0.947495
1.09398
0.921586
0.888675
1.08237
0.979317
0.888675
1.07548
1.07414
0.831366
0.836898
0.847456
0.8444
0.864868
0.858624
0.845355
0.873886
0.888675
1.06354
0.824947
0.833833
0.850699
0.853559
0.840295
0.827697
0.840846
0.824449
0.851252
0.837402
0.855822
0.846159
0.856841
0.858497
0.862542
0.850776
0.87003
0.873491
0.866873
0.885001
0.863525
0.858643
0.873886
0.872217
0.873886
0.878824
0.883978
0.868965
0.945629
1.05536
1.05285
0.99373
1.05909
1.05312
1.05285
0.888675
0.888675
0.888675
0.978513
0.881534
0.894531
1.06849
1.05806
1.04871
1.05909
1.0518
1.04144
1.05536
1.03775
1.02842
1.15896
1.15239
1.14819
1.16574
1.15694
1.155
1.14669
1.14703
1.13843
1.14578
1.1389
1.14006
1.12591
1.13088
1.11756
1.14723
1.08615
1.14332
1.13248
1.12808
1.11907
1.11505
1.11155
1.11022
1.10414
1.099
1.13482
1.11476
1.11374
1.10685
1.10447
1.09681
1.10858
1.10203
1.09795
1.08588
1.08779
1.07688
1.13795
1.12735
1.12693
1.11944
1.11572
1.10904
1.10845
1.09855
1.13254
1.12177
1.11155
1.12216
1.10158
1.09298
1.11407
1.10772
1.11506
1.09913
1.10341
1.09493
1.09685
1.08575
1.0918
1.08563
1.08664
1.07719
1.07451
1.09788
1.08662
1.08873
1.07687
1.07797
1.06555
1.06374
1.05285
1.06006
1.05497
1.05285
1.08521
1.0756
1.07636
1.05414
1.06842
1.05285
1.05285
1.05285
1.05285
1.04653
1.0477
1.04232
1.11094
1.10213
1.09024
1.10065
1.09254
1.08115
1.07605
1.09972
1.09919
1.09067
1.08947
1.07708
1.0782
1.06124
1.05451
1.05285
1.0825
1.06656
1.07226
1.05467
1.05579
1.05285
1.06849
1.05732
1.05285
1.05428
1.05285
1.05285
1.04883
1.04868
1.04568
1.03055
1.04064
1.05285
1.04232
1.03021
1.00671
1.02606
1.02839
1.01091
1.01487
0.993534
1.00024
0.992553
1.00182
0.994846
1.05285
1.04589
1.04909
1.0324
1.0357
1.00961
1.01365
0.999858
1.03684
1.01222
1.01811
1.00146
0.996437
0.993534
0.993534
0.989279
1.03065
1.01075
0.998499
1.03516
1.01642
1.00178
0.991565
0.987375
0.983477
0.977483
0.980996
0.973099
0.976384
0.969946
0.968932
0.960239
0.956425
0.959395
0.951351
0.956873
0.998977
0.993534
0.993139
0.990386
0.9871
0.981529
0.977298
0.973235
0.987501
0.985476
0.981658
1.05194
1.04582
1.04418
1.02626
1.03926
1.02695
1.02511
1.01747
1.02034
1.0188
1.00369
0.992635
0.993204
0.988824
1.00409
1.00573
0.996549
1.03831
1.02993
1.02147
1.0212
1.01014
1.0313
1.02234
1.01498
0.866814
0.889692
0.8757
0.868682
0.900871
0.881296
0.89195
0.878244
0.898007
0.91101
0.915087
0.887434
0.876083
0.897132
0.889021
0.876491
0.870165
0.896923
0.912069
0.916179
0.914538
0.923418
0.911852
1.06601
0.98213
1.06663
1.05274
1.04255
1.04059
1.0319
1.05516
1.04464
1.03459
1.03593
1.06569
1.05325
1.08144
1.06745
1.05438
1.05829
1.04357
1.03479
1.0424
1.03445
0.903548
0.909742
0.885689
0.903308
0.883047
0.905465
0.918325
0.951853
0.914958
0.925964
0.915449
0.977078
0.898021
0.912392
0.905803
0.908183
0.916363
0.87602
0.925066
1.05213
0.925998
1.02794
1.09036
1.07985
1.06721
1.05901
1.08301
1.06861
1.06022
1.0463
1.04615
1.08877
1.08698
1.08014
1.06733
1.05882
1.07871
1.06485
1.06443
1.04486
1.03852
1.05664
1.04824
1.03858
1.02034
0.762999
0.750739
0.772292
0.760632
0.728903
0.724936
0.739832
0.740213
0.738452
0.748351
0.764298
0.75089
0.772649
0.767317
0.782404
0.769898
0.775454
0.795409
0.785534
0.755282
0.744027
0.755756
0.771941
0.792757
0.795409
0.716351
0.807214
0.795435
0.807913
0.794564
0.815199
0.808555
0.818636
0.784744
0.809771
0.826385
0.81474
0.837525
0.849337
0.848005
0.928431
0.946394
0.939887
0.943947
0.934844
0.956328
0.953363
0.94902
0.945707
0.953021
0.921707
0.932299
0.927815
0.923717
0.92183
0.941834
0.937628
0.937152
0.930148
0.964631
0.961341
0.960143
0.956639
0.976315
0.973737
0.972968
0.964736
0.952753
0.949211
0.945606
0.943173
0.95623
0.947739
0.910769
0.906002
0.91801
0.902721
0.925535
0.922069
0.917526
0.911175
0.888113
0.878963
0.905868
0.893056
0.940487
0.932068
0.92364
0.941555
0.935733
0.935787
0.930389
0.915563
0.909989
0.929798
0.923482
0.924843
0.916915
0.990065
0.982744
0.972674
0.998754
0.991906
0.983173
0.98462
0.977154
0.964986
0.978308
0.970585
0.958468
0.961832
0.997798
1.01728
1.00613
0.992815
0.994708
0.992432
0.987494
0.988159
0.97788
0.970623
0.969343
0.965451
0.989466
0.983426
0.970438
0.955157
0.956913
0.964941
0.960686
0.948359
0.952063
0.967939
0.961989
0.95399
0.948111
0.948704
0.964134
0.95872
0.952802
0.948284
0.939258
0.949947
0.944211
0.935485
0.927181
0.922961
0.938467
0.930369
0.947716
0.941837
0.936548
0.942548
0.946966
0.94042
0.877161
0.875429
0.894913
0.879447
0.889354
0.874484
0.866492
0.861318
0.873655
0.871271
0.910076
0.897727
0.910629
0.908438
0.892856
0.901946
0.883421
0.875414
0.873148
0.883687
0.880875
0.839452
0.822672
0.82272
0.862661
0.853014
0.844045
0.811123
0.816056
0.809958
0.827758
0.825616
0.873595
0.868264
0.858992
0.878175
0.871754
0.871645
0.866805
0.83966
0.83889
0.866596
0.925121
0.921257
0.91076
0.924509
0.920519
0.914412
0.910139
0.915126
0.900304
0.891097
0.909364
0.902333
0.929406
0.925536
0.923401
0.935642
0.927858
0.92228
0.921165
0.918245
0.913811
0.911636
0.907987
0.912038
0.911057
0.912485
0.879646
0.876801
0.878876
0.893588
0.886337
0.878438
0.872688
0.903063
0.899278
0.885955
0.901214
0.860041
0.861527
1.02332
1.02309
1.02334
1.03752
1.02943
1.01698
1.02106
1.0375
1.02575
1.0194
1.03765
1.02856
1.02189
1.03982
1.03239
1.0227
1.03112
1.01614
1.00802
1.00741
1.00107
1.01575
1.00791
1.00205
0.990648
1.00386
0.998012
0.98576
0.986741
0.983481
0.977849
0.977374
1.01883
1.01264
1.01286
1.0049
0.996266
0.988541
1.00631
0.99887
0.99145
0.98124
0.985675
0.966297
0.96142
0.965002
0.959151
0.971909
0.96629
0.960708
0.95194
0.946438
0.955054
0.948937
0.971528
0.965819
0.962046
0.97246
0.967055
0.968815
0.968815
0.958872
0.963122
0.942307
0.950828
0.945198
0.954966
0.948133
0.94447
0.95543
0.951847
0.948893
1.01563
1.01517
1.01062
1.00439
0.997671
1.00958
1.00367
0.998505
0.988402
0.990827
1.02231
1.01635
1.01259
1.02527
1.0191
1.01391
1.01125
1.00803
1.00095
1.00784
1.00071
0.992092
0.984998
1.00075
0.994687
0.98334
0.978788
0.968815
0.965616
0.983345
0.970836
0.968815
0.961845
0.984764
0.981495
0.978635
0.981387
0.964723
0.968815
0.968815
0.967453
0.960437
0.955069
0.958117
0.951797
0.963166
0.960324
0.954175
0.948874
0.956908
0.950876
0.948815
0.970372
0.968815
0.968815
0.968262
0.975581
0.970778
0.968815
0.963388
0.965087
0.968815
0.96535
0.965178
0.960552
0.954683
0.957198
0.952943
0.961474
0.960673
0.937447
0.932222
0.926415
0.941172
0.937194
0.931115
0.920101
0.923578
0.927307
0.917387
0.910841
0.923063
0.914888
0.924966
0.924218
0.92272
0.941449
0.937612
0.932767
0.943387
0.938195
0.934608
0.930685
0.939176
0.935599
0.937589
0.933815
0.928359
0.92449
0.92186
0.928449
0.907188
0.945826
0.944589
0.940716
0.935449
0.946249
0.945062
1.1018
1.10802
1.10317
1.11444
1.11298
1.10827
1.09846
1.09064
1.10814
1.10055
1.08906
1.11278
1.11226
1.10649
1.10065
1.09365
1.10525
1.0994
1.09152
1.11278
1.11358
1.10435
1.09816
1.0896
1.10749
1.0969
1.08939
1.10573
1.09677
1.09364
1.10625
1.10175
0.936966
0.931891
0.934095
0.926595
0.93257
0.926285
0.930363
0.923265
0.761829
0.761411
0.769817
0.768545
0.774784
0.744339
0.761659
0.752351
0.731258
0.755048
0.744507
0.658115
0.658548
0.661947
0.669513
0.684884
0.6728
0.686484
0.677181
0.665584
0.671477
0.665289
0.678074
0.695495
0.684495
0.696138
0.687901
0.64017
0.64352
0.628103
0.645494
0.650571
0.650126
0.640164
0.657686
0.646097
0.654677
0.662304
0.653722
0.670617
0.686798
0.703053
0.693569
0.694846
0.712815
0.703902
0.688795
0.684389
0.693605
0.646493
0.666363
0.653824
0.662482
0.656883
0.662317
0.662391
0.662304
0.676533
0.663144
0.650263
0.655295
0.66694
0.672082
0.675694
0.611356
0.624349
0.616404
0.645218
0.607546
0.68207
0.687644
0.67578
0.645457
0.690601
0.685491
0.693969
0.702363
0.691243
0.715169
0.704359
0.713334
0.717528
0.721835
0.739946
0.730364
0.700888
0.708367
0.70886
0.721586
0.719145
0.729309
0.746021
0.733441
0.715565
0.712344
0.720463
0.744694
0.731767
0.73989
0.734046
0.753008
0.73728
0.76392
0.76883
0.757227
0.72641
0.745094
0.73136
0.729434
0.745687
0.737653
0.714675
0.720799
0.722451
0.719825
0.728982
0.69067
0.709013
0.697819
0.714107
0.680324
0.751335
0.754268
0.758805
0.735448
0.722199
0.725677
0.752708
0.740767
0.720916
0.747871
0.734348
0.719604
0.725004
0.591614
0.577855
0.613148
0.612719
0.595706
0.620527
0.614315
0.645129
0.638844
0.645379
0.622695
0.654181
0.649898
0.664611
0.661082
0.650555
0.622631
0.619737
0.616177
0.618114
0.648337
0.645529
0.650899
0.627319
0.604245
0.601796
0.589101
0.592411
0.618208
0.623546
0.609983
0.591928
0.585691
0.582835
0.601403
0.634732
0.571966
0.576225
0.602731
0.588822
0.589849
0.577432
0.581547
0.567801
0.592813
0.578796
0.574474
0.619744
0.603885
0.645547
0.630704
0.62658
0.600413
0.586642
0.584378
0.619612
0.603732
0.615321
0.584961
0.601704
0.679359
0.670677
0.700186
0.69019
0.695136
0.681962
0.673182
0.658609
0.658988
0.688962
0.67585
0.681103
0.666281
0.711356
0.705826
0.702948
0.691919
0.708212
0.720026
0.704065
0.645819
0.680322
0.668184
0.647696
0.658695
0.64049
0.641405
0.645764
0.624331
0.617067
0.619701
0.64549
0.627571
0.643929
0.634116
0.684843
0.669875
0.685452
0.666175
0.71601
0.70182
0.694894
0.68428
0.657626
0.665569
0.680411
0.655457
0.655149
0.64459
0.674769
0.660463
0.659894
0.614276
0.633135
0.645207
0.656426
0.77404
0.794528
0.78059
0.770599
0.77767
0.794847
0.784395
0.797429
0.78706
0.787544
0.80653
0.793758
0.814502
0.804359
0.814722
0.800987
0.817817
0.817678
0.863929
0.841664
0.850791
0.835309
0.806435
0.793586
0.809612
0.805683
0.826564
0.816725
0.7926
0.781084
0.790801
0.785091
0.812769
0.802726
0.802706
0.802149
0.777952
0.775664
0.791687
0.785866
0.789567
0.78206
0.772
0.766192
0.782748
0.833209
0.820754
0.831335
0.807321
0.858991
0.839316
0.867325
0.868726
0.862643
0.810335
0.797962
0.81309
0.867163
0.844267
0.86729
0.84786
0.878015
0.890325
0.879751
0.886552
0.874683
0.875365
0.875721
0.885063
0.881446
0.914152
0.934403
0.927141
0.931226
0.923054
0.878155
0.907471
0.893671
0.904389
0.890183
0.917188
0.909466
0.914359
0.896473
0.919905
0.914345
0.914505
0.908486
0.937278
0.934985
0.926983
0.921126
0.925696
0.903425
0.901199
0.870801
0.875636
0.874773
0.864464
0.856873
0.87191
0.872627
0.831842
0.813336
0.839323
0.864852
0.870493
0.862161
0.868076
0.873491
0.879929
0.872955
0.877289
0.874082
0.879457
0.874564
0.896645
0.880356
0.892003
0.884819
0.87979
0.874945
0.875103
0.874009
0.882394
0.875782
0.887272
0.873075
0.91591
0.907381
0.912364
0.9037
0.922534
0.920392
0.910921
0.898134
0.908638
0.900344
0.918213
0.920742
0.916065
0.868694
0.754631
0.741591
0.757059
0.741139
0.764437
0.755204
0.769945
0.728374
0.760881
0.77803
0.765124
0.778943
0.787547
0.76914
0.788498
0.777728
0.760439
0.751576
0.739989
0.766847
0.771514
0.761537
0.746384
0.734403
0.744406
0.735934
0.769018
0.759447
0.753213
0.742629
0.801682
0.784826
0.79588
0.781161
0.864792
0.832763
0.86558
0.830785
0.787555
0.777606
0.858574
0.831356
0.787434
0.774402
0.844529
0.7842
0.767839
0.766452
0.774753
0.727522
0.749399
0.737124
0.753766
0.746796
0.742283
0.752943
0.74877
0.783392
0.766528
0.761431
0.755024
0.758832
0.873274
0.872572
0.877282
0.873951
0.886901
0.87416
0.889505
0.874539
0.875625
0.871733
0.874119
0.875561
0.871336
0.872478
0.874999
0.902191
0.896886
0.903561
0.898894
0.918171
0.911144
0.918307
0.910042
0.899601
0.888126
0.893875
0.905752
0.902664
0.887345
0.88293
0.876845
0.895402
0.899115
0.892232
0.880001
0.865389
0.865031
0.824945
0.8717
0.872817
0.868266
0.893895
0.882977
0.866154
0.821771
0.872158
0.86472
0.825404
0.871224
0.864714
0.777212
0.792396
0.76683
0.846213
0.780289
0.769864
0.825407
0.784556
0.876302
0.871443
0.871641
0.880871
0.890248
0.880776
0.873476
0.865423
0.870742
0.869943
0.866384
0.840306
0.871618
0.867242
0.867659
0.721347
0.704246
0.694068
0.731642
0.72903
0.704478
0.693513
0.718024
0.712615
0.705269
0.686385
0.683272
0.677429
0.701621
0.696707
0.69259
0.746215
0.748032
0.735726
0.732439
0.719941
0.74954
0.740616
0.736085
0.718064
0.704028
0.735274
0.722752
0.671116
0.684717
0.6783
0.679992
0.695826
0.700834
0.709168
0.707696
0.688998
0.689516
0.70766
0.700426
0.755454
0.748617
0.757382
0.746833
0.77509
0.762503
0.765418
0.747764
0.739484
0.759623
0.751076
0.812045
0.804168
0.782703
0.849526
0.852103
0.821479
0.771983
0.766784
0.790878
0.780831
0.733603
0.730918
0.747327
0.742121
0.730921
0.721606
0.716642
0.742517
0.745822
0.743388
0.728493
0.763552
0.762184
0.756131
0.776586
0.775643
0.771499
0.752531
0.750251
0.75082
0.76703
0.759782
0.763018
0.572569
0.569693
0.576141
0.572564
0.572328
0.570973
0.57039
0.577186
0.579417
0.572227
0.579717
0.564599
0.567624
0.564171
0.5473
0.572142
0.57126
0.587277
0.579874
0.58399
0.57098
0.588057
0.585937
0.581249
0.57915
0.577818
0.582133
0.579337
0.573874
0.572121
0.570448
0.613315
0.612225
0.589874
0.629973
0.615768
0.60459
0.589552
0.591127
0.615652
0.61493
0.609585
0.614712
0.64411
0.637337
0.653964
0.652139
0.636202
0.631066
0.650259
0.649438
0.665509
0.664724
0.674167
0.677529
0.654992
0.65021
0.668173
0.667393
0.68525
0.685529
0.684081
1.05743
1.05285
1.05285
1.05172
1.05285
1.04274
1.04596
1.02176
1.04398
1.0289
1.02973
1.00909
1.01597
1.02188
1.00115
1.08195
1.09331
1.08455
1.0698
1.05833
1.05997
1.05523
1.07352
1.07822
1.06586
1.05513
1.05285
1.09332
1.08518
1.08455
1.0781
1.09243
1.08282
1.07564
1.06164
1.05651
1.06615
1.06915
1.05659
1.05285
1.05569
1.05285
1.04801
1.05285
1.05285
1.05285
1.05285
1.04279
1.05285
1.02936
1.05154
1.03338
1.05171
1.03721
1.02161
1.03626
1.02612
1.01981
1.00725
1.00955
0.993534
0.997998
1.01133
1.00087
1.04772
1.04039
1.02898
1.03978
1.01535
1.00466
0.993582
0.997994
1.03184
1.02352
1.02902
1.01946
1.01377
1.00637
0.999538
0.998341
0.992795
0.994496
1.00796
1.00297
0.993534
0.993534
0.996386
0.993756
0.995073
0.992069
0.982623
0.986174
0.977611
0.980224
0.976035
1.00607
0.993534
0.995222
0.993534
0.998667
0.993534
0.991884
0.993534
0.990304
0.993534
0.992827
0.993534
0.988229
0.9896
0.981058
0.97612
0.981126
0.969817
0.974345
0.98249
0.977133
0.95823
0.963367
0.974431
0.955367
0.963277
0.95445
0.948441
0.951786
0.942507
0.959124
0.972195
0.952164
0.960348
0.963562
0.948373
0.95521
0.947473
0.942319
0.943519
0.940311
0.991545
0.984324
0.963331
0.974666
0.968482
0.973187
0.965449
0.978887
0.979633
0.974258
0.968279
0.958556
0.967574
0.961848
0.956733
0.962896
0.958594
0.958143
0.948294
0.953372
0.943781
0.955292
0.949313
0.942148
0.93872
0.941761
0.950991
0.946233
0.940482
0.949267
0.943321
0.934379
0.926838
0.932366
0.923879
0.936657
0.958878
0.958288
0.955097
0.951325
0.947039
0.954022
0.993534
0.993311
0.987061
0.988015
0.980158
0.992644
0.989874
0.984581
0.97563
0.979296
0.985073
0.980204
0.974508
0.966691
0.961166
0.976472
0.976905
0.973974
0.991745
0.988293
0.981008
0.98316
0.977825
0.989203
0.991701
0.987603
0.981242
0.973891
0.928885
0.922539
0.925368
0.920488
0.941189
0.935209
0.928923
0.923037
0.916234
0.926071
0.921973
0.947281
0.942951
0.957022
0.952074
0.945034
0.941774
0.94923
0.942901
0.936493
0.9369
0.940351
0.930345
0.925486
0.920587
0.922178
0.941748
0.93696
0.927721
0.932828
0.925208
0.962791
0.957908
0.971149
0.960646
0.955512
0.95771
0.975077
0.976695
0.969384
0.962272
0.970019
0.960758
0.972395
0.967544
0.964679
0.958067
0.95859
0.9551
0.950046
0.946166
0.954333
0.95004
0.946253
0.952186
0.946974
0.946363
0.941687
0.937644
0.929895
0.944518
0.94192
0.933005
0.956288
0.954001
0.949459
0.94742
0.955489
0.952875
0.948922
0.941629
0.937952
0.945052
0.923313
0.926803
0.930158
0.93797
0.934752
0.940903
0.939886
1.09146
1.08175
1.07689
1.07949
1.07732
1.06651
1.07858
1.07159
1.05795
1.05268
1.04773
1.05649
1.05285
1.04939
1.08557
1.08165
1.07714
1.06872
1.0747
1.06833
1.06026
1.055
1.04895
1.06175
1.05678
1.05215
1.03752
1.04005
1.03819
1.04067
1.04094
1.02966
1.02256
1.01445
1.02948
1.02653
1.02626
1.02184
1.00856
1.01051
0.999489
0.993534
0.992334
1.00307
0.995916
0.993509
1.0317
1.02529
1.02068
1.03146
1.02646
1.02112
1.01253
1.01587
1.00482
0.999065
0.9934
1.00882
0.998955
0.995333
1.07973
1.07982
1.07555
1.07651
1.06943
1.07689
1.07149
1.0613
1.05325
1.04884
1.06412
1.05564
1.04761
1.09204
1.08689
1.07872
1.09017
1.08075
1.07701
1.07149
1.0703
1.07044
1.06384
1.05592
1.04916
1.06222
1.05642
1.05559
1.05111
1.04435
1.04181
1.03457
1.04142
1.04001
1.04351
1.03368
1.02772
1.02104
1.03367
1.02873
1.02853
1.02295
1.0139
1.01538
1.00711
1.00203
0.997305
1.00873
1.00358
0.997651
1.03864
1.03057
1.02342
1.0361
1.0284
1.02505
1.01628
1.01126
1.0253
1.02012
1.01359
1.0106
1.00685
1.00842
0.985587
0.982148
0.989436
0.991482
0.992455
0.992673
0.989498
1.00079
0.996571
0.992174
1.01007
0.998916
0.998009
0.995795
0.991685
1.00478
0.996753
0.992137
0.987019
0.993853
0.98723
0.983237
0.98021
0.981701
0.978837
0.984401
0.979012
0.974139
0.974527
0.973551
0.972081
0.966894
0.972583
0.967822
0.961815
0.964271
0.98393
0.980571
0.97757
0.987788
0.982411
0.980812
0.975574
0.972004
0.981039
0.975575
0.972195
0.964232
0.968058
0.957933
0.954133
0.951819
0.959189
0.956809
0.953673
0.948233
0.94948
0.947078
0.968591
0.962481
0.958487
0.95522
0.962912
0.959245
0.955578
0.952437
0.948132
0.957379
0.953607
0.949302
0.944029
0.939317
0.945626
0.943594
0.94561
0.98926
0.985462
0.986698
0.981624
0.979495
0.976436
0.973644
0.982264
0.979984
0.97393
0.987143
0.983771
0.978795
0.973995
0.984102
0.981611
0.968556
0.965411
0.969631
0.964872
0.964318
0.964534
0.961974
0.961467
0.958486
0.955599
0.955663
0.952554
0.960617
0.9574
0.954175
0.974107
0.971721
0.972751
0.969692
0.974936
0.972457
0.9679
0.963327
0.961727
0.969318
0.964418
0.96649
0.962799
0.960002
0.957804
0.940822
0.935992
0.941495
0.813083
0.821148
0.853173
0.840013
0.860351
0.846737
0.845491
0.872371
0.880662
0.87119
0.865897
0.856209
0.872365
0.868052
0.871606
0.86601
0.861171
0.870574
0.900326
0.888006
0.883892
0.900967
0.900529
0.898786
0.878088
0.880637
0.879222
0.894053
0.878244
0.879733
0.8777
0.882939
0.8777
0.883462
0.877034
0.874654
0.874755
0.874049
0.874687
0.877372
0.913448
0.913032
0.902649
0.908846
0.903235
0.918142
0.916624
0.904912
0.900109
0.920104
0.922045
0.903122
0.915585
0.902811
0.897405
0.895109
0.897713
0.894796
0.90257
0.902553
0.89868
0.898675
0.916895
0.913039
0.908806
0.921062
0.918497
0.91385
0.902325
0.901697
0.904115
0.912578
0.902124
0.900744
0.902942
0.87675
0.880774
0.893731
0.886659
0.872141
0.893544
0.886672
0.86993
0.871543
0.869003
0.869061
0.874339
0.869317
0.867951
0.898441
0.890296
0.901927
0.897978
0.897475
0.878215
0.876451
0.871903
0.889171
0.887393
0.881693
0.922748
0.920593
0.922021
0.919618
0.926705
0.92368
0.920985
0.914532
0.903483
0.919019
0.911692
0.901217
0.915795
0.912241
0.930951
0.92608
0.921321
0.933052
0.92899
0.925237
0.920837
0.92104
0.922192
0.919592
0.919478
0.915882
0.918547
0.902687
0.902407
0.899494
0.901735
0.902101
0.901559
0.896476
0.888257
0.903619
0.90088
0.896833
0.912196
0.903941
0.914754
0.91194
0.902722
0.902387
0.901575
0.900188
0.902097
0.905503
0.866676
0.855981
0.869085
0.868322
0.83641
0.812416
0.864421
0.843888
0.867465
0.870799
0.87604
0.873513
0.869592
0.864378
0.87086
0.872351
0.870104
0.779005
0.799958
0.788539
0.796255
0.788741
0.829637
0.812472
0.831664
0.80716
0.782819
0.78323
0.807603
0.802091
0.846427
0.828742
0.822095
0.848492
0.835646
0.848455
0.848699
0.835397
0.84564
0.864755
0.859951
0.865147
0.82445
0.815643
0.834119
0.864907
0.86872
0.867981
0.880385
0.869441
0.866981
0.869193
0.872679
0.869311
0.879455
0.866776
0.885051
0.874781
0.892416
0.894839
0.888056
0.868961
0.867772
0.868756
0.871609
0.8781
0.870539
0.87931
0.883026
0.899002
0.895404
0.900479
0.89694
0.897299
0.895175
0.902611
0.900479
0.888436
0.877955
0.898425
0.895465
0.867975
0.870147
0.867937
0.862797
0.855643
0.861842
0.848781
0.868327
0.864726
0.870208
0.870857
0.870649
0.869382
0.873353
0.871082
0.876558
0.871403
0.886361
0.877151
0.884731
0.877849
0.867334
0.870097
0.867368
0.87535
0.873145
0.947877
0.961161
0.955257
0.947998
0.946975
0.95742
0.950897
0.954018
0.949582
0.945793
0.95242
0.947101
0.949548
0.945867
0.947213
0.946627
0.946922
0.944316
0.947389
0.947969
0.946929
0.935002
0.936109
0.935144
0.946729
0.938622
0.940373
0.937692
0.910628
0.914005
0.914455
0.931652
0.92389
0.923234
0.920412
0.926867
0.921138
0.925075
0.920591
0.915476
0.922787
0.920446
0.903926
0.901932
0.910154
0.903157
0.911778
0.908031
0.903474
0.897889
0.902476
0.902715
0.91228
0.909587
0.905235
0.899807
0.899909
0.887402
0.901722
0.915899
0.911659
0.907066
0.912748
0.911312
0.917769
0.913272
0.919545
0.911891
0.910702
0.902804
0.893821
0.880212
0.898519
0.888643
0.901559
0.899838
0.894163
0.878563
0.880157
0.899899
0.890375
0.900117
0.893684
0.912441
0.908683
0.901698
0.911359
0.91136
0.912439
0.907981
0.903952
0.900847
0.902729
0.905699
0.901373
0.910912
0.911638
0.911551
0.908406
0.902097
0.902635
0.939705
0.934554
0.932738
0.942078
0.937133
0.940014
0.934719
0.930871
0.92824
0.922853
0.930375
0.936858
0.934398
0.930641
0.926038
0.920809
0.924352
0.922445
0.92981
0.92869
0.946796
0.945419
0.941367
0.936505
0.937949
0.934681
0.944831
0.941775
0.929458
0.928274
0.920919
0.922615
0.922405
0.921119
0.926039
0.924729
0.927416
0.929455
0.926156
0.921193
0.919509
0.922403
0.915637
0.922903
0.922121
0.935434
0.933874
0.93483
0.932346
0.939536
0.940032
0.935118
0.93066
0.931744
0.929518
0.938478
0.915498
0.916145
0.914864
0.946308
0.946405
0.945374
0.921101
0.933349
0.932031
0.929437
0.929054
0.937626
0.933435
0.929996
0.925668
0.92038
0.931277
0.929311
0.92436
0.920389
0.942658
0.936228
0.943754
0.939653
0.931108
0.930923
0.929089
0.927814
0.936799
0.929956
0.927971
0.920353
0.92181
0.920681
0.919018
0.911873
0.919264
0.91086
0.92054
0.918123
0.911784
0.903494
0.913535
0.912201
0.922394
0.923038
0.929749
0.92536
0.926425
0.922819
0.918967
0.920255
0.915552
0.923266
0.922515
0.922404
0.921661
0.948633
0.944113
0.952492
0.949487
0.949538
0.947061
0.940035
0.937201
0.946951
0.94179
0.943837
0.941858
0.957886
0.956604
0.962592
0.957719
0.959405
0.955534
0.948193
0.946913
0.955803
0.951895
0.952735
0.948018
0.95599
0.952025
0.952738
0.947777
0.942936
0.950381
0.929331
0.930562
0.929996
0.932712
0.930062
0.939299
0.9341
0.935208
0.931366
0.922344
0.927227
0.922185
0.931199
0.926225
0.929071
0.926098
0.94142
0.944528
0.94172
0.94749
0.945566
0.946816
0.944265
0.936114
0.932155
0.933701
0.931119
0.940281
0.941157
0.936745
0.934625
0.942871
0.938322
0.933674
0.931167
0.928802
0.924859
0.923044
0.903161
0.906197
0.914055
0.914095
0.912439
0.919289
0.921426
0.915649
0.901217
0.905032
0.902115
0.912949
0.911789
0.911649
0.906082
0.900069
0.90044
0.889938
0.878113
0.886151
0.876536
0.898399
0.88536
0.897071
0.891469
0.898393
0.893933
0.900479
0.899001
0.900917
0.899308
0.879124
0.87787
0.883184
0.8957
0.902277
0.90153
0.901396
0.903074
0.909577
0.908427
0.900769
0.902361
0.902894
0.901862
0.904506
0.910064
0.902354
0.900482
0.901515
0.900479
0.902236
0.903458
0.905215
0.902242
0.901601
0.902798
0.902434
0.901217
0.900957
0.91242
0.910021
0.912551
0.909279
0.917356
0.911082
0.901217
0.901255
0.901217
0.912699
0.898919
0.888761
0.896332
0.900479
0.923146
0.920365
0.923112
0.927645
0.924045
0.925279
0.923498
0.922753
0.918439
0.918631
0.916599
0.921959
0.921066
0.922196
0.92088
0.921199
0.924168
0.919839
0.929577
1.40933
1.40483
1.40951
1.40234
1.4001
1.41078
1.40741
1.40459
1.40063
1.3986
1.39566
1.3905
1.38833
1.39732
1.40854
1.40336
1.39907
1.39494
1.39018
1.38738
1.39154
1.38745
1.3869
1.38236
1.37641
1.4054
1.40546
1.40048
1.39754
1.40132
1.39401
1.38807
1.40192
1.39914
1.39694
1.39382
1.38907
1.38342
1.38389
1.3797
1.37638
1.3726
1.386
1.37916
1.37383
1.36953
1.36857
1.38137
1.3757
1.36873
1.37221
1.36777
1.36251
1.36853
1.36464
1.35947
1.36371
1.35947
1.35422
1.35957
1.35719
1.35801
1.35356
1.36933
1.36712
1.36613
1.3636
1.35534
1.35324
1.38273
1.39624
1.39133
1.38521
1.38283
1.38816
1.37556
1.37569
1.37103
1.37519
1.37318
1.37046
1.36817
1.37543
1.37229
1.36727
1.36856
1.36852
1.36644
1.36343
1.37463
1.36921
1.36849
1.36678
1.36856
1.36679
1.36583
1.36281
1.36607
1.36231
1.35774
1.35482
1.35957
1.35519
1.35569
1.35431
1.35245
1.36489
1.36385
1.35772
1.35647
1.36475
1.35365
1.36076
1.35689
1.361
1.35416
1.35335
1.35481
1.3534
1.35418
1.35245
1.35107
1.35275
1.35097
1.34626
1.35169
1.35062
1.3481
1.34079
1.35619
1.35558
1.35226
1.35054
1.35245
1.3506
1.34721
1.33974
1.34775
1.3405
1.3386
1.33477
1.33642
1.33241
1.32898
1.32903
1.32652
1.35711
1.35439
1.35103
1.34916
1.34833
1.35576
1.35227
1.34848
1.34483
1.33409
1.33066
1.33642
1.35077
1.34245
1.33324
1.33273
1.32801
1.33673
1.33853
1.32745
1.33382
1.33625
1.3344
1.34902
1.34818
1.3409
1.33793
1.33951
1.32895
1.32959
1.33528
1.33393
1.33125
1.33366
1.33011
1.33591
1.33567
1.3336
1.33412
1.32808
1.32699
1.31623
1.33397
1.3292
1.33171
1.3132
1.31136
1.31722
1.31188
1.32784
1.31499
1.31091
1.32554
1.32035
1.33635
1.33456
1.33458
1.3334
1.33276
1.33187
1.32086
1.32987
1.30981
1.32858
1.31182
1.32536
1.31519
1.30838
1.32256
1.31068
1.32264
1.32337
1.32563
1.3146
1.3256
1.31284
1.32482
1.32575
1.32274
1.32219
1.31812
1.32576
1.32496
1.30632
1.32075
1.31658
1.31384
1.30715
1.3033
1.32065
1.31917
1.31767
1.30382
1.30692
1.3139
1.31121
1.31671
1.30853
1.31268
1.31515
1.30921
1.30762
1.32804
1.31411
1.31346
1.32602
1.32625
1.31237
1.32582
1.31827
1.31633
1.30328
1.30498
1.31948
1.3176
1.3131
1.31957
1.3022
1.31605
1.31435
1.35697
1.35831
1.35508
1.35508
1.35615
1.36411
1.35572
1.35426
1.35532
1.35539
1.35361
1.35456
1.35323
1.35107
1.35039
1.35594
1.35134
1.35141
1.34879
1.34627
1.33266
1.35159
1.34517
1.34763
1.35296
1.34418
1.33171
1.3418
1.32626
1.32783
1.30794
1.32611
1.32921
1.32569
1.32368
1.32305
1.31668
1.31725
1.32311
1.31495
1.32088
1.292
1.35427
1.34698
1.32901
1.32646
1.32571
1.30758
1.32007
1.34552
1.33829
1.34679
1.33115
1.33171
1.32854
1.32887
1.32623
1.30608
1.32704
1.3261
1.32629
1.30412
1.32793
1.32686
1.32642
1.32498
1.31469
1.30819
1.31517
1.31789
1.30371
1.31165
1.32393
1.31633
1.31842
1.30299
1.31834
1.30393
1.30857
1.31136
1.30343
1.31393
1.31304
1.31386
1.31908
1.31618
1.31764
1.31523
1.31176
1.31389
1.31127
1.3125
1.3111
1.32508
1.32294
1.31733
1.30207
1.31559
1.31413
1.31135
1.31073
1.31587
1.29837
1.27991
1.29497
1.26995
1.30387
1.27026
1.26798
1.26582
1.26651
1.29871
1.26566
1.27569
1.26744
1.26684
1.25966
1.24488
1.26654
1.25493
1.26468
1.24677
1.24029
1.31442
1.30125
1.26369
1.26395
1.25823
1.30988
1.26822
1.3088
1.29831
1.30685
1.30396
1.25701
1.24411
1.2299
1.25927
1.24457
1.26642
1.24365
1.24193
1.23664
1.2376
1.22729
1.2278
1.22276
1.21366
1.19218
1.22255
1.22705
1.22334
1.20956
1.19556
1.21891
1.1972
1.1888
1.23249
1.22365
1.22337
1.22184
1.22238
1.22022
1.21516
1.20219
1.2088
1.19761
1.21332
1.30783
1.31192
1.32282
1.32071
1.31401
1.32041
1.3005
1.30044
1.30117
1.31363
1.32113
1.30209
1.31888
1.3166
1.31497
1.31572
1.31411
1.31518
1.31285
1.3115
1.31278
1.31011
1.31547
1.31226
1.3125
1.31078
1.30955
1.30807
1.30869
1.30518
1.31129
1.30929
1.30964
1.30731
1.30732
1.3053
1.30663
1.30324
1.30534
1.30199
1.30313
1.29922
1.30084
1.31604
1.31648
1.31369
1.31272
1.31092
1.31034
1.30748
1.30855
1.30636
1.31371
1.31109
1.31162
1.30929
1.30974
1.30811
1.30638
1.307
1.30463
1.3057
1.30316
1.30599
1.303
1.3031
1.30226
1.3004
1.29704
1.29813
1.29727
1.3013
1.29909
1.29539
1.29999
1.29811
1.29436
1.29636
1.29415
1.29871
1.29622
1.29807
1.2945
1.29408
1.29105
1.29044
1.28882
1.30547
1.30314
1.30008
1.23458
1.22319
1.21302
1.21073
1.19655
1.18772
1.19767
1.18313
1.19635
1.18346
1.30407
1.30131
1.30282
1.29912
1.29911
1.24394
1.29685
1.2859
1.30219
1.29843
1.29941
1.29701
1.29685
1.29359
1.2964
1.29196
1.29279
1.28851
1.28961
1.28568
1.22644
1.21803
1.28039
1.207
1.19819
1.18344
1.28751
1.22931
1.28453
1.28044
1.28137
1.27324
1.20319
1.17828
1.2246
1.2108
1.25903
1.26287
1.25469
1.29511
1.29079
1.28623
1.28332
1.29123
1.28875
1.28926
1.28676
1.28508
1.28015
1.28077
1.27811
1.28849
1.28105
1.28289
1.2792
1.27908
1.27416
1.27691
1.26877
1.27873
1.26916
1.25976
1.25769
1.25096
1.25266
1.24971
1.27473
1.26634
1.27118
1.26034
1.24987
1.24257
1.26426
1.2562
1.25709
1.24914
1.24739
1.2401
1.23905
1.23089
1.32304
1.30985
1.3119
1.30546
1.31175
1.3036
1.3187
1.31848
1.31322
1.31746
1.3137
1.31842
1.3153
1.30682
1.31185
1.31461
1.31587
1.31655
1.31516
1.31183
1.31374
1.31097
1.31204
1.30917
1.30609
1.29822
1.29906
1.315
1.31562
1.31272
1.31657
1.31312
1.3106
1.31218
1.31081
1.30683
1.30897
1.31266
1.3099
1.30706
1.30749
1.30451
1.31056
1.30647
1.30413
1.30111
1.3052
1.31031
1.30845
1.30882
1.30623
1.30717
1.30408
1.30065
1.30631
1.30319
1.30393
1.30016
1.29942
1.29683
1.29314
1.30032
1.30355
1.29962
1.29325
1.29118
1.29535
1.29118
1.29118
1.29118
1.29485
1.29185
1.29047
1.28753
1.28248
1.28998
1.28388
1.28653
1.28063
1.30203
1.29773
1.29912
1.29401
1.29696
1.2935
1.29118
1.28952
1.29172
1.29118
1.2906
1.28967
1.29012
1.28392
1.28096
1.28492
1.27834
1.28788
1.28154
1.27954
1.28075
1.27813
1.27836
1.27615
1.28096
1.27851
1.27472
1.27286
1.27499
1.27298
1.2654
1.3109
1.30768
1.30432
1.30449
1.29988
1.30245
1.29744
1.30357
1.2997
1.29636
1.3021
1.29823
1.29392
1.29579
1.29242
1.29161
1.29685
1.29235
1.29106
1.29055
1.29034
1.28739
1.2907
1.28911
1.28578
1.28997
1.28641
1.2886
1.28534
1.28205
1.27922
1.28054
1.27717
1.29118
1.28999
1.28587
1.28418
1.28211
1.28086
1.27908
1.27572
1.29056
1.28695
1.28107
1.28067
1.27861
1.28198
1.27871
1.27565
1.27284
1.27859
1.27383
1.27553
1.27227
1.27734
1.27417
1.27189
1.27179
1.26481
1.26992
1.24874
1.2735
1.2804
1.27602
1.27864
1.27405
1.27322
1.26407
1.26969
1.25274
1.27485
1.27126
1.27358
1.26338
1.26288
1.24643
1.25027
1.24149
1.2504
1.24106
1.24508
1.23672
1.23575
1.22492
1.2271
1.2161
1.23763
1.22946
1.23587
1.2225
1.21674
1.20918
1.20831
1.20264
1.2707
1.25762
1.26277
1.25064
1.2432
1.26754
1.24613
1.24149
1.25668
1.24402
1.24533
1.24149
1.23673
1.23987
1.23053
1.23531
1.21823
1.26693
1.25233
1.24558
1.24271
1.23567
1.23858
1.23004
1.23701
1.22603
1.21477
1.19797
1.18736
1.22334
1.21103
1.21876
1.20351
1.20137
1.19728
1.19674
1.18758
1.20642
1.19714
1.20151
1.18961
1.18907
1.18456
1.18411
1.17421
1.2846
1.2804
1.27855
1.27941
1.27631
1.2737
1.27543
1.27083
1.2768
1.27334
1.27147
1.2695
1.27131
1.26889
1.24295
1.2695
1.26409
1.24261
1.24159
1.25518
1.24149
1.2752
1.27385
1.27013
1.25643
1.26215
1.24471
1.2695
1.26031
1.24149
1.24149
1.24123
1.23636
1.20351
1.24054
1.23484
1.23552
1.21181
1.17888
1.1743
1.16624
1.24149
1.23778
1.24589
1.23926
1.24149
1.23555
1.20656
1.19409
1.23935
1.23407
1.20697
1.22257
1.18856
1.17783
1.18606
1.16981
1.19093
1.18089
1.16975
1.16214
1.17251
1.16218
1.14566
1.13836
1.22275
1.18804
1.16794
1.15636
1.1584
1.14863
1.16507
1.15456
1.14898
1.15814
1.13786
1.13096
1.14669
1.14291
1.13308
1.12718
1.13138
1.1251
1.12032
1.12829
1.12176
1.11081
1.10532
1.12353
1.11269
1.11422
1.10739
1.14762
1.13804
1.13864
1.13397
1.14957
1.14222
1.13396
1.12633
1.1192
1.13286
1.12743
1.12599
1.12037
1.12247
1.11015
1.10647
1.11018
1.2416
1.23609
1.2325
1.22201
1.19986
1.21089
1.1889
1.21765
1.20151
1.18806
1.18086
1.17505
1.17018
1.18854
1.18005
1.18468
1.17209
1.17223
1.15974
1.14833
1.16975
1.15315
1.1604
1.14931
1.1625
1.14618
1.13897
1.13196
1.15429
1.14156
1.1428
1.13672
1.18158
1.17104
1.16293
1.16027
1.15238
1.14275
1.13341
1.12758
1.11965
1.13249
0.999629
1.14757
0.979771
1.04827
0.986467
1.1012
0.986467
0.962795
0.950715
0.963253
0.962795
0.975336
0.973893
0.963619
1.18052
1.09478
0.998874
0.88777
0.906212
0.818881
0.94239
0.804793
0.798353
0.974195
0.965552
1.1737
1.08295
1.0034
1.17508
1.16147
1.17249
1.1143
0.986467
0.97536
0.986467
0.979675
0.986467
0.986467
1.1604
1.09399
0.98496
0.998432
0.986467
0.996897
0.986467
0.888108
0.87324
0.949529
0.925964
0.96326
0.946797
0.838537
0.809106
0.817597
0.858267
0.82208
0.918117
0.848052
0.928986
0.90625
0.917227
0.966064
0.968033
0.964938
0.954566
0.977977
0.963445
0.964247
0.986467
0.974979
0.986467
0.97924
0.960421
0.942403
0.962795
0.95118
0.969738
0.986467
0.984361
0.985305
0.962795
0.950657
0.974903
0.964337
0.978308
0.970971
0.974482
1.17205
1.16249
1.14783
1.16305
1.14544
1.23007
1.19213
1.07952
1.09021
0.986467
0.986467
1.16324
1.24462
1.23182
1.23675
1.2252
1.11181
1.10633
1.15976
1.22149
1.21925
1.21678
1.21168
1.22612
1.22082
1.21065
1.20546
1.20493
1.19988
1.23562
1.22837
1.2187
1.22156
1.21413
1.21224
1.20353
1.19862
0.986467
0.986467
1.01706
0.986467
1.17152
0.986467
0.98307
1.09402
1.09249
1.15964
1.19941
1.19735
1.19735
1.19735
0.986467
0.986467
1.0957
1.12268
1.18958
1.18791
1.19735
0.802213
0.792366
0.808335
0.801997
0.83928
0.791589
0.795413
0.796301
0.824877
0.818706
0.859289
0.842911
0.894424
0.885855
0.814219
0.808374
0.830596
0.821233
0.82961
0.850994
0.926431
0.925981
0.804648
0.818879
0.910696
0.915066
0.853347
0.852374
0.866272
0.881304
0.86892
0.916633
0.89669
0.896863
0.916278
0.925208
0.912338
0.926504
0.925964
0.928617
0.925562
0.949383
0.927688
0.955447
0.965195
0.926141
0.962795
0.9555
0.95516
0.963393
0.962795
0.968716
0.962795
0.927186
0.931926
0.926642
0.962795
0.832358
0.86581
0.87961
0.910049
0.925964
0.977113
0.98309
1.0329
0.580686
0.576123
0.580599
0.566717
0.561764
0.57639
0.564296
0.561744
0.558648
0.55787
0.577308
0.569033
0.551261
0.560987
0.557245
0.549985
0.5495
0.555394
0.550793
0.552159
0.5495
0
0
0.5495
0
0.565193
0.562844
0.55983
0.5495
0
0
0
0
0
1.2141
1.20645
1.20744
1.19984
1.19735
1.19735
1.19735
1.19371
1.19987
1.19482
1.19562
1.18982
1.19432
1.1874
1.18585
1.18192
1.19461
1.18772
1.18638
1.18224
1.18707
1.18262
1.18373
1.17008
1.16515
1.19735
1.18851
1.18772
1.18539
1.17802
1.17184
1.18439
1.17494
1.17651
1.16515
1.1658
1.16279
1.16066
1.14938
1.19127
1.18506
1.18484
1.1759
1.17753
1.17467
1.16534
1.15944
1.17552
1.16765
1.166
1.15671
1.15401
1.14739
1.14809
1.14132
1.16822
1.15469
1.15316
1.14129
1.14726
1.13643
1.13573
1.1312
1.14025
1.1331
1.1327
1.12752
1.12784
1.12201
1.12168
1.11089
0.928979
0.935687
1.00148
1.08392
0.942626
0.936048
1.00466
1.02999
0.962795
1.07713
1.13796
1.12932
1.12055
1.14015
1.1315
1.11824
0.919361
0.920559
0.92602
0.926034
0.926546
0.929259
0.950578
0.962474
1.10192
1.05043
1.11458
1.11087
1.10332
0.940026
1.03816
1.11289
1.10929
1.11009
1.08726
1.07856
1.10096
1.09194
1.08009
1.07559
1.06883
1.06944
1.06942
1.06195
1.04648
1.04152
1.06466
1.04555
1.04711
1.03794
1.09725
1.0875
1.08767
1.07875
1.10059
1.08787
1.07822
1.06655
1.07699
1.0668
1.06299
1.06462
1.04995
1.03787
1.06462
1.05669
1.17571
1.14151
1.16703
1.15937
1.17639
1.16803
1.15776
1.14927
1.14352
1.13695
1.156
1.14399
1.13733
1.13704
1.1403
1.13331
1.13006
1.12632
1.12961
1.15259
1.13913
1.13338
1.12475
1.11532
1.1212
1.11098
1.09725
1.11824
1.10829
1.10895
1.10282
1.08757
1.09826
1.08968
1.08968
1.08122
1.13297
1.1249
1.12701
1.11746
1.10621
1.11633
1.11
1.10598
1.09888
1.09855
1.0903
1.07967
1.10082
1.09226
1.07849
1.06985
1.0666
1.06011
1.0776
1.07239
1.04869
1.09794
1.09693
1.0901
1.11158
1.10928
1.10781
1.10162
1.0885
1.10928
1.10049
1.10099
1.09235
1.08206
1.08986
1.08099
1.07467
1.06918
1.12732
1.13295
1.13103
1.12732
1.12248
1.10932
1.11069
1.14777
1.13979
1.14268
1.13562
1.13875
1.13502
1.13184
1.12683
1.13583
1.13067
1.12229
1.12525
1.11625
1.11643
1.11087
1.12566
1.11879
1.12014
1.11044
1.11334
1.10536
1.1043
1.09567
1.10941
1.10539
1.10348
1.09493
1.09654
1.09071
1.08878
1.08089
1.12086
1.11328
1.11228
1.10928
1.12117
1.11481
1.10655
1.09654
1.09391
1.10755
1.10264
1.10368
1.09233
1.10042
1.09003
1.08738
1.08178
1.07728
1.08751
1.10139
1.09066
1.08546
1.08353
1.07743
1.06891
1.06462
1.07487
1.0689
1.06963
1.06339
1.07776
1.07045
1.06462
1.0587
1.049
1.06551
1.05716
1.06462
1.04903
1.09458
1.08785
1.07988
1.08016
1.07146
1.0734
1.06462
1.03323
1.04141
1.03288
1.02502
1.04092
1.03687
1.03699
1.03158
1.02312
1.00664
1.06923
1.06594
1.09308
1.09115
1.08848
1.08071
1.08155
1.07109
1.07266
1.0661
1.08029
1.07087
1.07279
1.0661
1.06565
1.06462
1.06462
1.05637
1.06462
1.0622
1.04892
1.06534
1.05333
1.05933
1.04127
1.04327
1.03661
1.02907
1.03672
1.04196
1.03908
1.0381
1.03443
1.02985
1.02496
1.02543
1.02126
1.03493
1.02855
1.02289
1.05499
1.05213
1.04089
1.06015
1.04371
1.03854
1.03663
1.05026
1.04012
1.04195
1.03572
1.03551
1.03255
1.03347
1.02876
1.06644
1.06295
1.06462
1.05229
1.06103
1.04369
1.04387
1.03917
1.0365
1.02954
1.03215
1.02526
1.01787
1.01544
1.01544
1.02412
1.02019
1.01648
1.0158
1.01544
1.02526
1.02171
1.02196
1.01544
1.01518
1.01269
1.01291
1.00818
1.01654
1.01544
1.03754
1.03658
1.03407
1.03336
1.02479
1.02025
1.01364
1.02483
1.0208
1.01994
1.01583
1.00941
1.00983
1.01163
1.00818
1.00478
0.998247
0.998505
0.989906
1.00818
1.00037
1.02922
1.02034
1.0161
1.02093
1.01544
1.01473
1.01447
1.00872
1.01796
1.01428
1.00922
1.00689
0.99387
0.983905
0.977658
0.999174
0.988962
0.986061
0.984305
0.975596
0.983669
0.979628
0.982054
0.975403
1.00543
0.998505
1.01201
1.00755
1.00894
1.00308
1.00137
0.992678
0.991527
0.986224
1.00695
0.998505
1.00228
0.994311
0.989747
0.984565
0.978528
0.978983
0.9729
0.969278
0.968815
0.968476
0.965071
0.970343
0.968815
1.02027
1.01683
1.01544
1.0116
1.00818
1.00768
1.1003
1.09087
1.08388
1.08043
1.07848
1.09416
1.08608
1.07871
1.07203
1.0761
1.06907
1.06303
1.06378
1.05469
1.04965
1.06312
1.06009
1.08129
1.07619
1.06939
1.06929
1.06462
1.07669
1.06837
1.06413
1.05866
1.05034
1.0443
1.03524
1.04894
1.0443
1.04273
1.03654
1.03074
1.0301
1.02526
1.0572
1.0486
1.06436
1.05735
1.06137
1.05082
1.05183
1.04304
1.03647
1.05149
1.04206
1.03909
1.04088
1.0365
1.02945
1.0334
1.02518
1.0365
1.03129
1.02608
1.0288
1.02336
1.01966
1.01856
1.01444
1.02472
1.02007
1.0144
1.02004
1.06598
1.06113
1.05101
1.04162
1.04392
1.03956
1.04149
1.02928
1.01825
1.01533
1.02488
1.01926
1.01984
1.01544
1.01544
1.01229
1.01309
1.00909
1.00218
1.00003
0.998211
1.00808
1.00415
1.00423
1.00117
0.984454
0.998466
0.993573
0.998099
0.986087
1.00982
1.00543
1.01477
1.01287
1.01327
1.00818
1.00108
0.996582
1.00554
1.00245
1.00102
0.993545
0.988326
0.988672
0.984079
0.997725
0.992467
1.01699
1.01356
1.00902
1.0136
1.00766
1.00254
1.00426
0.999573
1.0098
1.00484
0.991045
0.984152
0.981514
0.978069
0.985001
0.982904
0.982804
0.979528
0.971876
0.96914
0.979105
0.973647
0.975609
0.972024
0.997042
0.989897
0.993865
0.98562
1.00053
0.998309
0.984884
0.982582
0.983943
0.980818
0.990944
0.984939
0.984666
0.98478
0.981458
0.976693
1.03629
1.02875
1.03271
1.02526
1.03748
1.03555
1.02537
1.01843
1.0192
1.01544
1.0296
1.0245
1.02579
1.02293
1.01544
1.01544
1.01544
1.01466
1.01528
1.00977
1.01715
1.01544
1.0086
1.00558
1.00818
1.00102
1.01219
1.00736
1.00634
0.976576
0.973295
0.970356
0.967883
0.970312
0.969563
0.968815
0.968815
0.968815
0.985446
0.982858
0.998794
0.995214
0.990025
0.984592
0.982569
0.97499
0.978184
0.973155
0.982566
0.981139
0.983259
0.974283
0.984356
0.984941
0.984081
0.975459
0.970904
0.971177
0.968815
0.966693
0.962648
0.965201
0.96104
0.968815
0.967555
0.959285
0.957591
0.96221
0.959041
0.960169
0.956074
0.966845
0.96329
0.953275
0.952401
0.969031
0.968496
0.960474
0.968262
0.964425
0.967303
0.963079
0.966403
0.96433
0.969051
0.968573
0.967951
0.966441
0.962132
0.959345
0.960391
0.956351
0.963054
0.961921
0.963349
0.978198
0.972046
0.975213
0.969375
0.968815
0.968815
0.971659
0.959465
0.955796
0.957643
0.953701
0.962661
0.959853
0.952189
0.949323
0.955169
0.949782
0.952679
0.950435
0.948061
0.963079
0.960595
0.958252
0.953262
0.951028
0.597294
0.591867
0.600797
0.600381
0.600242
0.60788
0.606068
0.586126
0.581632
0.597272
0.596473
0.598252
0.607899
0.60477
0.610671
0.61529
0.623652
0.60508
0.598925
0.608007
0.608751
0.608924
0.620557
0.569782
0.559686
0.579256
0.579274
0.58571
0.598541
0.587865
0.575113
0.608781
0.599132
0.615213
0.623774
0.62466
0.577705
0.588199
0.572603
0.566098
0.587782
0.57524
0.591306
0.598777
0.589065
0.578909
0.588947
0.599113
0.590763
0.600812
0.60803
0.60857
0.609054
0.615953
0.60821
0.614254
0.624388
0.603423
0.606732
0.618094
0.625859
0.608035
0.604541
0.61871
0.611454
0.624895
0.625875
0.622068
0.620571
0.619949
0.624262
0.629918
0.631228
0.641345
0.639854
0.622003
0.619312
0.630353
0.626745
0.635226
0.654978
0.645402
0.664582
0.660071
0.670643
0.665281
0.643943
0.639718
0.658915
0.645618
0.66022
0.661356
0.661878
0.669552
0.624891
0.620827
0.619151
0.625464
0.635702
0.632713
0.623113
0.627926
0.638185
0.634658
0.635352
0.619164
0.62572
0.63863
0.643684
0.659709
0.649486
0.652198
0.657463
0.662715
0.661579
0.668952
0.667907
0.655645
0.682207
0.680517
0.69314
0.690752
0.677451
0.671661
0.688118
0.695686
0.683895
0.677773
0.694095
0.689358
0.6975
0.702745
0.701536
0.717128
0.705177
0.726765
0.723307
0.729277
0.709357
0.700752
0.713727
0.70907
0.720638
0.722994
0.722781
0.681225
0.680777
0.681048
0.688786
0.694481
0.703735
0.743669
0.734622
0.747982
0.739099
0.755587
0.760887
0.758405
0.734892
0.730373
0.746316
0.776599
0.770345
0.790642
0.800973
0.583275
0.590016
0.598615
0.603791
0.61829
0.620946
0.606653
0.601428
0.611053
0.619451
0.607963
0.61741
0.62304
0.610873
0.624432
0.613672
0.621883
0.625734
0.630067
0.639147
0.623559
0.608172
0.625727
0.632318
0.641136
0.630379
0.635826
0.641137
0.639633
0.641105
0.602147
0.59594
0.649814
0.61432
0.660911
0.628379
0.624569
0.617354
0.6253
0.635181
0.627469
0.641056
0.640332
0.653624
0.640462
0.655744
0.652222
0.652529
0.660298
0.66465
0.656094
0.66224
0.636547
0.670334
0.66958
0.64523
0.630053
0.640712
0.641791
0.650521
0.64847
0.65729
0.659398
0.668475
0.663625
0.672153
0.67862
0.659956
0.665816
0.66875
0.677081
0.667539
0.678074
0.680943
0.685851
0.67224
0.675699
0.679277
0.68474
0.661273
0.672588
0.682955
0.681749
0.66883
0.68921
0.695318
0.666504
0.675011
0.68926
0.696234
0.699505
0.706497
0.683925
0.689337
0.698486
0.709199
0.713135
0.719831
0.58583
0.592389
0.564525
0.586714
0.608691
0.586645
0.567419
0.582486
0.611876
0.608411
0.595853
0.572413
0.571848
0.592478
0.587135
0.628532
0.618194
0.631301
0.619947
0.609173
0.59146
0.613756
0.617519
0.583774
0.585416
0.57029
0.572402
0.573843
0.585734
0.557383
0.549352
0.584877
0.579084
0.586966
0.581238
0.610936
0.603335
0.577302
0.587023
0.593493
0.58338
0.647166
0.640715
0.646982
0.653543
0.649422
0.653768
0.634146
0.626093
0.646314
0.643438
0.682197
0.657117
0.663417
0.692957
0.664844
0.676672
0.652529
0.647302
0.658467
0.656477
0.611921
0.608341
0.600166
0.616738
0.612636
0.611601
0.647535
0.655666
0.637478
0.644439
0.643005
0.641152
0.63151
0.624677
0.649235
0.650555
0.649232
0.624806
0.619504
0.636054
0.632706
0.611991
0.599847
0.627747
0.649035
0.643381
0.652939
0.653894
0.636091
0.71773
0.723132
0.68924
0.68506
0.692217
0.699285
0.695232
0.70395
0.683927
0.702037
0.700054
0.706413
0.711168
0.690122
0.690428
0.711114
0.704299
0.717045
0.712554
0.725155
0.72499
0.721459
0.719612
0.723481
0.731287
0.727213
0.73304
0.703762
0.715574
0.715945
0.72456
0.690762
0.722934
0.728742
0.730532
0.730309
0.725311
0.729492
0.734703
0.740597
0.738281
0.746437
0.747337
0.76341
0.755302
0.760189
0.742962
0.736964
0.747343
0.755604
0.752551
0.764722
0.758522
0.761794
0.780669
0.772477
0.794092
0.790508
0.794524
0.772415
0.772783
0.774291
0.784116
0.784789
0.781715
0.768908
0.776641
0.789576
0.7866
0.787626
0.734178
0.74075
0.752097
0.742414
0.73618
0.75259
0.743948
0.759016
0.762212
0.766862
0.773689
0.783063
0.796417
0.796819
0.80528
0.754085
0.747733
0.762373
0.748875
0.764842
0.76992
0.765893
0.7572
0.766069
0.759144
0.77494
0.775862
0.771475
0.779751
0.788337
0.791909
0.784611
0.789684
0.790957
0.798964
0.699096
0.707701
0.706776
0.684181
0.687698
0.700763
0.696885
0.693984
0.6953
0.681413
0.676671
0.693781
0.687831
0.715508
0.726674
0.705416
0.728754
0.735154
0.720465
0.69865
0.696106
0.711355
0.709042
0.668493
0.659785
0.683797
0.68389
0.677495
0.661201
0.652589
0.677068
0.677372
0.669906
0.656812
0.655565
0.65197
0.669779
0.670063
0.665559
0.709948
0.694634
0.690675
0.692794
0.708126
0.704374
0.704197
0.696493
0.68802
0.688687
0.687829
0.705016
0.699646
0.700998
0.695288
0.687726
0.6982
0.663755
0.658927
0.681493
0.691158
0.747733
0.732267
0.72346
0.743831
0.741712
0.735236
0.77137
0.756957
0.776752
0.774003
0.751668
0.750883
0.749675
0.772135
0.768048
0.766469
0.758781
0.755582
0.730599
0.756683
0.744605
0.725057
0.718122
0.736185
0.786046
0.758602
0.792726
0.723386
0.740863
0.736819
0.72204
0.720912
0.723906
0.737718
0.727989
0.735574
0.722311
0.716099
0.71987
0.742776
0.72866
0.754226
0.748915
0.749044
0.764827
0.757139
0.761658
0.748869
0.744338
0.760629
0.749894
0.753384
0.567319
0.554447
0.552082
0.576205
0.575777
0.575581
0.564541
0.549563
0.530939
0.526954
0.57126
0.57126
0.557303
0.550108
0.57126
0.572626
0.585711
0.579854
0.583556
0.573425
0.583774
0.583225
0.586879
0.579653
0.590918
0.579878
0.574532
0.58703
0.56766
0.579528
0.547016
0.554525
0.576344
0.572291
0.601774
0.589335
0.58769
0.61778
0.620498
0.614134
0.602664
0.600365
0.59159
0.587314
0.615548
0.629805
0.628954
0.647191
0.645466
0.626938
0.656713
0.647703
0.66812
0.80727
0.802871
0.804355
0.820737
0.813159
0.822843
0.817697
0.801071
0.813213
0.8214
0.802379
0.794763
0.805893
0.799413
0.817378
0.813369
0.808998
0.832952
0.832565
0.825449
0.841069
0.840411
0.83573
0.828156
0.833415
0.841043
0.841671
0.841427
0.824362
0.828165
0.838155
0.804143
0.804593
0.819196
0.815061
0.816264
0.807923
0.812198
0.817698
0.821606
0.842081
0.828438
0.823041
0.83247
0.8234
0.836916
0.841427
0.835777
0.82831
0.830147
0.841427
0.835123
0.841427
0.837918
0.798224
0.799661
0.80206
0.84251
0.851767
0.842697
0.847412
0.840418
0.866733
0.855286
0.84233
0.87352
0.872504
0.844356
0.845852
0.863854
0.85228
0.847009
0.841427
0.841427
0.844783
0.84246
0.841598
0.841427
0.841427
0.843982
0.845798
0.870019
0.8611
0.870974
0.859789
0.871864
0.873053
0.86986
0.850371
0.869922
0.852253
0.866893
0.867927
0.807076
0.786382
0.812465
0.805557
0.7981
0.784717
0.796374
0.782819
0.782158
0.780376
0.800194
0.793476
0.79425
0.83955
0.828851
0.830242
0.819879
0.841427
0.838222
0.841427
0.820458
0.816449
0.839893
0.845798
0.844943
0.810203
0.805172
0.838809
0.786399
0.782726
0.778522
0.771479
0.798692
0.800366
0.797538
0.77252
0.809346
0.814399
0.812809
0.845798
0.837978
0.834022
0.845652
0.849826
0.850716
0.842166
0.842891
0.844508
0.845798
0.844855
0.842563
0.844323
0.845064
0.845798
0.844071
0.847763
0.856721
0.843731
0.868799
0.861011
0.864766
0.845572
0.86974
0.873692
0.867832
0.867253
0.873053
0.841549
0.851927
0
0.465332
0
0.442842
0.702461
0.702512
0.702383
0.704409
0.702229
0
0.704604
0.703547
0.70398
0
0
0
0
0
0
0
0.702037
0
0.704805
0.704745
0
0
0
0
0
0
0
0
0.704787
0.705281
0.704256
0
0
0.706004
0
0
0
0.706431
0.705415
0
0
0.705778
0
0.701998
0.701999
0.702194
0
0.701998
0
0.701998
0.701998
0
0
0
0.701998
0.701998
0
0.701998
0.701998
0
0
0
0
0
0
0
0
0
0
0
0
0
0
0
0
0
0
0
0
0
0
0
0
0
0
0
0
0
0
0
0
0.701998
0.701998
0
0.701998
0
0
0
0
0
0
0
0
0
0
0
0
0
0.701998
0.701998
0.701998
0.702521
0
0
0
0
0
0
0
0
0
0
0
0
0
0
0
0
0
0
0
0
0
0
0
0
0
0
0
0
0
0
0
0
0
0
0
0
0
0
0
0
0.702794
0
0
0
0
0
0
0
0
0
0
0
0
0
0
0.706431
0
0
0
0
0
0
0
0
0
0
0.705075
0.704638
0.704619
0.704664
0.704167
0
0
0
0
0
0
0
0
0.703747
0.703276
0.703231
0.703122
0.703911
0.703657
0.703674
0.703272
0.702976
0
0
0.702991
0.70262
0.702729
0
0.701998
0.702107
0.70272
0.703516
0.571913
0.571124
0.56861
0.573252
0
0.569594
0.566509
0.565555
0
0
0
0
0.555902
0.563649
0.566857
0.567993
0.567973
0.565894
0.562679
0.442842
0.442842
0.442842
0
0.442842
0.442842
0.442842
0.442842
0
0
0
0
0
0
0.442842
0
0.442842
0
0
0
0.442842
0.442842
0.442842
0
0
0
0.442842
0
0.442842
0.442842
0.442863
0.442842
0.442842
0
0
0.442893
0
0.442842
0.442842
0.442842
0
0
0
0
0.442842
0
0.442842
0
0.442842
0.442842
0
0
0.44291
0.442842
0
0
0.442842
0.442842
0.442842
0
0.442842
0.437789
0.438305
0.438714
0.438679
0
0
0
0.438344
0.439658
0
0.438908
0
0.438541
0.438876
0.438678
0.438415
0
0
0.437719
0
0
0
0
0
0
0
0.440271
0.439474
0
0.440795
0.43961
0
0
0
0.439104
0
0.439524
0
0.440237
0.438997
0.43926
0
0.439767
0.352625
0.353311
0
0.353315
0.35293
0
0.352535
0.35266
0
0
0.352883
0
0.352683
0
0.352224
0.353647
0
0.3504
0
0.3504
0
0.3504
0.3504
0.351171
0
0.351918
0.351987
0.352646
0
0.353219
0
0
0
0
0
0
0
0
0.3504
0
0.3504
0
0.350838
0.351936
0
0
0
0
0
0
0
0
0
0
0.3504
0.3504
0.350662
0.35318
0.350802
0.557749
0.558774
0.558501
0.557115
0.555794
0.556515
0
0.55681
0
0
0
0.558145
0.556213
0.557217
0
0
0
0
0
0
0
0.55792
0
0.560625
0.556941
0
0
0
0
0
0
0
0.557103
0.556206
0
0
0.555794
0
0
0
0.557621
0
0
0
0
0
0
0
0
0.55666
0
0.555794
0
0.555794
0.555794
0
0
0
0
0.556286
0.555794
0
0
0
0
0.555954
0.556202
0
0
0.555794
0.555794
0.556703
0.555794
0.555794
0.555794
0.555794
0.555794
0.555794
0.546917
0.546917
0
0
0
0
0.546917
0.546917
0.546917
0.546917
0.546917
0
0
0.546917
0.546917
0.546917
0
0
0
0.546917
0
0
0
0.546917
0.546917
0
0
0
0.546917
0.546917
0.546917
0
0.546917
0.546917
0.546917
0.546917
0
0
0
0
0
0
0
0.546917
0
0
0
0
0
0
0
0
0
0
0
0
0
0
0
0
0.546917
0
0.546917
0
0
0.54764
0.547032
0.548269
0
0
0
0
0
0.549271
0.54826
0
0.5495
0.5495
0.5495
0.5495
0.549214
0.549486
0.549074
0
0.5495
0.630926
0.624298
0.630261
0.645418
0.6422
0
0
0.633209
0.645039
0.632373
0
0
0
0.643182
0.630882
0.631192
0.632741
0.631192
0.643634
0.571958
0.571983
0.571943
0.571978
0.571961
0
0.571999
0
0.572
0
0
0
0
0
0
0
0
0
0
0.571968
0
0.572075
0
0
0.57202
0.572092
0
0
0.571943
0
0
0
0
0
0
0
0
0
0
0
0
0
0
0.572047
0
0
0
0
0
0
0.572045
0.572658
0.572182
0.572072
0
0.572188
0.572588
0.572104
0
0
0
0
0
0
0
0
0.578566
0
0
0.577735
0.574233
0.578507
0
0.580283
0.578249
0
0
0
0
0
0
0
0
0.575365
0.579135
0.573466
0.575724
0.575286
0.575669
0.575943
0.576824
0.578165
0.580656
0
0
0.768899
0.775052
0
0.777026
0.783877
0.784245
0
0
0.781437
0.782415
0.782607
0
0.746264
0.751892
0.749769
0
0.748758
0
0
0
0
0
0
0
0
0
0
0
0
0
0
0
0.75601
0.753551
0.752296
0.753082
0
0.766356
0.766254
0.758204
0.756345
0.763183
0
0
0
0
0.75868
0
0
0.771383
0.76532
0.786496
0.785581
0.766533
0
0
0
0
0
0
0
0
0.783877
0
0.783877
0.757434
1.67636
1.67632
1.67332
0
0
0
1.67432
1.66967
1.67103
1.67429
0
0
1.67475
0
1.67557
0
1.67245
0
0
0
1.67867
1.68009
1.67804
0
1.67063
1.67363
0
1.67416
0
0
0
0
0
1.6683
1.67285
1.67394
1.66947
0
0
0
0
0
0
0
0
0
0
0
0
0
0
0
0
0
0
1.66764
0
0
0
0
0
0
0
0
0
0
0
0
0
0
0
0
0
0
0
0
0
0
0
0
0
0
0
1.68831
1.68831
1.68766
1.67553
0
1.68552
0
0
0
0
0
1.68831
1.68831
0
1.68831
0
1.68709
0
0
0
0
0
1.68831
0
1.68831
0
0
0
0
0
0
0
0
0
0
0
0
0
0
0
0
0
0
0
0
0
0
0
0
0
0
0
0
0
0
0
0
0
0
0
0
0
0
0
0
0
0
0
0
0
0
0
0
0
0
0
0
0
0
0
0
0
0
0
0
1.68831
0
1.68705
0
1.68831
0
1.68831
0
1.68809
0
0
0
0
0
0
0
0
0
0
0
0
0
0
0
0
0
0
0
0
0
0
0
0
0
0
0
0
1.68831
1.68831
0
0
0
0
0
1.68831
0
0
0
1.68831
1.68831
1.68831
0
1.68831
1.68831
0
0
1.68831
1.68831
1.66641
0
1.66641
0
1.66641
0
1.66907
1.67435
0
0
0
0
0
0
0
0
0
1.66641
0
1.67909
1.66641
0
0
1.66641
0
0
0
0
0
0
0
0
0
0
0
0
0
0
0
0
0
0
0
0
0
0
0
0
0
0
1.66703
1.66715
1.66717
1.66687
1.66641
1.66641
1.66641
1.66641
0
0
0
0
0
1.66699
1.66659
0
1.67028
0
0
0
0
0
0
0
0
0
0
0
0
0
0
0
0
0
0
0
0
0
0
0
0
1.66641
1.66641
1.66641
0
1.66641
0
0
0
0
0
1.66641
0
0
1.66641
0
1.66641
0
0
0
0
0
0
0
0
0
0
0
0
0
0
0
0
0
0
0
0
0
0
0
0
0
0
1.66641
0
0
0
0
0
0
0
0
0
0
0
0
1.66641
0
1.66641
1.66641
0
0
0
0
0
0
0
0
0
0
1.66641
0
1.68046
0
0
0
0
0
0
0
0
0
0
0
0
0
0
0
0
0
0
0
0
0
0
0
0
0
0
0
0
0
0
0
0
0
0
0
0
1.66641
1.66641
1.66641
1.66641
1.66641
0
0
0
0
0
0
0
0
0
0
0
0
0
0
1.66641
1.66641
1.66641
0
0
1.66641
1.66641
1.67054
0
0
0
0
0
0
0
0
0
0
0
0
0
0
0
0
0
0
0
0
0
0
0
0
0
0
0
0
0
0
0
0
0
0
0
0
0
0
0
0
0
0
0
0
0
0
0
0
0
0
0
0
0
0
0
0
0
0
0
0
0
0
0
0
0
0
0
0
0
0
0
0
0
0
0
0
0
0
0
0
0
0
0
0
0
0
0
0
0
0
0
0
0
0
0
0
0
0
0
0
0
0
0
0
0
0
0
0
0
0
0
0
0
0
0
0
0
0
0
0
0
0
0
0
0
0
0
0
0
0
0
0
0
0
0
0
0
0
0
0
0
0
0
0
0
0
0
0
0
0
0
0
0
0
0
0
0
0
0
0
0
0
0
0
0
0
0
0
0
0
0
0
0
0
0
0
0
0
0
0
0
0
0
0
0
0
0
0
0
0
0
0
0
0
0
0
0
0
0
0
0
0
0
0
0
0
0
0
0
0
0
0
0
0
0
0
0
0
0
0
0
0
0
0
0
0
0
0
0
0
0
0
0
0
0
0
0
0
0
0
0
0
0
0
0
0
0
0
0
0
0
0
0
0
0
0
0
0
0
0
0
0
0
0
0
0
0
0
0
0
0
0
0
0
0
0
0
0
0
0
0
0
0
0
0
0
0
0
0
0
0
0
0
0
0
0
0
0
0
0
0
0
0
0
0
0
0
0
0
0
0
0
0
0
0
0
0
0
0
0
0
0
0
0
0
0
0
0
0
0
0
0
0
0
0
0
0
0
0
0
0
0
0
0
0
0
0
0
0
0
0
0
0
0
0
0
0
0
0
0
0
0
0
0
0
0
0
0
0
0
0
0
0
0
0
0
0
0
0
0
0
0
0
0
0
0
0
0
0
0
0
0
0
0
0
0
0
0
0
0
0
0
0
0
0
0
0
0
0
0
0
0
0
0
0
0
0
0
0
0
0
0
0
0
0
0
0
0
0
0
0
0
0
0
0
0
0
0
0
0
0
0
0
0
0
0
0
0
0
0
0
0
0
0
0
0
0
0
0
0
0
0
0
0
0
0
0
0
0
0
0
0
0
0
0
0
0
0
0
0
0
0
0
0
0
0
0
0
0
0
0
0
0
0
0
0
0
1.68831
0
1.68831
0
0
0
0
0
0
0
0
0
0
0
0
0
0
0
0
0
0
0
0
0
0
0
0
0
0
0
0
0
0
0
0
0
0
0
1.68831
1.68831
0
0
1.68831
0
0
0
0
0
0
0
0
0
0
0
0
0
0
1.68831
0
0
0
0
0
0
0
0
0
0
0
1.68831
1.68831
1.68831
0
1.68831
1.68831
1.68831
0
1.68831
0
1.68831
0
0
0
0
0
0
0
0
0
0
0
0
0
0
0
0
0
0
0
0
0
0
0
0
0
0
0
0
0
0
0
0
0
0
0
0
0
0
0
0
0
0
0
0
0
0
0
0
0
0
0
0
0
0
0
0
0
0
0
0
0
0
0
0
0
0
0
0
0
0
0
0
0
0
0
0
0
0
0
0
0
0
0
0
0
0
0
0
0
0
0
0
0
0
0
0
0
0
0
0
0
0
0
0
0
0
0
0
0
0
0
0
0
1.68831
1.68831
0
0
0
0
1.68831
1.68831
1.68831
0
0
0
0
0
0
0
1.68831
1.68831
1.68831
0
0
0
1.68831
0
0
1.68436
1.68831
1.68363
1.67943
0
0
1.67606
1.68831
1.68831
0
0
0
0
0
0
0
0
0
0
0
0
0
0
0
0
0
0
0
0
0
0
0
0
0
0
0
0
0
0
0
0
0
0
0
0
0
0
0
0
0
0
0
0
0
0
0
0
0
0
0
0
0
0
0
0
1.66641
0
1.66641
1.66641
0
0
1.67594
0
1.668
0
1.66712
0
1.6671
1.66669
1.66641
1.66641
1.66641
0
0
1.66641
0
0
0
0
0
0
0
0
0
1.66983
1.67554
0
0
0
0
0
0
0
0
0
0
0
0
0
0
0
0
0
0
0
0
0
0
0
0
0
0
0
0
0
0
0
0
0
0
0
0
0
0
0
0
0
0
0
0
0
0
0
0
0
0
0
1.66668
0
1.66673
0
1.66691
0
1.66691
0
0
0
0
0
0
0
0
0
0
0
0
0
0
0
0
1.66686
1.66639
0
0
0
0
0
0
0
0
0
0
0
0
0
1.66697
1.6725
1.67343
1.6669
1.67017
0
0
0
0
0
0
0
0
0
0
0
0
0
0
0
0
0
0
1.67424
1.67856
1.67868
0
0
0
0
0
1.67589
1.67473
0
1.67395
1.67237
1.68581
1.67235
1.66957
1.67476
1.67176
1.66778
0
0
0
0
0
0
0
0
0
0
0
0
0
0
0
0
0
0
0
0
0
0
0
0
0
0
0
0
0
0
0
1.68751
1.68083
0
0
0
1.67314
1.6752
1.6874
1.67774
1.68819
0.837429
0.837188
0.836777
0.836702
0.837173
0.837042
0.836844
0.836822
0
0
0
0
0.836583
0.836191
0.836524
0
0.837062
0
0.835923
0.834921
0.834921
0.836101
0
0
0
0
0
0
0
0
0
0
0
0
0
0
0
0
0
0
0
0
0
0
0
0
0
0
0
0
0
0
0
0
0.834921
0
0
0
0
0
0
0
0.834932
0.834921
0
0
0.834921
0
0.834921
0
0
0.834921
0
0.834921
0.834921
0
0
0
0
0
0
0
0
0
0
0
0
0
0
0
0
0
0
0
0
0
0
0
0
0
0
0
0
0
0.834921
0.834921
0
0
0.834921
0
0.834921
0
0
0
0
0
0.834921
0.834921
0
0.834921
0
0.834921
0
0
0.834921
0.834921
0.834921
0.837223
0.837111
0.838074
0.837999
0.838041
0
0
0
0
0
0
0
0
0
0
0
0
0.83783
0
0.837644
0.836827
0
0
0.836768
0
0
0
0.837292
0.83682
0.836994
0
0
0
0
0
0
0
0
0
0
0
0
0
0
0
0
0
0
0
0
0
0
0
0
0
0
0
0
0
0.837209
0
0.836831
0
0
0
0
0
0
0
0
0
0
0
0
0
0
0
0
0
0
0
0
0
0
0
0
0
0
0
0
0
0
0
0
0
0
0
0
0
0
0
0
0
0
0
0
0
0
0
0
0
0
0
0
0
0
0
0
0
0
0
0
0
0
0
0
0
0
0
0
0
0.836208
0
0.835993
0.835858
0.836529
0
0
0
0
0
0
0.835803
0.836057
0.836985
0.836815
0.836792
0.836744
0.836593
0.836486
0.836124
0.836465
0
0
0.834968
0.835453
0
0
0
0
0
0
0
0
0
0
0
0
0
0
0
0.834921
0
0
0
0
0
0
0
0.835242
0.83541
0.834921
0.834921
0.834921
0.834921
0.834921
0
0.8356
0
0.834921
0.835617
0.834921
0.834921
1.68831
1.68831
1.68831
1.68831
1.68831
1.68831
1.68831
1.68831
1.68831
1.68831
1.68831
1.68831
1.68831
1.68831
1.68831
1.68831
1.68831
1.68831
1.68831
1.68831
1.68831
1.68831
1.68831
1.68831
1.68831
1.68831
1.68831
1.68831
1.68831
1.68831
1.68831
1.68831
1.68831
1.68831
1.68831
1.68831
1.68831
1.68831
1.68831
1.68831
1.68831
1.68831
1.68831
1.68831
1.68831
1.68831
1.68831
0.79251
0.79251
0.79251
0.79251
0.79251
0.79251
0.79251
0.79251
0.764754
0.764755
0.764754
0.764755
0.764754
0.778362
0.764755
0.764755
0.79251
0.79251
0.79251
0.785896
0.792506
0.792509
0.79251
0.79251
0.79251
0.79251
0.792509
0.79251
0.792509
0.792509
0.571943
0.571943
0.571943
0.571943
0.571943
0.571943
0.571943
0.571943
0.571943
0.571943
0.571943
0.571943
0.571943
0.571943
0.571943
0.571943
0.571943
0.571943
0.571943
0.571943
0.571943
0.571943
0.571944
0.571943
0.571943
0.571943
0.571943
0.571943
0.571943
0.571943
0.571943
0.571943
0.571943
0.571943
0.571943
0.571943
0.834921
0.836247
0.836247
0.836247
0.834921
0.835296
0.836247
0.836247
0.834922
0.834921
0.834921
0.834921
0.834921
0.834921
0.834921
0.834921
0.834921
0.834921
0.834921
0.834921
0.834921
0.834921
0.834921
0.834921
0.834921
0.834921
0.834921
0.834921
0.834921
0.834921
0.834921
0.834921
0.834921
0.834921
0.834921
0.836247
0.836247
0.836247
0.836248
0.836248
0.836247
0.836247
0.836247
0.836247
0.836247
0.836247
0.836247
0.836247
0.836247
0.834922
0.834921
0.834922
0.834922
0.834921
0.834921
0.836248
0.836247
0.836247
0.836247
0.835217
0.834921
0.834921
0.834922
0.834921
0.834921
0.834921
0.834921
0.834921
0.834921
0.834921
0.834921
0.834921
0.834921
0.834921
0.834921
0.834921
0.834921
0.3504
0.350401
0.3504
0.3504
0.3504
0.3504
0.350401
0.3504
0.3504
0.3504
0.3504
0.3504
0.3504
0.3504
0.3504
0.3504
0.3504
0.3504
0.350401
0.3504
0.3504
0.3504
0.3504
0.3504
0.3504
0.3504
0.3504
0.3504
0.442842
0.442842
0.442842
0.442842
0.442842
0.442842
0.442842
0.442842
0.442842
0.442842
0.442842
0.442842
0.442842
0.442842
0.442842
0.437719
0.437719
0.437719
0.437719
0.437719
0.437719
0.437719
0.437719
0.437719
0.437719
0.437719
0.437719
0.437719
0.437719
0.437719
0.437719
0.437719
0.437719
0.437719
0.437719
0.437719
0.437719
0.649784
0.64978
0.649779
0.649784
0.649781
0.649783
0.649784
0.649782
0.64978
0.649784
0.649776
0.649784
0.649784
0.649784
0.442842
0.442842
0.442842
0.442842
0.442842
0.442842
0.442842
0.442842
0.442842
0.442842
0.442842
0.442842
0.442842
0.442842
0.442842
0.442842
0.442842
0.575502
0.575502
0.575501
0.575502
0.575495
0.575494
0.575502
0.575499
0.575495
0.575502
0.575502
0.575502
0.575502
0.575502
1.66641
1.66641
1.66641
1.66641
1.66641
1.66641
1.66641
1.66641
1.66641
1.6679
1.66734
1.6679
1.6679
1.66641
1.66641
1.66641
1.66641
1.6679
1.67306
1.68824
1.66641
1.66641
1.66641
1.66641
1.66641
1.66641
1.66641
1.66641
1.66641
1.66641
1.66641
1.66641
1.66641
1.66641
1.66641
1.66641
1.66641
1.66641
1.66641
1.66641
1.66641
1.66641
1.66641
1.66641
1.68831
1.68831
1.68831
1.68831
1.68831
1.68831
1.68831
1.68831
1.68831
1.68831
1.68831
1.68831
1.68831
1.68831
1.68831
1.68831
1.68831
1.68831
1.68831
1.68831
1.68831
1.68831
1.68831
1.68831
1.68831
1.68831
1.68831
1.68831
1.68831
1.68831
1.66641
1.66641
1.66641
1.66641
1.6679
1.6679
1.6679
1.6679
1.66641
1.66641
1.66641
1.66641
1.66641
1.66711
1.6679
1.6679
1.6679
1.6679
1.6679
1.6679
1.67778
1.68831
1.68831
1.68831
1.68831
1.68831
1.68831
1.68831
1.68831
1.68831
1.68831
1.68831
1.68831
1.68831
1.68831
1.68831
1.68831
1.68831
1.68831
1.68831
1.68831
1.68831
1.68831
1.68831
1.68831
0.546917
0.546917
0.546917
0.546917
0.546917
0.546917
0.546917
0.546917
0.546917
0.546917
0.546917
0.546917
0.546917
0.546917
0.546917
0.546917
0.546917
0.546917
0.546917
0.546917
0.546917
0.546917
0.546917
0.546917
0.546917
0.546917
0.701998
0.701998
0.701998
0.701998
0.701998
0.701998
0.701998
0.701998
0.701998
0.701998
0.701998
0.701998
0.701998
0.701998
0.701998
0.701998
0.701998
0.70227
0.701998
0.701998
0.701998
0.701998
0.701998
0.701998
0.701998
0.701998
0.701998
0.701998
0.701998
0.701998
0.701998
0.701998
0.701998
0.701998
0.701998
0.701998
0.70286
0.70286
0.70286
0.70286
0.702217
0.701998
0.701998
0.701998
0.701998
0.701998
0.701998
0.701998
0.701998
0.701998
0.701998
0.701998
0.701998
0.701998
0.701998
0.701998
0.701998
0.555794
0.555794
0.555794
0.555794
0.555794
0.555794
0.555794
0.555794
0.555794
0.555794
0.555794
0.555794
0.555794
0.555794
0.555794
0.555794
0.555794
0.555794
0.555794
0.555794
0.555794
0.555794
0.555794
0.555794
0.555794
0.555794
0.555794
0.555794
0.555794
0.555794
0.555794
0.555794
0.555794
0.555794
0.546918
0.546917
0.546921
0.546917
0.546917
0.546917
0.546917
0.546917
0.546917
0.546917
0.834921
0.701998
)
;

boundaryField
{
    outerWall
    {
        type            calculated;
    }
    wall
    {
        type            calculated;
    }
    auto1
    {
        type            calculated;
    }
    auto2
    {
        type            calculated;
    }
    auto3
    {
        type            calculated;
    }
    auto4
    {
        type            calculated;
    }
    auto5
    {
        type            calculated;
    }
    auto6
    {
        type            calculated;
    }
    auto7
    {
        type            calculated;
    }
    auto8
    {
        type            calculated;
    }
    auto9
    {
        type            calculated;
    }
    auto10
    {
        type            calculated;
    }
    inlet
    {
        type            calculated;
    }
    auto12
    {
        type            calculated;
    }
}


// ************************************************************************* //
